date,vix_open,vix_high,vix_low,vix_close,vvix_close,skew_close,skew_cm30
1990-01-02,17.24,17.24,17.24,17.24,,126.09,125.08142857142857
1990-01-03,18.19,18.19,18.19,18.19,,123.34,122.52000000000001
1990-01-04,19.22,19.22,19.22,19.22,,122.62,121.92999999999999
1990-01-05,20.11,20.11,20.11,20.11,,121.27,120.54892857142858
1990-01-08,20.26,20.26,20.26,20.26,,124.12,123.44928571428571
1990-01-09,22.2,22.2,22.2,22.2,,119.82,119.26642857142856
1990-01-10,22.44,22.44,22.44,22.44,,120.82,120.34428571428572
1990-01-11,20.05,20.05,20.05,20.05,,107.48,107.89750000000001
1990-01-12,24.64,24.64,24.64,24.64,,116.78,116.35214285714285
1990-01-15,26.34,26.34,26.34,26.34,,116.16,
1990-01-16,24.18,24.18,24.18,24.18,,120.62,
1990-01-17,24.16,24.16,24.16,24.16,,123.03,
1990-01-18,24.34,24.34,24.34,24.34,,131.14,131.94
1990-01-19,22.5,22.5,22.5,22.5,,129.31,130.0125
1990-01-22,26.7,26.7,26.7,26.7,,118.95,119.38142857142857
1990-01-23,24.72,24.72,24.72,24.72,,117.94,117.94
1990-01-24,25.39,25.39,25.39,25.39,,128.75,129.2342857142857
1990-01-25,25.63,25.63,25.63,25.63,,124.33,124.805
1990-01-26,26.28,26.28,26.28,26.28,,122.76,123.06714285714285
1990-01-29,26.44,26.44,26.44,26.44,,124.6,125.0925
1990-01-30,27.25,27.25,27.25,27.25,,120.91,121.18142857142857
1990-01-31,25.36,25.36,25.36,25.36,,128.22,128.82535714285714
1990-02-01,24.87,24.87,24.87,24.87,,129.53,130.245
1990-02-02,24.32,24.32,24.32,24.32,,132.53,133.59071428571428
1990-02-05,24.54,24.54,24.54,24.54,,121.22,120.64642857142857
1990-02-06,24.69,24.69,24.69,24.69,,120.3,119.73964285714285
1990-02-07,24.29,24.29,24.29,24.29,,123.35,122.83857142857143
1990-02-08,23.77,23.77,23.77,23.77,,124.87,124.3125
1990-02-09,23.69,23.69,23.69,23.69,,126.06,125.55499999999999
1990-02-12,24.38,24.38,24.38,24.38,,126.99,
1990-02-13,23.76,23.76,23.76,23.76,,133.06,
1990-02-14,22.05,22.05,22.05,22.05,,131.55,
1990-02-15,19.71,19.71,19.71,19.71,,139.07,139.41
1990-02-16,20.78,20.78,20.78,20.78,,136.61,136.93890109890108
1990-02-20,22.78,22.78,22.78,22.78,,126.47,127.60142857142857
1990-02-21,23.89,23.89,23.89,23.89,,129.17,130.0202857142857
1990-02-22,22.54,22.54,22.54,22.54,,124.8,125.35400000000001
1990-02-23,23.69,23.69,23.69,23.69,,125.82,126.39685714285714
1990-02-26,23.56,23.56,23.56,23.56,,130.69,131.32657142857144
1990-02-27,22.69,22.69,22.69,22.69,,131.45,132.1142857142857
1990-02-28,21.99,21.99,21.99,21.99,,123.1,123.11685714285714
1990-03-01,21.9,21.9,21.9,21.9,,123.96,123.97
1990-03-02,21.34,21.34,21.34,21.34,,126.44,126.39857142857143
1990-03-05,22.03,22.03,22.03,22.03,,124.24,124.30371428571428
1990-03-06,20.55,20.55,20.55,20.55,,124.86,124.69057142857143
1990-03-07,19.1,19.1,19.1,19.1,,121.08,120.78428571428572
1990-03-08,19.74,19.74,19.74,19.74,,124.46,124.34400000000001
1990-03-09,20.3,20.3,20.3,20.3,,125.6,125.36628571428571
1990-03-12,20.07,20.07,20.07,20.07,,129.69,
1990-03-13,21.05,21.05,21.05,21.05,,128.07,
1990-03-14,19.65,19.65,19.65,19.65,,131.82,
1990-03-15,18.81,18.81,18.81,18.81,,133.02,
1990-03-16,17.62,17.62,17.62,17.62,,136.73,
1990-03-19,18.29,18.29,18.29,18.29,,138.69,
1990-03-20,19.06,19.06,19.06,19.06,,134.2,
1990-03-21,20.1,20.1,20.1,20.1,,132.58,
1990-03-22,22.74,22.74,22.74,22.74,,129.8,130.45
1990-03-23,20.46,20.46,20.46,20.46,,130.76,131.43678571428572
1990-03-26,19.59,19.59,19.59,19.59,,129.9,130.62857142857143
1990-03-27,21.01,21.01,21.01,21.01,,135.33,136.13857142857142
1990-03-28,19.77,19.77,19.77,19.77,,133.51,134.37071428571429
1990-03-29,18.46,18.46,18.46,18.46,,131.2,132.09
1990-03-30,19.73,19.73,19.73,19.73,,111.33,111.14
1990-04-02,22.84,22.84,22.84,22.84,,126.46,127.31464285714287
1990-04-03,20.44,20.44,20.44,20.44,,117.63,117.28
1990-04-04,22.03,22.03,22.03,22.03,,114.13,113.96821428571428
1990-04-05,21.21,21.21,21.21,21.21,,114.42,114.185
1990-04-06,21.76,21.76,21.76,21.76,,114.91,114.72821428571429
1990-04-09,22.3,22.3,22.3,22.3,,117.6,117.47571428571429
1990-04-10,21.69,21.69,21.69,21.69,,119.09,118.91499999999999
1990-04-11,17.73,17.73,17.73,17.73,,108.87,109.42714285714285
1990-04-12,19.8,19.8,19.8,19.8,,121.52,121.495
1990-04-16,20.75,20.75,20.75,20.75,,126.05,
1990-04-17,20.38,20.38,20.38,20.38,,131.24,
1990-04-18,22.67,22.67,22.67,22.67,,122.74,
1990-04-19,22.46,22.46,22.46,22.46,,120.77,120.9
1990-04-20,23.33,23.33,23.33,23.33,,120.88,121.04035714285715
1990-04-23,24.16,24.16,24.16,24.16,,120.03,120.18857142857144
1990-04-24,21.7,21.7,21.7,21.7,,124.56,124.97857142857143
1990-04-25,20.86,20.86,20.86,20.86,,127.03,127.58214285714286
1990-04-26,20.25,20.25,20.25,20.25,,124.51,124.86
1990-04-27,22.19,22.19,22.19,22.19,,118.84,119.02857142857142
1990-04-30,19.52,19.52,19.52,19.52,,110.49,109.92571428571428
1990-05-01,18.43,18.43,18.43,18.43,,111.99,111.53428571428572
1990-05-02,19.32,19.32,19.32,19.32,,128.49,129.42964285714285
1990-05-03,17.81,17.81,17.81,17.81,,114.27,113.89
1990-05-04,17.28,17.28,17.28,17.28,,116.35,116.0075
1990-05-07,17.65,17.65,17.65,17.65,,117.22,116.7792857142857
1990-05-08,18.49,18.49,18.49,18.49,,117.83,117.52607142857143
1990-05-09,18.64,18.64,18.64,18.64,,117.27,116.90857142857142
1990-05-10,18.59,18.59,18.59,18.59,,119.5,119.16
1990-05-11,19.81,19.81,19.81,19.81,,119.51,119.19857142857143
1990-05-14,20.14,20.14,20.14,20.14,,123.12,
1990-05-15,19.49,19.49,19.49,19.49,,125.1,
1990-05-16,17.71,17.71,17.71,17.71,,125.7,
1990-05-17,17.27,17.27,17.27,17.27,,121.95,121.97
1990-05-18,17.2,17.2,17.2,17.2,,124.68,124.73561224489796
1990-05-21,16.72,16.72,16.72,16.72,,127.35,127.41510204081634
1990-05-22,17.84,17.84,17.84,17.84,,124.88,124.77857142857142
1990-05-23,17.18,17.18,17.18,17.18,,118.8,118.3577142857143
1990-05-24,17.7,17.7,17.7,17.7,,117.3,116.986
1990-05-25,17.32,17.32,17.32,17.32,,111.93,112.21228571428571
1990-05-29,18.75,18.75,18.75,18.75,,122.18,121.89485714285715
1990-05-30,17.44,17.44,17.44,17.44,,119.88,119.62571428571428
1990-05-31,17.37,17.37,17.37,17.37,,120.21,119.848
1990-06-01,17.09,17.09,17.09,17.09,,119.33,118.90285714285714
1990-06-04,18.39,18.39,18.39,18.39,,122.78,122.21085714285715
1990-06-05,18.97,18.97,18.97,18.97,,121.22,120.85371428571429
1990-06-06,17.42,17.42,17.42,17.42,,121.45,120.95428571428572
1990-06-07,16.88,16.88,16.88,16.88,,123.99,123.706
1990-06-08,17.58,17.58,17.58,17.58,,122.13,121.886
1990-06-11,16.34,16.34,16.34,16.34,,132.14,
1990-06-12,16.6,16.6,16.6,16.6,,132.61,
1990-06-13,17.38,17.38,17.38,17.38,,131.51,
1990-06-14,17.4,17.4,17.4,17.4,,132.45,
1990-06-15,15.9,15.9,15.9,15.9,,138.31,
1990-06-18,17.71,17.71,17.71,17.71,,133.31,
1990-06-19,15.23,15.23,15.23,15.23,,136.21,
1990-06-20,15.27,15.27,15.27,15.27,,139.12,
1990-06-21,14.72,14.72,14.72,14.72,,142.57,143.55
1990-06-22,19.36,19.36,19.36,19.36,,139.62,141.42107142857145
1990-06-25,17.06,17.06,17.06,17.06,,106.8,107.08428571428571
1990-06-26,16.29,16.29,16.29,16.29,,104.65,104.89642857142857
1990-06-27,16.0,16.0,16.0,16.0,,106.54,106.74928571428572
1990-06-28,16.18,16.18,16.18,16.18,,107.42,107.625
1990-06-29,15.5,15.5,15.5,15.5,,107.31,107.4842857142857
1990-07-02,16.26,16.26,16.26,16.26,,108.16,108.36357142857143
1990-07-03,16.11,16.11,16.11,16.11,,107.62,107.81
1990-07-05,17.25,17.25,17.25,17.25,,105.08,105.265
1990-07-06,16.41,16.41,16.41,16.41,,107.27,107.52
1990-07-09,16.66,16.66,16.66,16.66,,106.5,106.73071428571428
1990-07-10,16.92,16.92,16.92,16.92,,105.19,105.46321428571427
1990-07-11,16.68,16.68,16.68,16.68,,107.84,108.08571428571429
1990-07-12,17.06,17.06,17.06,17.06,,109.71,110.015
1990-07-13,17.09,17.09,17.09,17.09,,109.33,109.57285714285715
1990-07-16,16.75,16.75,16.75,16.75,,108.65,
1990-07-17,16.66,16.66,16.66,16.66,,107.65,
1990-07-18,18.9,18.9,18.9,18.9,,133.75,
1990-07-19,18.56,18.56,18.56,18.56,,137.94,138.56
1990-07-20,15.63,15.63,15.63,15.63,,109.71,109.29057142857143
1990-07-23,23.68,23.68,23.68,23.68,,127.13,127.42457142857143
1990-07-24,21.79,21.79,21.79,21.79,,127.61,128.1
1990-07-25,20.19,20.19,20.19,20.19,,130.85,131.42457142857143
1990-07-26,20.26,20.26,20.26,20.26,,131.0,131.606
1990-07-27,21.12,21.12,21.12,21.12,,127.62,128.19542857142858
1990-07-30,21.16,21.16,21.16,21.16,,132.44,133.18114285714285
1990-07-31,21.11,21.11,21.11,21.11,,132.07,132.90371428571427
1990-08-01,21.64,21.64,21.64,21.64,,131.01,131.8257142857143
1990-08-02,20.43,20.43,20.43,20.43,,110.08,109.708
1990-08-03,28.74,28.74,28.74,28.74,,119.6,119.90285714285714
1990-08-06,35.91,35.91,35.91,35.91,,114.65,114.64857142857143
1990-08-07,32.75,32.75,32.75,32.75,,119.09,119.37342857142858
1990-08-08,28.27,28.27,28.27,28.27,,125.19,125.84428571428572
1990-08-09,24.39,24.39,24.39,24.39,,128.9,129.85
1990-08-10,25.75,25.75,25.75,25.75,,123.01,123.51914285714285
1990-08-13,25.74,25.74,25.74,25.74,,119.34,
1990-08-14,24.18,24.18,24.18,24.18,,120.52,
1990-08-15,23.31,23.31,23.31,23.31,,120.04,
1990-08-16,27.16,27.16,27.16,27.16,,117.18,
1990-08-17,27.53,27.53,27.53,27.53,,117.36,
1990-08-20,26.46,26.46,26.46,26.46,,118.36,
1990-08-21,28.9,28.9,28.9,28.9,,114.52,
1990-08-22,30.55,30.55,30.55,30.55,,112.49,
1990-08-23,36.47,36.47,36.47,36.47,,110.92,111.18
1990-08-24,33.93,33.93,33.93,33.93,,113.42,113.54535714285714
1990-08-27,29.63,29.63,29.63,29.63,,117.69,117.85142857142857
1990-08-28,29.12,29.12,29.12,29.12,,117.9,118.0425
1990-08-29,27.38,27.38,27.38,27.38,,118.63,118.74714285714285
1990-08-30,29.89,29.89,29.89,29.89,,116.74,116.9325
1990-08-31,29.9,29.9,29.9,29.9,,119.48,119.68142857142857
1990-09-04,29.58,29.58,29.58,29.58,,119.92,120.16857142857143
1990-09-05,28.52,28.52,28.52,28.52,,119.88,120.15392857142857
1990-09-06,30.19,30.19,30.19,30.19,,116.98,117.22999999999999
1990-09-07,28.73,28.73,28.73,28.73,,117.82,118.0657142857143
1990-09-10,29.34,29.34,29.34,29.34,,118.77,119.15928571428572
1990-09-11,28.38,28.38,28.38,28.38,,119.16,119.51035714285715
1990-09-12,28.12,28.12,28.12,28.12,,118.28,118.38142857142857
1990-09-13,29.33,29.33,29.33,29.33,,116.91,117.05
1990-09-14,30.56,30.56,30.56,30.56,,119.03,119.74428571428571
1990-09-17,29.55,29.55,29.55,29.55,,116.8,
1990-09-18,28.82,28.82,28.82,28.82,,117.49,
1990-09-19,27.88,27.88,27.88,27.88,,116.48,
1990-09-20,28.66,28.66,28.66,28.66,,115.88,116.04
1990-09-21,30.04,30.04,30.04,30.04,,118.22,118.41
1990-09-24,30.56,30.56,30.56,30.56,,111.3,111.99857142857142
1990-09-25,28.81,28.81,28.81,28.81,,115.72,116.04321428571428
1990-09-26,28.19,28.19,28.19,28.19,,114.76,115.06928571428571
1990-09-27,28.67,28.67,28.67,28.67,,112.85,113.09
1990-09-28,29.11,29.11,29.11,29.11,,113.24,113.41285714285713
1990-10-01,28.06,28.06,28.06,28.06,,116.56,116.80178571428571
1990-10-02,27.28,27.28,27.28,27.28,,116.81,117.10428571428571
1990-10-03,27.9,27.9,27.9,27.9,,115.6,115.91285714285713
1990-10-04,27.51,27.51,27.51,27.51,,116.16,116.47999999999999
1990-10-05,27.85,27.85,27.85,27.85,,117.23,117.65428571428572
1990-10-08,28.04,28.04,28.04,28.04,,116.49,116.84428571428572
1990-10-09,30.71,30.71,30.71,30.71,,112.8,113.12214285714286
1990-10-10,31.19,31.19,31.19,31.19,,110.65,110.87714285714286
1990-10-11,33.98,33.98,33.98,33.98,,109.78,110.0975
1990-10-12,31.94,31.94,31.94,31.94,,111.92,112.43214285714285
1990-10-15,31.64,31.64,31.64,31.64,,112.35,
1990-10-16,31.45,31.45,31.45,31.45,,111.07,
1990-10-17,31.37,31.37,31.37,31.37,,111.74,
1990-10-18,29.6,29.6,29.6,29.6,,114.65,114.82
1990-10-19,27.86,27.86,27.86,27.86,,117.56,117.77342857142857
1990-10-22,27.27,27.27,27.27,27.27,,116.11,116.29542857142857
1990-10-23,27.57,27.57,27.57,27.57,,115.13,115.3157142857143
1990-10-24,28.28,28.28,28.28,28.28,,116.17,116.35885714285713
1990-10-25,29.04,29.04,29.04,29.04,,114.75,114.926
1990-10-26,30.75,30.75,30.75,30.75,,111.79,111.92
1990-10-29,31.54,31.54,31.54,31.54,,112.35,112.52228571428572
1990-10-30,30.52,30.52,30.52,30.52,,113.42,113.64342857142857
1990-10-31,30.04,30.04,30.04,30.04,,113.97,114.24
1990-11-01,30.25,30.25,30.25,30.25,,112.53,112.654
1990-11-02,30.03,30.03,30.03,30.03,,115.29,115.50857142857143
1990-11-05,29.85,29.85,29.85,29.85,,114.48,114.614
1990-11-06,29.11,29.11,29.11,29.11,,114.47,114.66942857142857
1990-11-07,30.87,30.87,30.87,30.87,,114.59,114.87714285714286
1990-11-08,30.79,30.79,30.79,30.79,,114.66,114.91799999999999
1990-11-09,26.96,26.96,26.96,26.96,,117.11,117.4222857142857
1990-11-12,25.6,25.6,25.6,25.6,,115.57,
1990-11-13,24.58,24.58,24.58,24.58,,116.1,
1990-11-14,22.89,22.89,22.89,22.89,,117.02,
1990-11-15,22.57,22.57,22.57,22.57,,116.97,
1990-11-16,21.34,21.34,21.34,21.34,,119.97,
1990-11-19,20.95,20.95,20.95,20.95,,121.28,
1990-11-20,20.09,20.09,20.09,20.09,,118.28,
1990-11-21,21.09,21.09,21.09,21.09,,119.28,
1990-11-23,20.98,20.98,20.98,20.98,,116.37,116.58857142857143
1990-11-26,22.76,22.76,22.76,22.76,,118.33,118.61428571428571
1990-11-27,22.86,22.86,22.86,22.86,,119.45,119.735
1990-11-28,22.96,22.96,22.96,22.96,,120.15,120.5157142857143
1990-11-29,23.91,23.91,23.91,23.91,,117.71,117.9375
1990-11-30,22.16,22.16,22.16,22.16,,122.65,123.06
1990-12-03,22.29,22.29,22.29,22.29,,122.24,122.57249999999999
1990-12-04,22.03,22.03,22.03,22.03,,124.37,124.83571428571429
1990-12-05,20.94,20.94,20.94,20.94,,127.38,127.7875
1990-12-06,22.62,22.62,22.62,22.62,,126.31,126.8
1990-12-07,22.59,22.59,22.59,22.59,,124.43,124.89285714285714
1990-12-10,23.58,23.58,23.58,23.58,,125.1,125.80857142857143
1990-12-11,23.75,23.75,23.75,23.75,,125.98,126.88714285714286
1990-12-12,21.28,21.28,21.28,21.28,,128.57,129.78
1990-12-13,23.05,23.05,23.05,23.05,,122.57,122.64750000000001
1990-12-14,23.85,23.85,23.85,23.85,,122.14,122.38
1990-12-17,24.85,24.85,24.85,24.85,,120.45,
1990-12-18,23.11,23.11,23.11,23.11,,123.99,
1990-12-19,23.08,23.08,23.08,23.08,,126.31,
1990-12-20,23.13,23.13,23.13,23.13,,122.35,122.52
1990-12-21,22.66,22.66,22.66,22.66,,129.61,129.93375
1990-12-24,24.03,24.03,24.03,24.03,,121.29,122.10714285714286
1990-12-26,24.18,24.18,24.18,24.18,,127.3,127.69714285714285
1990-12-27,24.81,24.81,24.81,24.81,,124.79,125.1525
1990-12-28,25.05,25.05,25.05,25.05,,127.59,128.1342857142857
1990-12-31,26.38,26.38,26.38,26.38,,126.57,127.09107142857144
1991-01-02,26.62,26.62,26.62,26.62,,121.35,121.69392857142857
1991-01-03,27.93,27.93,27.93,27.93,,122.76,123.3
1991-01-04,27.19,27.19,27.19,27.19,,121.95,122.42392857142856
1991-01-07,28.95,28.95,28.95,28.95,,118.12,118.43428571428572
1991-01-08,30.38,30.38,30.38,30.38,,116.76,117.09678571428572
1991-01-09,33.3,33.3,33.3,33.3,,114.26,114.69428571428571
1991-01-10,31.33,31.33,31.33,31.33,,117.28,117.71
1991-01-11,32.63,32.63,32.63,32.63,,114.58,114.91142857142857
1991-01-14,36.2,36.2,36.2,36.2,,112.38,
1991-01-15,36.16,36.16,36.16,36.16,,112.71,
1991-01-16,33.2,33.2,33.2,33.2,,115.85,
1991-01-17,27.45,27.45,27.45,27.45,,121.72,121.97
1991-01-18,25.39,25.39,25.39,25.39,,125.61,125.98571428571428
1991-01-21,24.33,24.33,24.33,24.33,,122.41,122.69571428571429
1991-01-22,24.9,24.9,24.9,24.9,,117.94,118.11142857142858
1991-01-23,23.92,23.92,23.92,23.92,,118.15,118.31571428571428
1991-01-24,22.86,22.86,22.86,22.86,,121.9,122.215
1991-01-25,22.2,22.2,22.2,22.2,,124.2,124.60714285714286
1991-01-28,23.05,23.05,23.05,23.05,,122.91,123.31214285714286
1991-01-29,23.17,23.17,23.17,23.17,,122.53,122.93857142857142
1991-01-30,21.37,21.37,21.37,21.37,,127.44,128.10964285714286
1991-01-31,20.91,20.91,20.91,20.91,,121.65,121.575
1991-02-01,21.04,21.04,21.04,21.04,,121.25,121.16571428571429
1991-02-04,21.86,21.86,21.86,21.86,,123.21,123.37
1991-02-05,21.46,21.46,21.46,21.46,,123.92,124.08928571428572
1991-02-06,22.68,22.68,22.68,22.68,,121.1,
1991-02-07,23.6,23.6,23.6,23.6,,121.24,121.255
1991-02-08,23.38,23.38,23.38,23.38,,121.05,121.12285714285714
1991-02-11,22.56,22.56,22.56,22.56,,121.53,
1991-02-12,22.26,22.26,22.26,22.26,,121.19,
1991-02-13,20.86,20.86,20.86,20.86,,123.69,
1991-02-14,21.48,21.48,21.48,21.48,,120.58,120.64
1991-02-15,19.57,19.57,19.57,19.57,,118.94,118.93663265306122
1991-02-19,19.84,19.84,19.84,19.84,,112.38,112.81285714285714
1991-02-20,22.26,22.26,22.26,22.26,,114.96,115.03885714285714
1991-02-21,20.78,20.78,20.78,20.78,,113.82,113.85799999999999
1991-02-22,21.01,21.01,21.01,21.01,,114.92,114.81428571428572
1991-02-25,22.86,22.86,22.86,22.86,,114.76,114.52828571428572
1991-02-26,20.38,20.38,20.38,20.38,,108.57,109.036
1991-02-27,21.26,21.26,21.26,21.26,,117.38,117.146
1991-02-28,21.23,21.23,21.23,21.23,,116.37,116.088
1991-03-01,,,,,,116.36,116.13428571428571
1991-03-04,20.86,20.86,20.86,20.86,,117.93,117.53542857142857
1991-03-05,20.45,20.45,20.45,20.45,,122.89,122.24
1991-03-06,20.55,20.55,20.55,20.55,,119.4,119.03
1991-03-07,21.05,21.05,21.05,21.05,,118.56,118.28999999999999
1991-03-08,20.81,20.81,20.81,20.81,,118.51,118.10514285714287
1991-03-11,20.88,20.88,20.88,20.88,,123.92,
1991-03-12,18.82,18.82,18.82,18.82,,125.66,
1991-03-13,16.09,16.09,16.09,16.09,,131.94,
1991-03-14,14.94,14.94,14.94,14.94,,101.79,
1991-03-15,14.9,14.9,14.9,14.9,,102.73,
1991-03-18,15.79,15.79,15.79,15.79,,103.53,
1991-03-19,16.11,16.11,16.11,16.11,,101.23,
1991-03-20,16.04,16.04,16.04,16.04,,102.81,
1991-03-21,16.86,16.86,16.86,16.86,,101.31,101.03
1991-03-22,16.49,16.49,16.49,16.49,,103.4,103.0607142857143
1991-03-25,16.76,16.76,16.76,16.76,,104.07,103.65714285714286
1991-03-26,16.31,16.31,16.31,16.31,,106.65,106.17964285714285
1991-03-27,16.55,16.55,16.55,16.55,,103.53,103.67642857142857
1991-03-28,16.88,16.88,16.88,16.88,,105.67,105.405
1991-04-01,17.42,17.42,17.42,17.42,,105.75,105.51
1991-04-02,17.4,17.4,17.4,17.4,,109.35,108.98571428571428
1991-04-03,17.61,17.61,17.61,17.61,,108.82,108.425
1991-04-04,18.01,18.01,18.01,18.01,,109.35,109.035
1991-04-05,17.63,17.63,17.63,17.63,,108.51,108.18857142857142
1991-04-08,17.41,17.41,17.41,17.41,,104.12,104.25642857142857
1991-04-09,20.12,20.12,20.12,20.12,,109.05,108.76892857142857
1991-04-10,19.73,19.73,19.73,19.73,,109.56,109.19
1991-04-11,17.24,17.24,17.24,17.24,,105.74,105.83500000000001
1991-04-12,18.45,18.45,18.45,18.45,,116.64,116.30285714285714
1991-04-15,16.5,16.5,16.5,16.5,,118.66,
1991-04-16,15.82,15.82,15.82,15.82,,122.71,
1991-04-17,15.47,15.47,15.47,15.47,,123.42,
1991-04-18,16.26,16.26,16.26,16.26,,106.57,106.12
1991-04-19,15.68,15.68,15.68,15.68,,105.7,105.22485714285713
1991-04-22,16.78,16.78,16.78,16.78,,105.82,105.36257142857143
1991-04-23,17.02,17.02,17.02,17.02,,106.68,106.22428571428571
1991-04-24,16.72,16.72,16.72,16.72,,107.09,106.61828571428572
1991-04-25,17.15,17.15,17.15,17.15,,107.9,107.496
1991-04-26,17.27,17.27,17.27,17.27,,108.51,108.06514285714285
1991-04-29,18.27,18.27,18.27,18.27,,108.57,108.17314285714286
1991-04-30,18.24,18.24,18.24,18.24,,109.06,108.47342857142857
1991-05-01,17.77,17.77,17.77,17.77,,110.9,110.41542857142858
1991-05-02,17.52,17.52,17.52,17.52,,111.43,110.934
1991-05-03,17.24,17.24,17.24,17.24,,110.58,110.21
1991-05-06,17.92,17.92,17.92,17.92,,112.86,112.56771428571429
1991-05-07,17.46,17.46,17.46,17.46,,111.53,111.208
1991-05-08,17.78,17.78,17.78,17.78,,113.96,113.64571428571429
1991-05-09,17.17,17.17,17.17,17.17,,114.01,113.71
1991-05-10,17.54,17.54,17.54,17.54,,113.66,113.47028571428572
1991-05-13,17.66,17.66,17.66,17.66,,117.42,
1991-05-14,18.0,18.0,18.0,18.0,,115.69,
1991-05-15,18.38,18.38,18.38,18.38,,116.98,
1991-05-16,17.24,17.24,17.24,17.24,,117.07,
1991-05-17,16.64,16.64,16.64,16.64,,117.32,
1991-05-20,17.1,17.1,17.1,17.1,,116.42,
1991-05-21,16.07,16.07,16.07,16.07,,116.61,
1991-05-22,16.16,16.16,16.16,16.16,,116.29,
1991-05-23,16.11,16.11,16.11,16.11,,115.98,116.01
1991-05-24,15.23,15.23,15.23,15.23,,116.19,116.1425
1991-05-28,15.67,15.67,15.67,15.67,,122.33,122.49035714285714
1991-05-29,15.9,15.9,15.9,15.9,,120.96,121.12357142857142
1991-05-30,16.02,16.02,16.02,16.02,,116.11,115.825
1991-05-31,15.93,15.93,15.93,15.93,,117.2,117.07142857142857
1991-06-03,16.87,16.87,16.87,16.87,,115.62,115.24642857142857
1991-06-04,16.17,16.17,16.17,16.17,,114.51,114.13571428571429
1991-06-05,16.4,16.4,16.4,16.4,,111.76,111.545
1991-06-06,16.93,16.93,16.93,16.93,,112.28,112.08500000000001
1991-06-07,16.98,16.98,16.98,16.98,,113.52,113.30071428571428
1991-06-10,17.47,17.47,17.47,17.47,,112.37,112.09785714285715
1991-06-11,17.32,17.32,17.32,17.32,,113.45,113.1282142857143
1991-06-12,17.72,17.72,17.72,17.72,,115.11,114.90714285714286
1991-06-13,16.99,16.99,16.99,16.99,,116.36,116.12
1991-06-14,15.98,15.98,15.98,15.98,,121.08,121.06571428571428
1991-06-17,15.5,15.5,15.5,15.5,,116.07,
1991-06-18,16.14,16.14,16.14,16.14,,116.71,
1991-06-19,17.44,17.44,17.44,17.44,,118.7,
1991-06-20,16.75,16.75,16.75,16.75,,119.72,119.83
1991-06-21,16.51,16.51,16.51,16.51,,124.86,125.05269841269842
1991-06-24,18.28,18.28,18.28,18.28,,115.96,116.63571428571429
1991-06-25,17.85,17.85,17.85,17.85,,117.0,117.20535714285714
1991-06-26,17.98,17.98,17.98,17.98,,116.36,116.47714285714287
1991-06-27,17.87,17.87,17.87,17.87,,118.29,118.3675
1991-06-28,19.55,19.55,19.55,19.55,,114.98,115.15428571428572
1991-07-01,18.64,18.64,18.64,18.64,,112.49,112.06678571428571
1991-07-02,17.63,17.63,17.63,17.63,,112.56,112.09
1991-07-03,19.47,19.47,19.47,19.47,,110.56,110.18214285714286
1991-07-05,18.35,18.35,18.35,18.35,,118.18,118.5175
1991-07-08,20.29,20.29,20.29,20.29,,120.97,121.52571428571429
1991-07-09,19.76,19.76,19.76,19.76,,113.87,113.56142857142858
1991-07-10,19.19,19.19,19.19,19.19,,113.36,113.06428571428572
1991-07-11,17.39,17.39,17.39,17.39,,116.53,116.38
1991-07-12,18.29,18.29,18.29,18.29,,119.14,118.9857142857143
1991-07-15,17.78,17.78,17.78,17.78,,122.07,
1991-07-16,17.49,17.49,17.49,17.49,,119.81,
1991-07-17,17.52,17.52,17.52,17.52,,119.25,
1991-07-18,15.77,15.77,15.77,15.77,,121.07,121.08
1991-07-19,15.5,15.5,15.5,15.5,,123.06,123.1602857142857
1991-07-22,16.9,16.9,16.9,16.9,,123.02,123.11800000000001
1991-07-23,16.58,16.58,16.58,16.58,,120.08,120.11571428571428
1991-07-24,16.41,16.41,16.41,16.41,,110.45,110.04914285714285
1991-07-25,15.74,15.74,15.74,15.74,,111.61,111.198
1991-07-26,15.45,15.45,15.45,15.45,,111.76,111.24142857142857
1991-07-29,15.67,15.67,15.67,15.67,,114.3,113.87057142857142
1991-07-30,15.47,15.47,15.47,15.47,,112.31,112.12914285714287
1991-07-31,15.18,15.18,15.18,15.18,,111.5,111.32942857142858
1991-08-01,15.47,15.47,15.47,15.47,,107.71,107.61
1991-08-02,15.26,15.26,15.26,15.26,,109.76,109.71428571428572
1991-08-05,15.92,15.92,15.92,15.92,,109.02,108.95257142857143
1991-08-06,15.54,15.54,15.54,15.54,,108.92,108.82257142857142
1991-08-07,15.56,15.56,15.56,15.56,,109.92,109.88857142857142
1991-08-08,15.98,15.98,15.98,15.98,,109.62,109.626
1991-08-09,15.45,15.45,15.45,15.45,,108.84,108.85571428571428
1991-08-12,15.26,15.26,15.26,15.26,,109.6,
1991-08-13,14.73,14.73,14.73,14.73,,111.26,
1991-08-14,15.09,15.09,15.09,15.09,,110.7,
1991-08-15,15.19,15.19,15.19,15.19,,110.86,
1991-08-16,16.01,16.01,16.01,16.01,,112.48,
1991-08-19,21.19,21.19,21.19,21.19,,119.37,
1991-08-20,18.86,18.86,18.86,18.86,,117.23,
1991-08-21,15.62,15.62,15.62,15.62,,114.03,
1991-08-22,14.59,14.59,14.59,14.59,,110.41,110.51
1991-08-23,14.41,14.41,14.41,14.41,,111.17,111.25321428571428
1991-08-26,14.81,14.81,14.81,14.81,,112.74,112.83285714285715
1991-08-27,15.46,15.46,15.46,15.46,,113.32,112.99071428571429
1991-08-28,15.31,15.31,15.31,15.31,,114.6,114.26
1991-08-29,14.82,14.82,14.82,14.82,,114.69,114.39
1991-08-30,14.46,14.46,14.46,14.46,,115.36,115.13142857142857
1991-09-03,16.57,16.57,16.57,16.57,,114.62,114.40428571428572
1991-09-04,17.18,17.18,17.18,17.18,,114.14,113.93714285714285
1991-09-05,17.31,17.31,17.31,17.31,,114.61,114.44999999999999
1991-09-06,16.76,16.76,16.76,16.76,,114.5,114.37857142857143
1991-09-09,17.73,17.73,17.73,17.73,,114.78,114.63
1991-09-10,18.22,18.22,18.22,18.22,,114.59,114.37142857142857
1991-09-11,17.96,17.96,17.96,17.96,,114.72,114.51714285714286
1991-09-12,16.21,16.21,16.21,16.21,,115.24,115.08500000000001
1991-09-13,17.88,17.88,17.88,17.88,,115.25,115.1392857142857
1991-09-16,17.82,17.82,17.82,17.82,,109.18,
1991-09-17,17.68,17.68,17.68,17.68,,116.36,
1991-09-18,17.56,17.56,17.56,17.56,,117.85,
1991-09-19,17.56,17.56,17.56,17.56,,107.99,107.89
1991-09-20,17.08,17.08,17.08,17.08,,120.99,121.13603174603175
1991-09-23,16.38,16.38,16.38,16.38,,108.5,108.5442857142857
1991-09-24,16.04,16.04,16.04,16.04,,109.78,109.55357142857143
1991-09-25,15.68,15.68,15.68,15.68,,110.82,110.55357142857143
1991-09-26,15.35,15.35,15.35,15.35,,108.89,109.0625
1991-09-27,16.31,16.31,16.31,16.31,,108.36,108.54142857142857
1991-09-30,15.85,15.85,15.85,15.85,,112.13,111.905
1991-10-01,14.81,14.81,14.81,14.81,,112.65,112.42571428571428
1991-10-02,15.81,15.81,15.81,15.81,,111.58,111.29714285714286
1991-10-03,17.04,17.04,17.04,17.04,,105.71,105.86500000000001
1991-10-04,15.63,15.63,15.63,15.63,,103.93,103.98214285714285
1991-10-07,18.58,18.58,18.58,18.58,,109.8,109.57357142857143
1991-10-08,17.81,17.81,17.81,17.81,,111.17,110.99035714285715
1991-10-09,18.54,18.54,18.54,18.54,,109.44,109.23
1991-10-10,17.8,17.8,17.8,17.8,,103.82,103.985
1991-10-11,17.6,17.6,17.6,17.6,,104.66,104.96785714285714
1991-10-14,16.71,16.71,16.71,16.71,,107.26,
1991-10-15,16.22,16.22,16.22,16.22,,106.99,
1991-10-16,14.85,14.85,14.85,14.85,,106.17,
1991-10-17,16.32,16.32,16.32,16.32,,107.81,107.63
1991-10-18,15.87,15.87,15.87,15.87,,110.28,110.14
1991-10-21,16.66,16.66,16.66,16.66,,108.97,108.7762857142857
1991-10-22,16.55,16.55,16.55,16.55,,107.68,107.48142857142857
1991-10-23,16.26,16.26,16.26,16.26,,108.42,108.23714285714286
1991-10-24,15.62,15.62,15.62,15.62,,107.0,106.774
1991-10-25,15.75,15.75,15.75,15.75,,107.45,107.234
1991-10-28,15.45,15.45,15.45,15.45,,107.96,107.82828571428571
1991-10-29,15.55,15.55,15.55,15.55,,109.14,109.03399999999999
1991-10-30,15.46,15.46,15.46,15.46,,110.2,110.18457142857143
1991-10-31,15.48,15.48,15.48,15.48,,109.63,109.522
1991-11-01,15.6,15.6,15.6,15.6,,110.19,110.16714285714286
1991-11-04,16.35,16.35,16.35,16.35,,110.87,110.87371428571429
1991-11-05,16.48,16.48,16.48,16.48,,110.11,110.068
1991-11-06,16.47,16.47,16.47,16.47,,110.91,110.96285714285713
1991-11-07,15.97,15.97,15.97,15.97,,110.4,110.532
1991-11-08,15.43,15.43,15.43,15.43,,110.37,110.28742857142858
1991-11-11,14.89,14.89,14.89,14.89,,109.45,
1991-11-12,14.04,14.04,14.04,14.04,,109.91,
1991-11-13,13.95,13.95,13.95,13.95,,109.81,
1991-11-14,13.96,13.96,13.96,13.96,,110.23,
1991-11-15,21.18,21.18,21.18,21.18,,114.77,
1991-11-18,18.28,18.28,18.28,18.28,,116.46,
1991-11-19,20.34,20.34,20.34,20.34,,119.79,
1991-11-20,20.4,20.4,20.4,20.4,,115.57,
1991-11-21,19.11,19.11,19.11,19.11,,114.38,114.59
1991-11-22,21.2,21.2,21.2,21.2,,111.76,111.96214285714287
1991-11-25,21.92,21.92,21.92,21.92,,115.37,115.75571428571428
1991-11-26,19.8,19.8,19.8,19.8,,117.42,117.70428571428572
1991-11-27,19.84,19.84,19.84,19.84,,115.38,115.62071428571429
1991-11-29,20.26,20.26,20.26,20.26,,110.22,110.23857142857142
1991-12-02,20.18,20.18,20.18,20.18,,115.39,115.40392857142857
1991-12-03,19.7,19.7,19.7,19.7,,114.43,114.42714285714285
1991-12-04,19.54,19.54,19.54,19.54,,114.97,114.97142857142858
1991-12-05,20.19,20.19,20.19,20.19,,113.28,113.28999999999999
1991-12-06,19.04,19.04,19.04,19.04,,115.49,115.56535714285714
1991-12-09,19.74,19.74,19.74,19.74,,113.94,113.79928571428572
1991-12-10,19.89,19.89,19.89,19.89,,113.16,113.01
1991-12-11,20.57,20.57,20.57,20.57,,113.39,113.24142857142857
1991-12-12,19.08,19.08,19.08,19.08,,115.94,115.89
1991-12-13,17.88,17.88,17.88,17.88,,116.11,116.11071428571428
1991-12-16,17.62,17.62,17.62,17.62,,116.96,
1991-12-17,18.12,18.12,18.12,18.12,,118.88,
1991-12-18,17.78,17.78,17.78,17.78,,119.46,
1991-12-19,17.96,17.96,17.96,17.96,,120.35,120.42
1991-12-20,17.65,17.65,17.65,17.65,,122.39,122.4984126984127
1991-12-23,16.61,16.61,16.61,16.61,,125.9,126.0142857142857
1991-12-24,15.67,15.67,15.67,15.67,,127.03,127.31285714285714
1991-12-26,15.44,15.44,15.44,15.44,,115.19,114.906
1991-12-27,15.7,15.7,15.7,15.7,,114.23,113.77285714285715
1991-12-30,17.63,17.63,17.63,17.63,,114.25,113.90857142857142
1991-12-31,19.31,19.31,19.31,19.31,,113.55,113.36514285714286
1992-01-02,19.69,20.15,18.88,18.95,,116.06,115.80799999999999
1992-01-03,17.04,19.23,17.04,18.75,,116.28,116.16285714285713
1992-01-06,16.23,19.49,16.08,18.96,,115.67,115.54914285714285
1992-01-07,20.3,20.3,19.12,19.23,,116.35,116.206
1992-01-08,17.53,19.27,17.3,18.72,,115.53,115.35571428571428
1992-01-09,17.58,19.41,17.58,18.96,,116.48,116.35799999999999
1992-01-10,18.5,18.89,18.3,18.45,,116.82,116.85714285714286
1992-01-13,19.05,19.05,18.01,18.01,,118.2,
1992-01-14,17.73,17.73,16.16,17.01,,121.46,
1992-01-15,17.81,17.91,17.31,17.39,,121.98,
1992-01-16,18.43,18.43,17.42,17.64,,110.85,
1992-01-17,16.59,16.77,16.01,16.32,,109.7,
1992-01-20,16.57,16.72,16.24,16.42,,110.9,
1992-01-21,16.74,18.19,16.6,17.92,,110.2,
1992-01-22,17.54,17.58,16.72,16.75,,111.8,
1992-01-23,15.48,16.73,15.4,16.46,,109.78,109.52
1992-01-24,16.23,16.33,15.65,16.24,,110.29,110.04249999999999
1992-01-27,16.15,16.82,16.15,16.67,,110.34,110.11571428571428
1992-01-28,17.07,17.7,16.99,17.67,,110.66,110.40964285714286
1992-01-29,16.57,18.04,16.05,17.62,,110.73,110.58714285714285
1992-01-30,16.87,17.75,16.87,17.49,,111.67,111.44500000000001
1992-01-31,14.16,17.51,14.12,17.4,,110.93,110.79714285714286
1992-02-03,17.08,19.21,17.01,18.2,,112.16,112.00071428571428
1992-02-04,17.16,18.72,16.84,17.96,,112.85,112.61714285714285
1992-02-05,18.15,18.35,17.98,18.22,,112.65,112.38071428571428
1992-02-06,18.8,18.93,18.64,18.79,,113.77,113.5
1992-02-07,18.43,19.31,18.13,18.51,,112.3,112.19714285714286
1992-02-10,19.24,19.25,18.55,18.56,,113.68,113.7342857142857
1992-02-11,19.24,18.57,17.61,17.7,,112.85,112.71142857142857
1992-02-12,18.22,18.23,17.37,17.37,,112.02,112.08142857142857
1992-02-13,15.42,18.03,15.35,17.45,,113.71,113.6925
1992-02-14,17.52,17.62,16.81,17.03,,112.84,112.68428571428572
1992-02-18,17.79,18.32,17.38,18.22,,113.39,
1992-02-19,17.79,17.69,16.85,17.16,,110.76,
1992-02-20,15.66,17.32,15.59,16.72,,111.02,110.92
1992-02-21,15.75,17.41,15.75,16.87,,114.47,114.53035714285714
1992-02-24,17.47,17.55,17.07,17.13,,111.1,111.03714285714285
1992-02-25,15.86,17.1,15.52,16.35,,110.69,110.64142857142858
1992-02-26,15.66,16.74,15.66,16.64,,110.07,110.44928571428572
1992-02-27,16.97,17.08,16.36,16.51,,112.67,112.6
1992-02-28,15.34,17.17,15.34,16.68,,109.06,109.47285714285714
1992-03-02,17.44,17.5,16.88,16.88,,108.33,108.73714285714286
1992-03-03,17.36,17.41,16.92,17.26,,112.48,112.38
1992-03-04,17.82,17.92,17.43,17.89,,106.06,106.50678571428571
1992-03-05,18.57,18.89,17.94,18.47,,111.85,111.875
1992-03-06,18.25,20.04,18.14,19.75,,110.92,111.03785714285715
1992-03-09,20.67,20.68,19.66,19.68,,111.23,111.29642857142856
1992-03-10,19.62,19.63,18.6,18.68,,112.8,112.78607142857143
1992-03-11,19.23,20.34,19.18,19.79,,112.0,112.14857142857143
1992-03-12,19.47,21.06,19.47,19.72,,112.35,112.5725
1992-03-13,18.39,18.88,17.98,18.35,,114.84,114.73357142857142
1992-03-16,19.13,19.13,18.44,18.46,,118.57,
1992-03-17,17.78,17.84,16.79,16.79,,107.29,
1992-03-18,16.95,16.97,16.61,16.69,,107.72,
1992-03-19,16.73,16.85,16.44,16.52,,107.85,107.57
1992-03-20,16.73,16.9,16.58,16.82,,109.36,109.08464285714287
1992-03-23,17.63,17.63,16.73,16.73,,108.79,108.94571428571429
1992-03-24,16.27,16.7,16.18,16.32,,106.79,106.85928571428572
1992-03-25,16.41,16.41,16.08,16.19,,106.65,106.7492857142857
1992-03-26,16.55,16.6,16.1,16.29,,106.61,106.6925
1992-03-27,15.88,16.09,15.46,16.02,,107.27,106.98
1992-03-30,16.43,16.53,15.9,15.97,,109.43,109.21571428571428
1992-03-31,16.45,16.56,15.98,16.18,,109.86,109.60857142857142
1992-04-01,16.93,17.11,16.43,16.48,,112.56,112.35321428571429
1992-04-02,16.25,17.17,16.11,17.06,,110.56,110.285
1992-04-03,18.22,18.32,16.71,16.72,,111.51,111.16214285714285
1992-04-06,17.18,17.2,16.59,16.72,,108.93,109.04642857142858
1992-04-07,17.26,18.81,16.56,18.81,,111.24,111.115
1992-04-08,20.06,21.44,19.66,20.15,,110.67,110.42714285714287
1992-04-09,18.95,18.96,17.48,17.89,,115.88,115.72999999999999
1992-04-10,17.39,17.43,16.79,16.85,,117.1,117.205
1992-04-13,17.42,17.51,16.93,16.99,,108.36,
1992-04-14,16.82,16.82,15.88,15.98,,108.62,
1992-04-15,16.36,16.45,15.15,15.15,,111.79,
1992-04-16,15.17,15.58,14.83,14.85,,112.08,112.01
1992-04-20,16.15,16.54,15.7,15.93,,110.88,110.78257142857143
1992-04-21,16.0,16.86,15.74,16.53,,111.26,111.08714285714285
1992-04-22,16.03,16.15,15.86,15.96,,109.41,109.27857142857142
1992-04-23,16.1,16.75,15.83,15.83,,110.62,110.496
1992-04-24,15.73,16.83,15.53,15.71,,109.72,109.54371428571429
1992-04-27,16.93,16.93,16.38,16.49,,110.4,110.28999999999999
1992-04-28,16.56,16.9,16.24,16.24,,110.91,110.79914285714285
1992-04-29,16.38,16.4,15.86,15.95,,112.49,112.35828571428571
1992-04-30,15.86,15.94,15.53,15.53,,113.24,113.30000000000001
1992-05-01,14.87,17.36,14.84,16.61,,113.25,113.17428571428572
1992-05-04,16.7,17.76,16.48,16.92,,114.51,114.44114285714285
1992-05-05,15.56,17.12,15.49,16.66,,114.56,114.506
1992-05-06,16.11,17.33,15.9,16.81,,112.81,112.82428571428571
1992-05-07,15.8,17.29,15.67,16.54,,111.48,111.43
1992-05-08,16.18,16.34,15.52,15.65,,113.06,112.92371428571428
1992-05-11,15.87,15.9,15.17,15.17,,112.96,
1992-05-12,15.4,15.87,15.32,15.68,,116.52,
1992-05-13,15.88,15.88,15.19,15.19,,114.28,
1992-05-14,14.38,16.19,14.35,15.49,,112.96,
1992-05-15,14.38,16.06,14.1,14.82,,112.88,
1992-05-18,15.17,15.46,14.58,14.62,,115.72,
1992-05-19,13.95,14.4,13.44,13.57,,114.43,
1992-05-20,12.98,14.19,12.98,13.62,,114.2,
1992-05-21,14.01,15.12,13.92,13.92,,113.44,113.32
1992-05-22,14.03,14.31,13.53,13.73,,112.23,112.43357142857143
1992-05-26,13.93,15.28,13.77,14.92,,114.71,114.67428571428572
1992-05-27,13.84,14.36,13.59,13.99,,110.9,111.10928571428572
1992-05-28,14.25,14.57,13.72,13.77,,111.27,111.3225
1992-05-29,12.77,14.28,12.77,13.86,,109.47,109.53
1992-06-01,14.47,14.84,13.92,14.43,,111.82,111.97214285714286
1992-06-02,12.92,15.22,12.73,14.57,,110.72,110.90285714285714
1992-06-03,13.24,14.97,13.24,14.35,,109.62,109.71642857142857
1992-06-04,13.21,14.32,13.14,13.66,,108.96,109.03999999999999
1992-06-05,14.57,14.96,14.5,14.65,,110.07,110.27357142857143
1992-06-08,15.6,15.6,15.1,15.19,,109.64,109.83214285714286
1992-06-09,15.28,15.98,15.17,15.97,,107.85,108.05035714285714
1992-06-10,15.9,16.62,15.75,16.62,,108.58,108.92428571428572
1992-06-11,16.91,16.95,16.29,16.29,,108.02,108.0775
1992-06-12,15.37,15.48,14.71,14.95,,108.39,108.76357142857142
1992-06-15,16.11,16.11,14.72,14.76,,106.1,
1992-06-16,15.12,15.23,14.82,15.22,,107.85,
1992-06-17,15.76,18.08,15.74,18.08,,104.34,
1992-06-18,18.23,18.53,17.64,18.2,,105.05,104.74
1992-06-19,17.43,17.53,16.28,16.31,,107.85,107.58971428571428
1992-06-22,14.66,17.79,14.64,16.66,,108.18,107.91142857142857
1992-06-23,14.27,15.29,14.17,14.53,,109.14,108.90285714285714
1992-06-24,14.26,14.75,14.12,14.4,,108.41,108.13571428571429
1992-06-25,13.93,15.0,13.85,14.4,,106.68,106.324
1992-06-26,14.13,15.0,14.13,14.67,,108.28,108.00057142857143
1992-06-29,13.94,14.41,13.21,13.21,,111.74,111.49285714285715
1992-06-30,13.66,14.31,13.19,13.35,,111.88,111.66657142857142
1992-07-01,13.43,13.57,12.98,13.34,,110.34,110.27628571428572
1992-07-02,12.69,14.83,12.68,13.88,,112.05,112.07
1992-07-06,14.27,15.43,14.27,14.87,,115.52,115.322
1992-07-07,14.03,15.86,14.03,15.83,,109.36,109.36685714285714
1992-07-08,14.17,16.36,14.17,15.53,,109.79,109.72285714285714
1992-07-09,14.34,15.41,14.05,14.6,,111.12,110.99
1992-07-10,13.93,14.12,13.56,13.7,,111.7,111.69
1992-07-13,12.47,14.57,12.47,14.01,,111.04,
1992-07-14,14.26,14.39,13.29,13.5,,112.67,
1992-07-15,12.41,13.08,12.31,12.52,,111.15,
1992-07-16,12.13,12.88,11.78,12.27,,112.53,
1992-07-17,13.15,13.48,12.4,12.6,,112.94,
1992-07-20,13.54,13.54,12.62,12.66,,111.44,
1992-07-21,12.2,12.81,12.17,12.6,,109.78,
1992-07-22,11.36,14.01,11.36,13.57,,111.81,
1992-07-23,13.33,13.9,13.24,13.33,,111.86,111.66
1992-07-24,12.25,14.16,12.25,13.37,,113.31,113.2325
1992-07-27,13.34,14.95,13.34,13.9,,112.7,112.58857142857143
1992-07-28,11.5,14.0,11.5,13.05,,112.95,112.90892857142858
1992-07-29,12.21,13.79,12.21,13.44,,111.85,111.725
1992-07-30,13.45,13.79,12.98,13.5,,110.95,110.75750000000001
1992-07-31,12.55,13.64,12.55,13.17,,111.55,111.41857142857143
1992-08-03,14.05,14.33,13.2,13.83,,113.44,113.29857142857144
1992-08-04,13.34,14.33,13.11,13.58,,114.15,114.14714285714285
1992-08-05,12.41,14.34,12.41,13.82,,112.0,111.8907142857143
1992-08-06,12.4,14.79,12.34,14.23,,112.27,112.13
1992-08-07,13.93,14.28,13.17,13.94,,113.08,113.07607142857142
1992-08-10,13.87,15.43,13.83,14.51,,113.97,113.93071428571429
1992-08-11,15.32,15.92,15.09,15.09,,112.9,112.68571428571428
1992-08-12,14.28,15.57,13.51,14.88,,114.15,114.02142857142857
1992-08-13,13.45,15.79,13.44,15.34,,112.25,112.105
1992-08-14,15.63,15.7,14.66,14.66,,112.78,112.52
1992-08-17,14.32,15.54,13.83,14.61,,114.96,
1992-08-18,14.67,14.81,13.84,13.84,,110.0,
1992-08-19,14.67,14.84,13.91,14.35,,110.57,
1992-08-20,14.37,14.72,14.13,14.48,,111.53,111.74
1992-08-21,13.74,15.48,13.4,15.01,,114.33,114.76142857142857
1992-08-24,13.74,16.48,15.21,16.19,,109.49,109.75095238095237
1992-08-25,14.87,16.52,14.87,15.62,,109.44,109.57174603174603
1992-08-26,14.05,15.41,14.05,14.5,,111.2,111.23333333333333
1992-08-27,14.05,13.86,12.88,13.66,,110.26,110.28444444444445
1992-08-28,12.57,13.42,12.52,13.14,,110.99,110.98476190476191
1992-08-31,12.66,13.89,12.66,13.58,,112.17,112.2384126984127
1992-09-01,11.87,13.44,11.85,13.4,,111.53,111.57761904761905
1992-09-02,12.69,13.09,12.57,12.73,,110.69,110.68619047619048
1992-09-03,10.77,12.88,10.69,12.88,,111.54,111.56888888888889
1992-09-04,12.92,13.16,12.75,12.98,,110.7,110.75095238095238
1992-09-08,13.36,13.9,13.36,13.65,,110.54,110.59777777777778
1992-09-09,13.03,13.92,13.01,13.36,,109.66,109.65206349206349
1992-09-10,12.64,13.28,12.59,12.92,,113.57,113.64
1992-09-11,12.39,13.02,11.96,12.47,,114.0,114.07285714285715
1992-09-14,13.37,13.37,12.51,13.0,,116.34,
1992-09-15,11.53,13.75,11.53,13.63,,112.69,
1992-09-16,11.53,14.86,13.52,14.72,,111.56,
1992-09-17,13.61,14.41,13.61,14.31,,110.85,
1992-09-18,13.61,13.94,12.8,13.74,,117.2,
1992-09-21,12.99,13.72,12.96,13.45,,113.96,
1992-09-22,13.57,14.1,13.53,13.88,,113.5,
1992-09-23,13.72,14.11,13.71,13.83,,114.29,
1992-09-24,13.76,13.86,13.42,13.44,,115.88,
1992-09-25,13.77,14.98,13.54,14.8,,114.25,
1992-09-28,15.42,15.42,15.11,15.19,,116.18,
1992-09-29,15.23,15.36,14.87,14.97,,116.31,
1992-09-30,13.96,14.89,13.96,14.28,,115.16,
1992-10-01,15.44,16.31,15.03,16.31,,113.97,
1992-10-02,15.33,17.8,15.32,17.79,,111.35,
1992-10-05,19.77,25.13,19.37,20.01,,111.35,
1992-10-06,20.37,20.42,19.49,19.95,,109.52,
1992-10-07,19.07,21.08,18.9,21.02,,109.25,
1992-10-08,19.57,19.94,18.95,19.26,,112.21,
1992-10-09,19.57,21.0,19.67,20.51,,112.14,
1992-10-12,20.61,20.62,19.48,19.49,,112.4,
1992-10-13,16.84,18.44,16.15,17.9,,113.75,
1992-10-14,15.77,18.52,15.58,18.42,,114.58,
1992-10-15,18.11,18.15,16.91,17.11,,115.13,
1992-10-16,15.8,17.67,15.47,17.01,,114.66,
1992-10-19,16.89,17.35,16.43,17.31,,117.35,
1992-10-20,16.0,17.1,15.74,16.87,,115.04,
1992-10-21,17.08,17.08,16.62,16.62,,115.91,
1992-10-22,15.83,16.24,15.72,15.84,,113.56,113.67
1992-10-23,17.11,17.21,16.46,16.46,,113.51,113.60321428571429
1992-10-26,16.93,17.32,16.31,16.32,,115.51,115.66
1992-10-27,16.33,16.75,16.13,16.24,,114.51,114.5925
1992-10-28,16.33,16.66,15.81,15.95,,110.24,110.02499999999999
1992-10-29,15.68,15.83,15.39,15.47,,111.25,111.1425
1992-10-30,15.9,16.6,15.57,16.15,,110.28,110.13857142857142
1992-11-02,17.02,17.13,16.57,16.67,,111.26,111.07321428571429
1992-11-03,16.01,17.92,15.96,17.33,,111.62,111.50428571428571
1992-11-04,16.33,16.87,16.17,16.28,,111.28,111.15142857142857
1992-11-05,16.1,16.1,15.35,15.38,,112.77,112.64500000000001
1992-11-06,15.66,15.68,14.65,14.69,,112.63,112.56928571428571
1992-11-09,15.66,15.14,14.06,14.23,,113.39,113.375
1992-11-10,14.51,14.71,14.27,14.37,,113.66,113.71821428571428
1992-11-11,14.6,15.02,13.99,13.99,,114.22,114.15285714285714
1992-11-12,16.36,16.36,14.32,14.37,,115.63,115.6
1992-11-13,14.8,14.86,14.03,14.61,,116.21,116.23928571428571
1992-11-16,14.68,14.89,14.64,14.86,,114.31,
1992-11-17,15.74,15.85,14.44,15.01,,113.86,
1992-11-18,14.98,14.98,14.18,14.55,,117.03,
1992-11-19,14.98,15.1,14.14,14.33,,114.15,114.43
1992-11-20,14.98,14.2,13.44,13.67,,115.38,115.60321428571429
1992-11-23,12.93,13.95,12.89,13.4,,110.38,110.38714285714285
1992-11-24,12.54,13.37,12.46,12.66,,112.81,112.94607142857143
1992-11-25,12.48,12.95,12.48,12.5,,111.69,111.68071428571429
1992-11-27,11.63,12.67,11.52,12.58,,110.53,110.47714285714287
1992-11-30,11.38,13.67,11.38,13.01,,112.1,112.21142857142857
1992-12-01,12.94,13.89,12.76,12.8,,112.99,113.25857142857143
1992-12-02,12.06,13.49,11.99,12.56,,111.64,111.86642857142857
1992-12-03,12.09,12.78,11.84,12.03,,112.11,112.3
1992-12-04,11.69,12.46,11.54,11.81,,112.22,112.32964285714286
1992-12-07,12.0,12.61,11.7,12.0,,113.12,113.22928571428571
1992-12-08,10.29,12.38,10.29,11.73,,113.33,113.36714285714285
1992-12-09,10.29,13.34,10.93,12.58,,111.38,111.6242857142857
1992-12-10,12.36,13.37,12.26,12.75,,114.24,114.9825
1992-12-11,12.36,13.52,11.01,12.34,,113.45,113.9807142857143
1992-12-14,12.61,12.83,12.36,12.66,,110.77,
1992-12-15,12.61,12.92,12.37,12.41,,109.85,
1992-12-16,12.61,12.88,12.15,12.58,,109.53,
1992-12-17,12.03,12.6,11.86,12.14,,110.53,110.69
1992-12-18,12.03,12.58,10.64,11.66,,114.84,115.01371428571429
1992-12-21,12.03,11.97,11.2,11.65,,112.93,113.02228571428572
1992-12-22,10.57,12.81,10.36,11.75,,113.88,114.17714285714285
1992-12-23,10.57,11.9,11.27,11.51,,110.59,110.77714285714285
1992-12-24,11.5,11.99,11.3,11.57,,110.24,110.408
1992-12-28,12.67,12.85,12.11,12.22,,111.01,111.24914285714286
1992-12-29,12.27,12.84,11.72,12.29,,110.97,111.27342857142857
1992-12-30,12.14,13.6,12.14,12.6,,112.22,112.51628571428571
1992-12-31,11.87,13.05,11.75,12.57,,110.83,111.07
1993-01-04,12.96,13.92,12.91,13.36,,109.16,109.45428571428572
1993-01-05,12.99,14.08,12.92,13.35,,111.71,111.78714285714285
1993-01-06,12.88,14.17,11.86,13.37,,112.42,112.42571428571429
1993-01-07,12.9,15.06,12.65,14.72,,111.94,112.024
1993-01-08,13.75,14.39,13.61,13.77,,113.23,113.40971428571429
1993-01-11,13.27,13.57,12.43,12.86,,111.07,
1993-01-12,11.82,13.87,11.74,12.78,,111.2,
1993-01-13,13.02,13.02,12.15,12.42,,111.93,
1993-01-14,12.29,12.33,11.93,11.99,,112.81,
1993-01-15,11.9,11.96,11.25,11.57,,115.07,
1993-01-18,12.15,12.17,11.49,11.49,,114.26,
1993-01-19,11.64,12.17,11.62,12.06,,113.25,
1993-01-20,12.21,12.34,11.85,12.15,,113.12,
1993-01-21,12.41,12.45,11.69,11.69,,115.33,115.29
1993-01-22,11.63,11.74,11.22,11.3,,113.75,113.50035714285714
1993-01-25,11.42,11.65,11.26,11.38,,115.47,115.45857142857143
1993-01-26,11.08,11.5,10.98,11.45,,114.4,114.22357142857142
1993-01-27,11.66,12.61,11.44,12.01,,114.24,114.25714285714285
1993-01-28,12.08,12.46,11.9,12.04,,114.2,113.975
1993-01-29,12.49,13.16,12.42,12.42,,113.9,113.89714285714287
1993-02-01,12.51,12.92,12.18,12.33,,117.84,117.90607142857142
1993-02-02,12.47,12.89,12.22,12.25,,115.46,115.38571428571429
1993-02-03,11.98,12.34,11.79,12.12,,116.06,116.00642857142857
1993-02-04,11.86,12.84,11.69,12.29,,115.81,115.74000000000001
1993-02-05,12.56,13.45,12.49,12.9,,115.09,114.96964285714286
1993-02-08,13.15,13.94,12.2,13.22,,117.12,117.07642857142858
1993-02-09,13.63,13.76,13.43,13.48,,115.67,115.60607142857143
1993-02-10,13.58,14.26,13.0,13.43,,116.62,116.55142857142857
1993-02-11,13.05,13.65,12.63,12.69,,116.24,116.1125
1993-02-12,13.58,13.66,12.32,12.38,,116.49,116.66285714285715
1993-02-16,13.44,16.45,13.35,15.76,,112.75,
1993-02-17,15.96,16.34,15.57,15.9,,113.97,
1993-02-18,14.69,16.65,14.32,15.56,,114.69,114.82
1993-02-19,15.74,15.74,15.0,15.02,,116.44,116.56035714285714
1993-02-22,15.03,15.25,14.34,14.7,,116.32,116.44
1993-02-23,15.1,15.43,14.6,15.04,,116.2,116.33892857142857
1993-02-24,14.0,15.03,14.0,14.72,,118.2,118.33785714285715
1993-02-25,12.99,14.79,12.95,13.76,,115.66,115.68
1993-02-26,13.47,13.82,13.12,13.16,,117.11,117.25285714285715
1993-03-01,13.13,14.11,13.07,13.6,,114.16,114.19928571428571
1993-03-02,13.76,13.8,12.49,12.49,,118.93,118.98857142857142
1993-03-03,13.14,13.71,12.93,13.13,,125.28,124.65285714285714
1993-03-04,12.52,14.02,12.5,13.44,,115.29,115.185
1993-03-05,13.2,14.13,12.98,14.08,,114.74,114.74964285714286
1993-03-08,15.0,16.3,14.95,16.22,,113.78,113.86928571428572
1993-03-09,14.02,15.43,13.78,14.17,,115.91,115.73821428571429
1993-03-10,14.63,14.72,13.85,13.91,,116.75,116.65428571428572
1993-03-11,13.97,14.27,13.92,14.26,,115.2,115.28
1993-03-12,15.6,16.37,14.91,15.66,,116.37,116.70285714285714
1993-03-15,15.01,15.06,14.63,14.74,,114.14,
1993-03-16,13.05,14.68,13.05,14.51,,113.72,
1993-03-17,15.06,15.18,14.4,14.53,,110.61,
1993-03-18,14.33,15.07,14.17,14.17,,114.05,114.12
1993-03-19,14.33,13.89,13.11,13.23,,111.15,110.74828571428571
1993-03-22,13.97,14.42,13.65,13.66,,111.9,111.56771428571429
1993-03-23,12.71,13.37,12.69,13.02,,112.81,112.89857142857143
1993-03-24,12.23,12.89,12.06,12.44,,112.06,112.09228571428571
1993-03-25,12.71,12.81,12.04,12.08,,112.59,112.624
1993-03-26,10.66,12.38,10.66,12.21,,112.82,112.91657142857143
1993-03-29,13.04,13.04,12.27,12.63,,113.22,113.36857142857143
1993-03-30,12.58,12.82,12.23,12.23,,111.51,111.52
1993-03-31,12.29,12.9,12.19,12.53,,110.83,110.81171428571429
1993-04-01,13.04,14.05,12.7,13.02,,110.96,110.976
1993-04-02,14.27,14.85,13.99,14.5,,110.6,110.58714285714287
1993-04-05,14.43,15.06,14.06,14.12,,110.46,110.37314285714287
1993-04-06,13.73,14.84,13.72,14.24,,110.01,110.02171428571428
1993-04-07,13.75,14.58,13.58,13.64,,111.14,111.16
1993-04-08,12.33,13.65,12.16,12.83,,111.88,111.89
1993-04-12,12.33,12.78,11.52,11.93,,112.55,
1993-04-13,12.59,12.95,11.48,11.7,,113.08,
1993-04-14,12.33,12.41,11.61,11.76,,112.44,
1993-04-15,11.96,11.97,10.71,10.96,,112.47,
1993-04-16,11.11,11.5,10.74,11.29,,112.9,
1993-04-19,11.11,12.35,11.39,12.06,,110.83,
1993-04-20,11.82,12.54,11.75,11.94,,113.16,
1993-04-21,12.41,12.82,12.02,12.11,,111.54,
1993-04-22,11.58,13.01,11.45,12.68,,110.19,110.07
1993-04-23,13.2,13.98,12.92,13.36,,109.8,109.64607142857143
1993-04-26,14.06,15.45,13.99,15.25,,110.67,110.56714285714285
1993-04-27,15.39,15.45,13.93,13.93,,113.41,113.18214285714285
1993-04-28,15.39,13.78,11.28,13.12,,112.18,112.07714285714286
1993-04-29,13.24,13.44,12.8,12.8,,114.65,114.77250000000001
1993-04-30,11.26,12.67,11.25,12.42,,112.33,112.35
1993-05-03,13.25,13.52,12.79,12.9,,112.11,111.99857142857144
1993-05-04,13.05,13.07,12.1,12.14,,109.97,109.78428571428572
1993-05-05,12.12,12.75,11.96,12.38,,111.1,110.98035714285714
1993-05-06,12.83,13.72,12.58,13.22,,111.68,111.57
1993-05-07,12.93,13.48,12.87,13.01,,113.32,113.43285714285715
1993-05-10,13.42,14.71,13.25,13.72,,112.99,112.93857142857144
1993-05-11,13.62,14.19,13.35,13.35,,112.76,112.66142857142857
1993-05-12,12.98,14.11,12.87,13.56,,114.83,114.93
1993-05-13,14.63,14.79,14.18,14.76,,112.94,112.9975
1993-05-14,14.63,14.97,14.02,14.39,,116.03,116.40214285714285
1993-05-17,14.85,14.85,14.1,14.13,,115.07,
1993-05-18,14.52,14.62,14.08,14.19,,115.42,
1993-05-19,14.46,15.02,13.76,14.29,,117.58,
1993-05-20,14.46,15.11,13.31,13.98,,120.27,120.24
1993-05-21,14.16,14.96,13.67,14.51,,118.02,118.06714285714285
1993-05-24,14.16,14.8,14.09,14.1,,117.76,117.65142857142857
1993-05-25,13.73,14.34,13.73,14.04,,118.56,118.57785714285714
1993-05-26,13.2,13.82,12.88,12.88,,117.1,117.32428571428572
1993-05-27,13.58,13.73,13.09,13.1,,115.06,115.31
1993-05-28,13.21,13.86,13.12,13.47,,122.04,122.07571428571428
1993-06-01,13.21,14.63,13.64,13.67,,120.77,120.64571428571429
1993-06-02,13.59,14.21,13.18,13.48,,115.38,115.60357142857143
1993-06-03,13.67,14.12,13.47,13.54,,114.62,114.74000000000001
1993-06-04,12.96,13.51,12.86,12.86,,114.59,114.75035714285714
1993-06-07,12.76,14.78,12.63,14.07,,111.22,111.39071428571428
1993-06-08,15.22,15.22,14.27,14.74,,119.48,119.18285714285715
1993-06-09,15.74,15.88,13.75,13.96,,111.47,111.58285714285714
1993-06-10,13.59,14.24,13.29,13.31,,121.28,120.8875
1993-06-11,13.35,13.42,12.71,12.71,,113.32,113.25642857142857
1993-06-14,12.32,12.36,12.18,12.33,,111.84,
1993-06-15,12.32,12.97,11.93,11.99,,110.13,
1993-06-16,12.32,12.84,11.87,11.87,,111.89,
1993-06-17,12.85,12.87,11.54,11.66,,112.34,112.38
1993-06-18,11.73,12.4,11.73,12.24,,111.05,111.11857142857143
1993-06-21,12.57,12.65,12.23,12.25,,113.83,113.542
1993-06-22,11.67,12.07,11.39,11.65,,109.13,109.08857142857143
1993-06-23,11.24,12.33,11.14,12.04,,112.13,111.83228571428572
1993-06-24,12.91,12.97,12.24,12.25,,115.26,114.922
1993-06-25,12.15,12.15,11.11,11.25,,111.53,111.604
1993-06-28,12.13,12.88,11.07,11.11,,112.52,112.55142857142857
1993-06-29,11.46,11.79,11.27,11.29,,110.07,109.99685714285714
1993-06-30,11.22,11.72,10.86,11.26,,110.55,110.53057142857143
1993-07-01,10.49,12.24,10.47,11.51,,109.14,109.128
1993-07-02,11.6,11.67,11.26,11.33,,108.63,108.61571428571429
1993-07-06,13.0,14.37,12.56,13.87,,108.43,108.44571428571429
1993-07-07,13.43,14.15,12.95,13.05,,109.46,109.47285714285715
1993-07-08,11.19,13.43,11.19,12.24,,110.47,110.516
1993-07-09,11.28,11.84,10.19,10.8,,111.3,111.32028571428572
1993-07-12,9.18,11.15,9.11,10.85,,110.25,
1993-07-13,9.18,11.81,10.27,11.02,,110.07,
1993-07-14,9.18,11.67,10.04,10.78,,110.44,
1993-07-15,10.94,10.95,10.45,10.6,,111.69,
1993-07-16,10.66,11.17,10.05,10.96,,112.45,
1993-07-19,11.44,11.74,11.09,11.46,,111.27,
1993-07-20,11.1,12.12,10.95,11.05,,110.16,
1993-07-21,12.05,12.28,11.91,11.97,,111.12,
1993-07-22,11.94,11.94,11.11,11.69,,110.22,110.16
1993-07-23,11.15,11.78,10.86,11.32,,113.03,113.03642857142857
1993-07-26,11.65,11.77,11.22,11.32,,112.1,112.06714285714285
1993-07-27,11.87,12.22,11.31,11.34,,111.49,111.39714285714287
1993-07-28,11.87,11.87,10.64,11.37,,111.15,111.07285714285715
1993-07-29,11.54,11.85,11.15,11.25,,110.87,110.6575
1993-07-30,11.54,12.06,10.34,11.73,,112.89,112.87428571428572
1993-08-02,11.81,12.06,11.43,11.47,,111.93,111.88678571428571
1993-08-03,10.95,12.3,10.8,11.49,,110.98,110.71714285714286
1993-08-04,10.92,12.23,10.81,11.71,,110.74,110.64928571428571
1993-08-05,11.94,12.63,11.66,12.03,,110.05,110.025
1993-08-06,12.18,13.18,12.01,12.33,,113.24,113.22428571428571
1993-08-09,12.15,13.14,11.91,12.39,,111.59,111.44285714285714
1993-08-10,11.97,13.1,11.9,12.31,,111.35,111.295
1993-08-11,12.36,12.72,12.04,12.07,,112.07,111.82142857142857
1993-08-12,12.22,13.17,12.15,12.38,,113.49,113.82249999999999
1993-08-13,12.8,13.25,12.17,12.19,,116.73,116.79071428571429
1993-08-16,12.37,12.44,11.77,12.01,,111.14,
1993-08-17,11.78,12.71,11.52,11.59,,113.88,
1993-08-18,12.06,12.25,11.38,11.52,,113.08,
1993-08-19,12.07,12.07,11.38,11.63,,113.81,113.79
1993-08-20,11.29,12.11,11.24,11.62,,115.05,115.05464285714285
1993-08-23,12.36,12.47,12.11,12.15,,114.24,114.24428571428572
1993-08-24,11.94,12.66,11.7,11.8,,115.17,115.175
1993-08-25,11.78,12.68,11.73,12.1,,116.05,116.21857142857142
1993-08-26,11.85,12.77,11.54,12.14,,112.85,112.8575
1993-08-27,11.85,12.55,11.65,11.91,,114.5,114.45714285714286
1993-08-30,11.34,12.28,11.23,11.74,,115.29,115.33535714285713
1993-08-31,12.55,13.1,11.77,11.85,,114.28,114.26571428571428
1993-09-01,11.3,12.22,11.3,11.48,,116.1,116.07964285714286
1993-09-02,11.91,12.64,11.76,11.87,,115.01,114.975
1993-09-03,11.56,11.73,10.75,11.16,,115.82,115.78285714285714
1993-09-07,11.8,13.33,11.79,12.9,,114.1,114.23535714285714
1993-09-08,12.26,13.89,12.24,13.24,,116.16,116.19857142857143
1993-09-09,13.38,13.38,12.54,12.67,,116.02,116.11
1993-09-10,12.16,12.16,11.29,11.7,,115.9,
1993-09-13,11.67,12.44,11.66,12.16,,113.78,
1993-09-14,13.49,13.83,12.67,13.15,,117.39,
1993-09-15,13.49,13.43,12.47,12.7,,119.11,
1993-09-16,13.49,13.78,12.73,13.36,,118.46,118.4
1993-09-17,11.32,14.05,11.3,13.39,,118.4,118.26942857142858
1993-09-20,13.66,14.73,13.42,14.6,,117.62,117.44942857142857
1993-09-21,14.57,18.31,14.52,17.3,,118.14,118.03999999999999
1993-09-22,14.78,14.81,13.73,13.75,,116.46,116.24085714285714
1993-09-23,13.47,13.85,13.21,13.36,,120.39,120.35000000000001
1993-09-24,12.58,12.78,12.35,12.47,,118.26,118.06428571428572
1993-09-27,12.76,12.85,12.31,12.49,,119.73,119.38771428571428
1993-09-28,11.91,12.86,11.84,12.19,,115.58,115.49542857142858
1993-09-29,12.0,13.11,11.9,12.63,,115.4,115.36942857142857
1993-09-30,13.08,13.23,12.54,12.99,,114.97,114.98
1993-10-01,12.56,12.56,11.76,11.83,,117.13,117.14714285714287
1993-10-04,13.27,13.6,12.75,12.85,,117.69,117.772
1993-10-05,13.15,13.76,12.52,12.97,,116.99,117.04314285714285
1993-10-06,13.07,13.13,12.38,12.68,,116.16,116.15142857142857
1993-10-07,12.65,13.56,12.44,13.14,,116.09,116.114
1993-10-08,12.65,13.42,11.6,12.04,,116.57,
1993-10-11,13.08,13.37,12.04,12.26,,116.26,
1993-10-12,14.64,14.79,12.01,12.41,,118.24,
1993-10-13,10.62,13.35,10.6,11.38,,117.96,
1993-10-14,12.35,12.4,11.0,11.0,,119.85,
1993-10-15,12.35,11.63,10.44,10.87,,114.12,
1993-10-18,12.27,12.27,11.18,11.33,,113.5,
1993-10-19,11.73,12.08,11.31,11.61,,112.92,
1993-10-20,11.2,11.68,11.2,11.32,,113.59,
1993-10-21,10.7,11.64,10.6,11.2,,113.54,113.35
1993-10-22,10.75,11.75,10.75,11.48,,113.02,112.98035714285714
1993-10-25,11.67,12.34,11.67,11.83,,115.39,115.26285714285714
1993-10-26,10.04,12.2,10.0,11.83,,115.21,115.175
1993-10-27,10.04,12.31,11.64,12.01,,114.92,114.74214285714287
1993-10-28,11.95,12.1,11.72,11.88,,115.07,115.0375
1993-10-29,11.95,11.8,10.8,11.46,,113.73,113.61999999999999
1993-11-01,12.02,12.19,11.77,11.78,,114.54,114.48535714285714
1993-11-02,11.68,12.37,11.49,11.74,,114.18,114.10285714285715
1993-11-03,11.72,13.87,11.53,13.26,,113.69,113.69500000000001
1993-11-04,13.52,15.16,13.13,14.68,,114.64,114.57
1993-11-05,14.57,16.46,14.56,14.97,,116.07,115.99928571428572
1993-11-08,16.12,16.12,14.19,14.31,,115.73,115.59571428571428
1993-11-09,13.92,14.36,13.16,13.94,,113.94,113.88928571428572
1993-11-10,13.18,14.34,12.99,13.72,,115.82,116.05714285714285
1993-11-11,13.25,14.66,13.02,13.88,,116.2,116.28750000000001
1993-11-12,14.47,14.61,12.99,13.33,,116.13,116.185
1993-11-15,13.79,15.3,13.78,14.46,,117.5,
1993-11-16,15.03,15.73,14.97,15.11,,121.47,
1993-11-17,15.69,16.29,15.17,15.57,,117.05,
1993-11-18,15.44,15.62,14.56,14.65,,117.78,117.76
1993-11-19,14.99,15.51,14.53,15.03,,116.81,116.76742857142857
1993-11-22,16.2,16.45,15.77,15.9,,117.46,117.462
1993-11-23,16.2,14.86,13.86,14.27,,118.86,119.02714285714285
1993-11-24,16.2,13.89,13.19,13.51,,119.16,119.32371428571429
1993-11-26,13.3,14.53,13.29,13.77,,120.85,120.75714285714285
1993-11-29,13.39,14.65,13.39,14.12,,117.24,117.39257142857143
1993-11-30,13.39,14.63,13.48,13.76,,118.45,118.20914285714285
1993-12-01,12.93,14.4,12.92,13.83,,119.17,118.98342857142858
1993-12-02,14.22,14.22,13.51,13.51,,120.71,120.504
1993-12-03,13.34,13.4,12.67,12.69,,121.48,121.18857142857144
1993-12-06,14.5,14.53,12.78,12.84,,117.29,117.18257142857144
1993-12-07,14.76,14.76,12.3,12.41,,117.35,117.37914285714285
1993-12-08,14.2,14.24,12.46,12.46,,115.23,115.00428571428571
1993-12-09,11.58,13.24,11.51,12.43,,115.47,115.436
1993-12-10,12.62,12.69,12.15,12.6,,117.04,116.91199999999999
1993-12-13,9.7,11.51,9.65,10.98,,121.06,
1993-12-14,10.71,11.23,10.64,11.13,,115.57,
1993-12-15,11.49,11.49,10.92,11.03,,116.08,
1993-12-16,11.15,11.18,10.59,10.9,,116.75,
1993-12-17,11.67,11.67,11.03,11.08,,119.28,
1993-12-20,11.11,11.47,10.73,10.75,,115.69,
1993-12-21,10.53,10.6,10.05,10.08,,118.79,
1993-12-22,10.03,10.03,9.28,9.31,,117.1,
1993-12-23,9.5,9.55,9.17,9.48,,113.43,113.22
1993-12-27,9.5,9.79,8.89,9.7,,114.07,113.86428571428571
1993-12-28,9.81,9.96,9.7,9.82,,115.78,115.69107142857142
1993-12-29,10.11,10.84,10.03,10.46,,113.11,112.89
1993-12-30,10.32,11.09,10.2,10.69,,114.26,114.1275
1993-12-31,10.59,11.66,10.52,11.66,,114.16,114.10857142857144
1994-01-03,11.28,13.42,11.28,12.57,,115.89,115.8625
1994-01-04,12.87,12.87,11.81,11.91,,118.42,118.41285714285715
1994-01-05,12.87,11.47,10.37,10.94,,117.12,117.01
1994-01-06,11.47,11.74,10.34,11.27,,116.08,115.83500000000001
1994-01-07,11.47,12.14,10.0,10.96,,116.67,116.2675
1994-01-10,10.64,11.3,10.28,10.74,,118.5,117.9992857142857
1994-01-11,12.04,12.08,11.26,11.29,,120.53,120.23392857142856
1994-01-12,12.21,12.41,11.56,11.65,,119.17,118.96857142857144
1994-01-13,12.75,12.84,12.05,12.08,,119.43,119.2625
1994-01-14,11.14,11.22,11.0,11.15,,121.85,122.05499999999999
1994-01-17,11.99,12.07,11.72,11.88,,119.41,
1994-01-18,11.7,11.72,11.31,11.63,,120.25,
1994-01-19,11.74,12.15,11.62,11.76,,115.53,
1994-01-20,11.81,11.83,11.16,11.16,,114.37,114.11
1994-01-21,10.9,11.21,10.9,11.09,,114.36,114.165
1994-01-24,11.59,11.93,11.23,11.6,,117.47,117.41857142857143
1994-01-25,10.94,11.96,10.94,11.38,,116.21,116.18321428571429
1994-01-26,11.76,11.87,11.07,11.17,,117.69,117.65571428571428
1994-01-27,10.69,11.28,10.21,10.3,,116.28,116.22
1994-01-28,9.86,10.31,9.59,9.94,,115.42,115.23142857142857
1994-01-31,9.86,11.2,10.01,10.63,,115.44,115.37714285714286
1994-02-01,10.81,11.21,10.51,10.65,,117.18,117.05428571428571
1994-02-02,10.54,10.86,10.37,10.61,,115.96,115.94571428571429
1994-02-03,10.63,11.26,10.63,10.75,,117.56,117.59
1994-02-04,10.71,15.63,10.21,15.25,,117.87,117.94535714285715
1994-02-07,10.71,15.37,13.86,13.96,,120.2,120.41214285714285
1994-02-08,12.49,14.44,12.49,13.66,,119.01,119.01571428571428
1994-02-09,12.91,13.89,12.75,13.3,,117.16,117.07857142857142
1994-02-10,12.69,14.96,12.69,14.24,,115.16,115.1725
1994-02-11,15.18,15.18,14.2,14.46,,119.63,119.3092857142857
1994-02-14,14.25,14.62,13.88,14.28,,116.59,
1994-02-15,14.15,14.15,13.4,13.4,,116.86,
1994-02-16,13.12,13.39,12.98,13.13,,117.0,
1994-02-17,12.75,14.33,12.59,13.79,,116.52,116.18
1994-02-18,13.97,15.4,13.8,14.7,,117.91,117.66535714285715
1994-02-22,14.95,15.17,13.52,13.52,,119.08,119.23357142857142
1994-02-23,14.95,14.14,11.81,13.91,,119.1,118.77642857142857
1994-02-24,15.54,16.31,14.78,15.96,,118.47,118.2375
1994-02-25,15.01,15.19,14.58,14.8,,119.59,119.31285714285714
1994-02-28,15.01,15.21,13.86,14.87,,116.35,115.8892857142857
1994-03-01,12.58,17.04,12.54,15.83,,117.71,117.37142857142857
1994-03-02,17.82,17.94,16.08,16.08,,119.38,118.83392857142857
1994-03-03,15.99,16.67,15.82,16.36,,117.32,116.83000000000001
1994-03-04,15.65,16.63,15.63,16.0,,118.07,117.64714285714285
1994-03-07,12.2,14.96,12.2,14.26,,119.64,119.04285714285714
1994-03-08,12.2,16.39,16.07,16.23,,120.78,120.15892857142858
1994-03-09,14.68,15.0,14.35,14.41,,114.55,114.25714285714285
1994-03-10,14.68,16.93,16.08,16.55,,119.78,119.19
1994-03-11,14.77,16.14,13.89,14.87,,123.36,122.47071428571428
1994-03-14,14.77,17.48,16.52,16.61,,115.41,
1994-03-15,14.49,15.18,13.78,14.78,,114.54,
1994-03-16,15.35,15.89,14.49,14.51,,117.92,
1994-03-17,13.23,13.33,12.76,12.76,,118.85,118.79
1994-03-18,13.74,13.74,13.2,13.32,,118.11,118.086
1994-03-21,14.5,15.07,14.3,14.34,,117.4,117.35714285714286
1994-03-22,13.94,13.97,12.75,13.39,,118.62,118.51857142857143
1994-03-23,11.88,12.76,11.58,12.31,,117.86,117.79057142857143
1994-03-24,12.22,14.14,12.22,13.43,,116.28,116.22
1994-03-25,13.4,13.83,12.88,13.67,,114.57,114.51457142857143
1994-03-28,15.69,16.24,14.9,14.9,,118.38,118.31257142857143
1994-03-29,13.66,16.96,13.65,16.49,,113.52,113.44657142857143
1994-03-30,17.11,18.84,17.11,18.59,,114.07,113.92428571428572
1994-03-31,18.5,21.94,18.42,20.45,,123.0,123.26
1994-04-04,18.5,28.3,23.61,23.87,,121.03,121.27085714285714
1994-04-05,21.63,21.63,18.13,18.13,,118.46,118.432
1994-04-06,16.84,18.34,16.8,17.38,,117.36,117.31571428571428
1994-04-07,17.92,18.24,16.88,16.98,,120.13,119.968
1994-04-08,16.5,17.58,16.42,16.92,,119.18,119.082
1994-04-11,16.5,17.66,16.43,16.61,,123.18,
1994-04-12,16.5,17.45,16.24,16.42,,121.5,
1994-04-13,15.97,17.96,14.72,17.02,,122.39,
1994-04-14,17.13,17.26,16.15,16.27,,122.7,
1994-04-15,15.54,16.66,15.5,15.98,,122.07,
1994-04-18,16.08,17.88,15.98,17.22,,121.84,
1994-04-19,16.69,17.76,16.67,16.93,,121.95,
1994-04-20,16.8,18.14,16.48,17.01,,121.08,
1994-04-21,16.43,16.56,14.87,14.93,,119.34,119.35
1994-04-22,14.16,15.4,14.07,14.94,,119.19,119.19035714285714
1994-04-25,15.19,15.31,14.07,14.26,,124.03,124.14428571428572
1994-04-26,14.19,14.8,13.78,13.8,,123.19,123.24821428571428
1994-04-28,13.23,14.88,13.21,14.51,,118.16,117.93
1994-04-29,13.05,14.34,13.05,13.77,,118.04,117.78285714285714
1994-05-02,14.42,14.78,13.99,14.11,,118.92,118.75928571428572
1994-05-03,13.03,14.45,13.03,13.81,,120.72,120.50857142857143
1994-05-04,13.77,14.8,13.71,14.29,,119.37,119.09678571428572
1994-05-05,13.62,15.34,13.62,14.56,,116.86,116.5
1994-05-06,15.11,15.54,14.79,15.08,,119.15,118.91785714285714
1994-05-09,16.4,16.65,15.86,16.16,,116.46,116.09142857142857
1994-05-10,15.87,16.07,15.1,15.19,,117.65,117.22071428571428
1994-05-11,14.93,16.28,14.75,15.55,,117.63,117.13857142857142
1994-05-12,15.01,16.16,14.76,15.46,,117.76,117.3375
1994-05-13,15.55,16.11,14.48,14.54,,117.9,117.56428571428572
1994-05-16,14.85,15.0,14.15,14.67,,117.05,
1994-05-17,14.67,15.22,14.08,14.08,,120.58,
1994-05-18,13.1,13.82,12.53,12.55,,122.31,
1994-05-19,12.09,12.46,11.44,12.33,,115.0,114.81
1994-05-20,11.89,13.03,11.8,12.79,,116.29,115.99000000000001
1994-05-23,13.26,13.94,13.24,13.49,,116.46,116.19571428571427
1994-05-24,12.59,13.17,12.42,12.73,,116.91,116.5657142857143
1994-05-25,13.01,13.47,12.39,12.43,,119.17,118.88214285714287
1994-05-26,12.46,12.66,12.26,12.5,,119.66,119.32000000000001
1994-05-27,12.84,13.01,12.42,12.49,,121.08,120.74428571428571
1994-05-31,13.39,13.46,12.77,13.03,,122.1,121.84857142857143
1994-06-01,13.16,13.47,12.54,12.72,,116.94,116.985
1994-06-02,12.77,13.06,12.45,12.73,,120.18,120.125
1994-06-03,13.28,13.36,12.1,12.19,,120.89,120.60107142857143
1994-06-06,11.78,13.03,11.76,13.03,,120.65,120.80571428571429
1994-06-07,13.35,14.12,13.04,13.05,,118.7,118.44857142857143
1994-06-08,12.81,13.72,12.69,13.32,,120.03,119.97285714285714
1994-06-09,13.27,13.28,13.1,13.21,,122.18,122.0925
1994-06-10,13.04,13.04,12.45,12.69,,123.24,123.09642857142858
1994-06-13,12.34,12.61,11.66,11.92,,126.28,
1994-06-14,11.62,11.93,11.38,11.6,,117.36,
1994-06-15,11.36,12.39,11.21,11.52,,116.66,
1994-06-16,11.36,11.89,11.2,11.22,,120.35,120.26
1994-06-17,10.52,12.33,10.48,12.31,,116.78,116.66542857142856
1994-06-20,13.77,14.21,13.38,13.96,,115.8,115.63971428571428
1994-06-21,13.7,14.99,13.6,14.7,,115.15,115.03571428571428
1994-06-22,14.75,14.76,14.02,14.02,,122.98,123.09028571428571
1994-06-23,13.31,14.28,13.29,14.12,,115.21,115.146
1994-06-24,15.35,17.27,15.31,16.72,,112.32,112.20171428571429
1994-06-27,17.36,17.71,15.51,15.53,,122.76,122.85657142857143
1994-06-28,13.39,15.75,13.39,15.04,,114.96,114.86
1994-06-29,14.63,14.75,14.26,14.42,,115.77,115.70714285714286
1994-06-30,13.92,15.43,13.86,14.97,,116.34,116.274
1994-07-01,14.89,15.26,14.36,14.36,,115.47,115.24
1994-07-05,14.84,15.48,14.6,14.92,,112.44,112.21257142857142
1994-07-06,15.12,15.63,14.44,14.7,,112.43,112.14285714285714
1994-07-07,13.24,14.64,13.24,14.01,,114.29,114.168
1994-07-08,14.88,14.88,12.85,13.26,,114.84,114.79885714285714
1994-07-11,13.3,14.61,13.03,13.83,,116.59,
1994-07-12,13.9,14.16,13.04,13.4,,116.64,
1994-07-13,12.94,12.98,12.17,12.42,,117.9,
1994-07-14,12.69,12.88,11.39,11.64,,119.37,
1994-07-15,11.13,11.54,11.0,11.28,,114.5,
1994-07-18,11.49,11.68,11.16,11.44,,115.43,
1994-07-19,11.49,11.91,11.0,11.65,,115.1,
1994-07-20,11.51,12.13,11.5,11.7,,115.9,
1994-07-21,12.49,12.56,11.62,11.65,,117.7,117.77
1994-07-22,10.96,11.89,10.96,11.22,,116.21,116.22214285714286
1994-07-25,11.87,12.38,11.44,11.46,,118.68,118.68571428571428
1994-07-26,11.78,12.02,11.65,11.66,,117.57,117.56928571428571
1994-07-27,11.93,12.26,11.86,11.93,,116.76,116.75428571428571
1994-07-28,11.99,12.15,11.69,12.03,,119.35,119.495
1994-07-29,11.23,11.74,11.05,11.13,,117.62,117.57
1994-08-01,11.71,11.76,11.13,11.17,,117.2,116.9
1994-08-02,10.91,11.43,10.75,11.27,,115.7,115.37714285714286
1994-08-03,11.42,11.61,11.15,11.35,,114.78,114.62857142857143
1994-08-04,11.5,12.3,11.46,12.18,,114.62,114.315
1994-08-05,12.85,12.98,12.33,12.34,,115.09,115.09892857142857
1994-08-08,11.71,12.7,11.69,12.41,,114.55,114.41285714285715
1994-08-09,11.12,13.32,11.12,12.54,,116.42,116.41428571428571
1994-08-10,12.61,12.63,11.66,11.91,,116.87,116.74142857142857
1994-08-11,11.55,12.89,11.27,12.13,,114.74,114.76249999999999
1994-08-12,11.98,12.13,11.03,11.09,,119.19,
1994-08-15,11.92,12.73,11.65,12.06,,119.07,
1994-08-16,11.72,12.79,11.17,11.39,,118.52,
1994-08-17,11.17,11.62,11.16,11.54,,118.11,
1994-08-18,11.76,12.6,11.65,12.07,,119.52,119.59
1994-08-19,12.71,13.34,12.44,12.83,,120.32,120.35057142857143
1994-08-22,12.87,13.23,12.55,12.62,,118.8,118.86057142857143
1994-08-23,11.78,11.85,11.14,11.75,,118.5,118.50714285714285
1994-08-24,12.03,12.05,11.56,11.57,,118.82,118.72857142857143
1994-08-25,11.62,12.27,11.52,12.02,,116.33,116.164
1994-08-26,11.16,12.84,11.02,12.19,,112.35,112.07914285714286
1994-08-29,12.81,12.81,11.66,11.82,,120.85,120.37114285714284
1994-08-30,11.73,11.81,11.22,11.23,,115.14,114.95257142857143
1994-08-31,11.18,12.43,11.18,11.97,,112.19,111.96314285714286
1994-09-01,12.17,12.66,11.86,11.86,,114.01,113.792
1994-09-02,11.21,11.73,11.17,11.4,,115.12,114.91285714285713
1994-09-06,11.5,12.24,11.48,11.69,,115.51,115.26057142857142
1994-09-07,11.83,12.49,11.6,11.81,,116.51,116.35428571428571
1994-09-08,12.01,12.03,11.4,11.86,,116.57,116.45
1994-09-09,11.62,13.56,11.62,13.12,,117.34,117.28342857142857
1994-09-12,13.47,14.91,13.44,14.01,,116.23,
1994-09-13,12.96,14.59,12.96,13.77,,117.56,
1994-09-14,13.95,14.38,12.92,13.09,,117.88,
1994-09-15,11.87,13.0,11.43,11.88,,123.29,
1994-09-16,12.06,13.12,11.75,12.8,,119.94,
1994-09-19,12.89,13.26,12.71,13.06,,117.65,
1994-09-20,12.89,14.45,13.35,14.45,,118.1,
1994-09-21,13.65,16.08,13.63,14.49,,116.1,
1994-09-22,13.56,13.94,13.43,13.89,,114.98,114.89
1994-09-23,13.79,14.87,13.79,14.53,,114.79,114.71321428571429
1994-09-26,14.94,15.01,14.52,14.56,,114.53,114.38857142857142
1994-09-27,14.9,15.13,14.13,14.13,,113.03,112.74428571428571
1994-09-28,13.62,13.82,12.97,13.25,,114.38,114.18571428571428
1994-09-29,13.55,14.4,13.23,13.97,,113.57,113.28
1994-09-30,13.33,14.56,12.85,14.28,,113.81,113.67285714285714
1994-10-03,15.69,16.4,15.42,15.44,,115.81,115.595
1994-10-04,14.08,16.97,14.08,16.66,,113.6,113.65142857142857
1994-10-05,16.26,16.72,15.0,15.92,,115.93,115.90464285714286
1994-10-06,15.65,16.37,15.3,16.24,,116.57,116.425
1994-10-07,15.31,15.73,14.85,14.92,,114.39,114.05857142857143
1994-10-10,14.26,15.62,14.26,14.72,,117.6,117.19714285714286
1994-10-11,13.93,14.16,13.4,13.55,,115.85,115.81821428571429
1994-10-12,13.66,15.21,13.59,14.51,,116.61,116.6
1994-10-13,12.75,14.97,12.75,14.9,,118.82,118.815
1994-10-14,14.33,14.33,13.18,13.32,,116.93,116.91
1994-10-17,14.25,15.31,14.13,14.76,,116.38,
1994-10-18,14.4,15.6,14.38,14.59,,116.56,
1994-10-19,13.91,15.33,13.87,15.13,,117.53,
1994-10-20,15.5,16.45,15.5,15.99,,116.83,116.69
1994-10-21,16.14,16.46,15.81,15.91,,116.1,115.93464285714286
1994-10-24,15.97,17.22,15.87,16.97,,115.16,114.95285714285714
1994-10-25,17.18,17.18,16.11,16.13,,115.28,115.09178571428572
1994-10-26,15.7,16.03,15.53,15.7,,114.91,114.65142857142857
1994-10-27,15.2,15.9,15.2,15.67,,115.56,115.26750000000001
1994-10-28,15.11,15.22,14.56,14.56,,116.94,116.8
1994-10-31,14.73,15.17,14.2,14.56,,113.87,113.65571428571428
1994-11-01,14.61,15.18,14.61,14.84,,115.96,115.62142857142858
1994-11-02,15.28,15.47,14.41,15.34,,113.48,113.255
1994-11-03,14.32,16.43,14.32,15.58,,115.63,115.505
1994-11-04,14.99,16.87,14.87,16.75,,113.46,113.47178571428572
1994-11-07,16.88,17.87,16.82,17.37,,115.1,114.93214285714286
1994-11-08,15.57,16.92,15.54,16.3,,114.03,113.74714285714286
1994-11-09,15.95,17.33,15.83,16.42,,113.97,113.64571428571428
1994-11-10,16.11,16.74,15.67,16.0,,114.51,114.23
1994-11-11,15.07,16.91,14.99,16.5,,113.8,113.53571428571428
1994-11-14,16.96,16.99,16.68,16.68,,116.23,
1994-11-15,14.75,17.01,14.75,16.66,,116.5,
1994-11-16,15.73,16.03,15.56,15.56,,115.54,
1994-11-17,15.02,16.14,14.99,15.91,,113.8,113.71
1994-11-18,15.77,16.27,15.61,16.0,,115.46,115.42514285714286
1994-11-21,15.47,16.38,15.28,16.13,,112.44,112.33142857142857
1994-11-22,16.57,17.39,16.02,17.24,,108.47,108.41571428571429
1994-11-23,18.27,19.57,18.27,18.41,,114.43,114.46428571428571
1994-11-25,17.64,18.51,17.23,17.44,,113.34,113.28571428571429
1994-11-28,17.09,17.62,16.83,16.83,,114.65,114.58428571428571
1994-11-29,16.01,16.76,15.65,16.15,,113.42,113.29657142857143
1994-11-30,15.99,16.87,15.53,15.95,,112.99,112.93714285714286
1994-12-01,15.49,17.04,15.42,16.69,,113.89,113.902
1994-12-02,16.11,17.14,16.1,16.55,,115.73,115.71000000000001
1994-12-05,15.88,17.03,15.69,16.1,,115.3,115.17657142857144
1994-12-06,15.8,16.86,15.66,16.05,,114.25,114.17628571428571
1994-12-07,16.61,17.64,16.17,16.28,,113.73,113.61285714285715
1994-12-08,16.13,18.16,16.12,18.15,,114.74,114.79599999999999
1994-12-09,17.0,17.22,16.01,16.04,,115.06,114.98657142857142
1994-12-12,17.44,17.44,15.46,15.46,,113.84,
1994-12-13,15.04,15.17,14.33,14.48,,114.76,
1994-12-14,15.09,15.11,12.66,13.03,,116.75,
1994-12-15,13.79,13.79,12.67,12.87,,117.66,
1994-12-16,12.87,13.13,11.87,12.79,,115.63,
1994-12-19,12.87,13.67,13.02,13.02,,121.02,
1994-12-20,12.94,13.48,12.78,12.98,,116.62,
1994-12-21,12.9,12.94,11.91,12.05,,117.7,
1994-12-22,12.17,12.59,12.12,12.42,,117.88,117.74
1994-12-23,11.96,12.04,11.74,11.82,,118.4,118.18571428571428
1994-12-27,11.83,12.37,11.61,12.07,,117.58,117.3932142857143
1994-12-28,11.4,13.21,11.36,12.81,,119.13,119.37857142857143
1994-12-29,12.87,12.87,12.34,12.86,,116.89,116.7075
1994-12-30,12.48,13.48,12.34,13.2,,115.53,115.16714285714286
1995-01-03,14.09,14.71,13.39,14.25,,116.76,116.33714285714287
1995-01-04,13.87,14.15,13.53,13.53,,118.04,117.81678571428571
1995-01-05,13.7,14.19,13.37,13.5,,116.94,116.72
1995-01-06,13.67,13.76,12.79,13.13,,117.38,117.12
1995-01-09,13.53,14.08,13.21,13.33,,115.93,115.92142857142858
1995-01-10,12.49,13.25,11.97,12.52,,118.67,118.19964285714285
1995-01-11,12.03,13.13,11.95,12.15,,116.07,115.80857142857143
1995-01-12,12.74,13.56,12.64,12.83,,115.12,114.965
1995-01-13,11.46,11.86,11.02,11.1,,115.5,114.83714285714285
1995-01-16,11.45,11.53,11.06,11.14,,117.66,
1995-01-17,12.45,12.48,11.61,11.79,,117.52,
1995-01-18,11.24,11.9,11.21,11.57,,118.65,
1995-01-19,12.08,12.34,11.52,11.86,,116.76,116.68
1995-01-20,12.08,12.48,12.0,12.15,,116.55,116.43214285714286
1995-01-23,13.89,13.89,12.78,12.79,,118.83,118.75285714285714
1995-01-24,12.13,12.51,11.84,11.94,,117.5,117.30071428571429
1995-01-25,11.94,12.26,11.17,11.46,,117.61,117.47571428571428
1995-01-26,10.9,11.52,10.89,11.25,,116.56,116.3
1995-01-27,10.77,11.41,10.76,11.25,,114.23,114.15428571428572
1995-01-30,11.63,12.67,11.43,12.26,,115.89,115.92214285714286
1995-01-31,12.12,12.25,11.77,11.96,,115.43,115.28
1995-02-01,11.74,11.95,11.53,11.73,,115.72,115.59357142857144
1995-02-02,11.59,11.63,11.09,11.13,,115.94,115.795
1995-02-03,10.56,11.47,10.51,10.98,,115.19,114.89714285714285
1995-02-06,11.24,11.67,10.94,11.22,,114.26,114.08785714285715
1995-02-07,11.01,11.41,11.0,11.17,,114.3,113.90392857142857
1995-02-08,11.29,11.49,11.03,11.42,,111.1,110.80142857142857
1995-02-09,11.42,11.98,11.23,11.63,,112.69,112.4375
1995-02-10,11.5,11.71,11.16,11.28,,113.04,112.69857142857143
1995-02-13,11.74,11.77,11.29,11.41,,114.16,
1995-02-14,11.35,11.78,11.32,11.43,,114.05,
1995-02-15,11.49,11.74,11.28,11.52,,113.92,
1995-02-16,11.62,11.99,11.55,11.61,,114.95,114.86
1995-02-17,11.44,12.06,11.29,11.71,,114.68,114.63314285714286
1995-02-21,11.44,12.52,12.05,12.05,,114.98,114.90142857142857
1995-02-22,11.03,11.76,11.03,11.39,,113.87,113.75200000000001
1995-02-23,10.8,11.35,10.77,11.15,,113.47,113.354
1995-02-24,10.95,11.32,10.78,10.84,,113.21,112.99542857142858
1995-02-27,10.93,13.01,10.89,12.51,,114.73,114.66399999999999
1995-02-28,12.33,12.39,11.73,11.75,,113.05,112.87314285714285
1995-03-01,11.49,11.93,11.36,11.65,,112.4,112.19485714285713
1995-03-02,11.66,12.02,11.46,12.02,,112.04,111.89399999999999
1995-03-03,11.48,11.91,11.4,11.45,,110.66,110.45857142857143
1995-03-06,12.19,12.65,11.84,12.17,,112.36,112.29828571428571
1995-03-07,12.39,14.77,12.33,14.22,,122.24,122.69485714285715
1995-03-08,13.21,14.27,13.21,13.72,,119.08,119.28
1995-03-09,13.09,13.98,12.89,13.36,,119.94,120.188
1995-03-10,13.27,13.27,11.7,12.38,,114.32,113.95057142857144
1995-03-13,12.11,12.46,11.99,12.15,,116.5,
1995-03-14,11.68,12.61,11.4,12.1,,110.32,
1995-03-15,12.27,12.68,12.19,12.42,,108.74,
1995-03-16,12.27,12.38,11.78,11.95,,110.13,
1995-03-17,12.05,12.13,11.6,11.8,,111.18,
1995-03-20,11.88,11.9,11.34,11.34,,112.09,
1995-03-21,11.35,11.83,10.79,11.53,,112.12,
1995-03-22,11.36,11.72,11.27,11.29,,112.76,
1995-03-23,11.39,11.75,11.25,11.43,,113.9,113.9
1995-03-24,11.23,11.24,10.98,11.19,,115.62,115.405
1995-03-27,11.97,12.11,11.78,11.83,,116.15,116.15285714285714
1995-03-28,11.51,11.65,11.29,11.33,,116.31,116.19571428571429
1995-03-29,11.68,12.93,11.62,12.51,,115.68,115.70214285714285
1995-03-30,12.59,13.03,12.3,12.62,,116.27,116.325
1995-03-31,13.6,13.79,12.95,13.37,,115.88,115.99285714285715
1995-04-03,12.52,14.09,12.42,13.5,,116.13,116.16285714285715
1995-04-04,12.24,12.95,11.76,12.62,,117.01,116.82142857142857
1995-04-05,12.98,13.34,12.73,12.96,,116.87,116.58785714285715
1995-04-06,11.72,13.22,11.65,12.81,,116.63,116.315
1995-04-07,13.14,13.66,12.72,12.85,,115.64,115.5575
1995-04-10,13.3,13.42,12.62,12.79,,116.6,116.48714285714286
1995-04-11,12.59,13.6,11.64,12.73,,114.68,114.45535714285715
1995-04-12,12.29,12.84,11.8,12.04,,116.54,116.42571428571428
1995-04-13,11.22,11.87,11.1,11.48,,121.17,
1995-04-17,11.49,12.89,11.26,12.33,,113.62,
1995-04-18,12.21,13.07,12.16,12.96,,115.27,
1995-04-19,13.11,14.48,13.09,13.09,,117.85,
1995-04-20,12.16,12.94,12.09,12.1,,115.29,115.17
1995-04-21,11.21,12.26,10.95,11.86,,117.74,117.75678571428571
1995-04-24,11.78,12.09,11.55,11.92,,116.73,116.79
1995-04-25,11.93,12.53,11.93,12.41,,114.23,113.98392857142858
1995-04-26,12.78,12.84,12.25,12.28,,113.18,113.02142857142857
1995-04-27,11.81,12.15,11.71,11.93,,112.47,112.365
1995-04-28,11.54,12.37,11.51,11.75,,115.53,115.45571428571428
1995-05-01,11.21,12.68,11.12,12.14,,113.88,113.74714285714285
1995-05-02,12.18,12.33,11.78,11.88,,113.62,113.4057142857143
1995-05-03,11.8,11.82,11.44,11.69,,115.43,115.24535714285715
1995-05-04,11.46,13.46,11.4,12.64,,117.02,116.99000000000001
1995-05-05,11.91,12.66,11.82,12.06,,118.13,118.18392857142857
1995-05-08,11.37,12.37,11.29,12.22,,115.06,115.0942857142857
1995-05-09,12.26,13.01,12.17,12.75,,114.97,114.81678571428571
1995-05-10,12.94,13.44,12.81,13.08,,115.52,115.66571428571429
1995-05-11,13.29,13.59,12.87,12.98,,115.4,115.3125
1995-05-12,11.2,12.61,11.18,11.84,,116.95,116.79714285714286
1995-05-15,12.09,12.64,11.78,12.38,,116.22,
1995-05-16,12.13,12.65,12.03,12.2,,115.62,
1995-05-17,12.28,12.65,12.11,12.36,,116.83,
1995-05-18,11.89,13.49,11.89,13.13,,116.04,115.87
1995-05-19,12.73,13.6,12.6,12.81,,117.92,117.97628571428571
1995-05-22,12.22,12.27,11.49,11.68,,114.07,114.00142857142858
1995-05-23,11.14,11.74,11.05,11.55,,113.36,113.19142857142857
1995-05-24,10.29,11.85,10.08,11.26,,112.92,112.76971428571429
1995-05-25,11.76,11.99,11.31,11.63,,115.03,114.944
1995-05-26,11.63,12.56,11.63,12.2,,114.53,114.56342857142857
1995-05-30,12.13,12.97,12.1,12.52,,112.91,112.93428571428572
1995-05-31,12.49,12.96,12.05,12.85,,110.6,110.29685714285714
1995-06-01,12.16,12.85,12.12,12.21,,111.8,111.546
1995-06-02,12.77,13.31,12.41,12.98,,114.03,113.98285714285714
1995-06-05,13.5,14.05,13.27,13.45,,112.34,112.46942857142858
1995-06-06,12.96,13.63,12.91,13.0,,112.54,112.57828571428571
1995-06-07,13.22,13.99,12.78,12.84,,112.84,112.86857142857143
1995-06-08,13.01,13.03,12.63,12.89,,111.94,111.918
1995-06-09,12.62,13.45,12.36,12.76,,114.43,114.40457142857143
1995-06-12,12.0,12.72,11.71,11.91,,116.41,
1995-06-13,11.35,12.0,11.05,11.29,,115.53,
1995-06-14,12.16,12.19,11.01,11.29,,113.27,
1995-06-15,11.72,12.05,10.95,11.23,,114.04,
1995-06-16,10.36,10.95,10.36,10.75,,111.98,
1995-06-19,10.6,11.35,10.6,11.21,,110.37,
1995-06-20,11.26,11.47,11.1,11.16,,111.27,
1995-06-21,11.52,11.6,11.19,11.32,,108.04,
1995-06-22,10.92,11.73,10.88,11.44,,107.64,107.51
1995-06-23,11.43,11.51,10.97,11.12,,109.42,109.365
1995-06-26,10.98,12.12,10.98,11.8,,109.23,109.29285714285714
1995-06-27,11.85,12.57,11.66,12.37,,108.01,107.9992857142857
1995-06-28,12.3,12.41,11.61,11.74,,108.97,108.99285714285713
1995-06-29,11.59,12.19,11.47,11.59,,110.99,111.16
1995-06-30,11.07,11.51,10.75,11.38,,108.94,108.99142857142857
1995-07-03,11.36,12.55,11.23,11.57,,111.7,111.835
1995-07-05,11.86,12.39,11.19,12.1,,110.53,110.58392857142857
1995-07-06,12.35,12.39,11.43,11.52,,109.36,109.19999999999999
1995-07-07,11.76,12.11,11.72,11.77,,111.21,111.085
1995-07-10,11.19,12.87,10.93,12.19,,108.99,108.98714285714286
1995-07-11,11.97,13.06,11.87,12.25,,108.84,108.78607142857143
1995-07-12,12.25,12.75,12.07,12.31,,108.23,108.21857142857142
1995-07-13,11.13,13.3,10.92,12.56,,107.79,107.755
1995-07-14,12.73,12.96,11.99,12.08,,107.39,107.24642857142858
1995-07-17,12.35,12.69,12.22,12.26,,107.23,
1995-07-18,12.55,13.05,12.45,12.68,,106.94,
1995-07-19,13.48,15.26,12.99,13.49,,107.98,
1995-07-20,13.46,13.8,12.77,12.78,,108.3,108.05
1995-07-21,11.94,13.27,11.73,12.37,,108.42,108.1775
1995-07-24,12.64,12.77,12.39,12.55,,109.74,109.55714285714286
1995-07-25,12.73,13.05,12.54,12.77,,109.11,108.95142857142856
1995-07-26,12.85,13.67,12.85,13.18,,108.71,108.54857142857142
1995-07-27,13.34,13.35,13.02,13.18,,112.39,112.53999999999999
1995-07-28,13.05,13.82,13.03,13.18,,113.06,113.30285714285715
1995-07-31,13.22,13.87,13.22,13.49,,109.51,109.45428571428572
1995-08-01,13.44,14.15,13.39,13.56,,111.28,111.34571428571428
1995-08-02,13.28,13.98,13.09,13.66,,109.25,109.33178571428572
1995-08-03,14.46,14.49,13.76,13.78,,110.84,110.935
1995-08-04,12.9,13.81,12.83,13.21,,110.91,111.01535714285714
1995-08-07,13.62,13.99,13.06,13.1,,109.11,108.98714285714287
1995-08-08,13.25,13.31,13.06,13.06,,111.08,111.01535714285714
1995-08-09,12.78,13.02,12.6,12.75,,109.13,108.94142857142857
1995-08-10,12.87,13.35,12.57,13.0,,110.66,110.715
1995-08-11,12.45,13.34,12.45,12.9,,112.64,112.46571428571428
1995-08-14,12.69,14.35,12.67,13.24,,113.8,
1995-08-15,12.31,12.76,12.27,12.35,,111.85,
1995-08-16,11.6,12.59,11.47,12.45,,113.6,
1995-08-17,12.17,12.83,12.09,12.13,,112.49,112.48
1995-08-18,11.47,12.27,11.36,12.03,,113.78,113.74571428571429
1995-08-21,12.08,13.78,11.89,13.42,,114.17,114.20171428571429
1995-08-22,12.54,12.98,12.43,12.6,,114.5,114.53999999999999
1995-08-23,11.82,13.37,11.8,13.17,,113.59,113.558
1995-08-24,13.31,13.52,12.86,12.94,,114.68,114.706
1995-08-25,12.23,12.69,12.11,12.33,,114.34,114.41685714285714
1995-08-28,12.15,13.2,12.05,12.48,,113.06,113.042
1995-08-29,11.68,13.8,11.63,12.65,,114.44,114.49428571428571
1995-08-30,11.77,12.42,11.74,12.03,,114.22,114.22257142857143
1995-08-31,11.61,11.95,11.36,11.52,,112.51,112.46000000000001
1995-09-01,11.15,11.68,10.83,11.29,,113.62,113.57285714285715
1995-09-05,11.44,12.03,11.28,11.65,,112.09,112.098
1995-09-06,10.31,12.08,10.19,11.65,,114.57,114.59142857142857
1995-09-07,10.65,12.53,10.65,11.85,,113.6,113.484
1995-09-08,11.01,11.94,10.49,11.16,,115.02,115.01485714285714
1995-09-11,11.79,12.09,11.31,11.51,,115.81,
1995-09-12,11.67,12.15,11.32,11.46,,116.36,
1995-09-13,11.66,12.0,11.18,11.35,,117.41,
1995-09-14,11.29,11.93,10.87,11.1,,117.23,
1995-09-15,11.13,11.84,11.0,11.58,,119.04,
1995-09-18,12.38,12.72,12.3,12.34,,119.53,
1995-09-19,12.5,13.31,12.4,12.67,,119.21,
1995-09-20,12.75,12.81,12.35,12.35,,118.99,
1995-09-21,11.95,13.18,11.89,12.5,,116.15,116.22
1995-09-22,12.79,12.94,12.37,12.46,,118.63,118.84107142857142
1995-09-25,12.33,13.43,12.31,13.22,,117.4,117.58285714285714
1995-09-26,12.21,13.23,12.08,12.9,,117.36,117.47107142857143
1995-09-27,12.73,13.95,12.48,12.9,,119.39,119.62214285714286
1995-09-28,11.72,12.87,11.67,12.46,,117.91,117.9175
1995-09-29,12.2,13.25,12.09,12.74,,115.35,115.34857142857143
1995-10-02,12.4,14.37,12.29,13.95,,117.48,117.65571428571428
1995-10-03,14.52,14.94,14.26,14.5,,118.99,119.16857142857144
1995-10-04,13.31,15.42,13.31,14.86,,118.29,118.50142857142856
1995-10-05,14.15,16.29,14.12,15.74,,118.56,118.56
1995-10-06,13.45,14.71,13.45,13.98,,118.2,118.27464285714285
1995-10-09,14.61,15.52,14.58,14.85,,117.52,117.65857142857142
1995-10-10,14.61,16.47,14.97,14.97,,119.15,119.15214285714286
1995-10-11,14.74,14.82,14.43,14.57,,118.84,118.71714285714286
1995-10-12,14.34,14.64,13.66,14.24,,119.95,119.865
1995-10-13,13.95,14.39,13.49,13.67,,118.0,118.00142857142858
1995-10-16,15.04,15.35,14.57,14.62,,119.47,
1995-10-17,14.63,14.86,14.03,14.03,,121.64,
1995-10-18,12.57,14.56,12.55,14.05,,120.11,
1995-10-19,14.38,14.38,13.48,13.55,,121.68,121.75
1995-10-20,13.46,13.77,13.13,13.46,,119.72,119.66035714285715
1995-10-23,14.63,14.7,14.03,14.17,,117.78,117.82571428571428
1995-10-24,14.01,14.33,13.85,13.85,,117.09,117.12142857142857
1995-10-25,13.41,14.72,13.39,14.49,,116.36,116.36071428571428
1995-10-26,14.47,16.99,14.41,15.59,,115.43,115.3925
1995-10-27,15.79,15.9,14.63,14.63,,116.83,116.86
1995-10-30,14.48,14.8,14.25,14.26,,114.1,114.02714285714286
1995-10-31,13.9,14.08,13.43,13.83,,112.64,112.53
1995-11-01,13.98,13.98,13.39,13.41,,113.56,113.47321428571429
1995-11-02,13.37,13.64,13.09,13.19,,113.38,113.205
1995-11-03,12.12,13.08,12.12,12.26,,111.61,111.34642857142858
1995-11-06,13.09,13.45,12.66,12.74,,113.16,113.12714285714286
1995-11-07,12.92,13.99,12.78,13.05,,112.32,112.31464285714286
1995-11-08,12.85,13.03,12.11,12.16,,112.75,112.61857142857143
1995-11-09,12.35,13.19,12.31,12.46,,112.45,112.3675
1995-11-10,12.62,13.45,12.61,12.97,,114.36,114.46928571428572
1995-11-13,13.52,14.1,13.01,13.2,,113.6,
1995-11-14,13.77,13.97,13.14,13.38,,112.78,
1995-11-15,13.44,13.9,12.94,12.95,,112.48,
1995-11-16,12.88,13.01,12.47,12.57,,113.2,113.2
1995-11-17,12.61,12.8,12.35,12.49,,115.38,115.39885714285714
1995-11-20,12.75,13.27,12.17,12.37,,115.06,115.062
1995-11-21,11.89,12.34,11.73,11.74,,115.82,115.86285714285715
1995-11-22,11.91,11.96,11.61,11.81,,116.66,116.76742857142857
1995-11-24,11.91,12.8,11.81,11.87,,115.96,116.03628571428571
1995-11-27,10.57,12.7,10.57,12.43,,117.5,117.73542857142857
1995-11-28,11.94,12.26,11.52,11.57,,119.06,119.1
1995-11-29,11.0,11.96,10.93,11.65,,118.62,118.80285714285714
1995-11-30,10.9,11.92,10.9,11.58,,117.29,117.41000000000001
1995-12-01,11.12,11.64,11.04,11.11,,116.65,116.83
1995-12-04,11.12,11.35,10.06,10.66,,116.28,116.31285714285714
1995-12-05,11.12,11.98,10.47,11.65,,120.18,120.27
1995-12-06,10.84,13.17,10.82,12.7,,121.85,122.11857142857143
1995-12-07,12.5,13.18,12.14,12.74,,120.53,120.73400000000001
1995-12-08,12.5,12.67,10.15,11.12,,119.68,119.90828571428573
1995-12-11,12.14,12.21,10.88,11.06,,119.57,
1995-12-12,10.38,11.34,10.07,10.63,,118.44,
1995-12-13,11.51,11.51,10.15,10.36,,118.29,
1995-12-14,10.67,11.44,10.27,11.07,,115.99,
1995-12-15,11.22,12.22,11.12,11.44,,118.76,
1995-12-18,11.22,14.86,11.02,14.55,,117.83,
1995-12-19,15.42,15.42,13.11,13.16,,115.02,
1995-12-20,11.84,12.34,11.11,12.2,,115.07,
1995-12-21,13.01,13.01,10.65,10.77,,114.28,114.46
1995-12-22,11.29,11.58,10.97,11.51,,113.67,113.85
1995-12-26,11.72,11.87,11.48,11.49,,114.04,114.2225
1995-12-27,11.24,12.65,11.19,11.98,,113.46,113.64928571428571
1995-12-28,11.91,12.37,11.9,12.25,,113.11,113.3125
1995-12-29,12.59,13.14,12.31,12.52,,112.0,112.09714285714286
1996-01-02,13.39,13.39,12.19,12.19,,113.21,113.37
1996-01-03,11.53,12.29,11.45,12.1,,113.12,113.25714285714287
1996-01-04,11.24,14.23,11.23,13.78,,112.27,112.50999999999999
1996-01-05,14.02,14.74,13.55,13.58,,113.26,113.50464285714285
1996-01-08,14.02,13.22,12.44,13.11,,112.93,113.06857142857143
1996-01-09,13.04,15.48,13.04,15.21,,111.19,111.37392857142856
1996-01-10,16.55,16.87,15.65,16.4,,116.0,115.94285714285714
1996-01-11,15.76,16.1,14.62,14.69,,113.74,113.57249999999999
1996-01-12,14.28,15.0,14.15,14.23,,115.09,114.84428571428572
1996-01-15,14.12,15.13,14.03,14.99,,116.0,
1996-01-16,14.62,15.33,14.09,14.09,,115.96,
1996-01-17,14.0,14.31,13.55,14.25,,113.36,
1996-01-18,13.72,14.36,13.54,13.58,,113.26,113.27
1996-01-19,13.55,13.57,12.59,12.7,,114.03,114.06607142857143
1996-01-22,12.88,13.53,12.52,13.34,,113.68,113.60428571428571
1996-01-23,13.56,13.67,13.32,13.56,,114.34,114.43571428571428
1996-01-24,12.92,12.99,12.5,12.54,,110.77,110.59857142857143
1996-01-25,12.31,12.99,12.28,12.94,,112.46,112.455
1996-01-26,12.64,12.65,11.91,12.0,,113.27,113.34857142857143
1996-01-29,12.07,12.34,12.05,12.19,,110.74,110.7492857142857
1996-01-30,11.45,12.42,11.39,12.42,,112.12,112.12857142857142
1996-01-31,12.37,13.04,12.35,12.53,,113.75,113.83964285714286
1996-02-01,11.44,12.87,11.11,12.65,,113.0,113.10499999999999
1996-02-02,12.51,13.48,12.42,13.23,,115.19,115.44142857142857
1996-02-05,13.79,14.04,13.37,13.46,,115.81,115.97928571428571
1996-02-06,13.99,14.68,13.51,14.59,,112.96,113.12785714285714
1996-02-07,14.29,14.77,14.04,14.11,,117.01,117.18285714285715
1996-02-08,13.96,14.11,13.43,13.89,,116.98,117.14250000000001
1996-02-09,14.27,15.4,14.17,14.63,,115.64,115.72714285714287
1996-02-12,14.53,14.99,14.43,14.69,,113.61,
1996-02-13,14.53,15.42,14.61,14.94,,113.1,
1996-02-14,15.02,15.6,14.68,15.59,,109.41,
1996-02-15,15.7,16.31,15.64,16.13,,109.54,109.49
1996-02-16,14.93,16.35,14.93,15.37,,110.1,110.03971428571428
1996-02-20,16.23,17.18,16.17,16.8,,111.57,111.55571428571429
1996-02-21,15.53,15.56,14.47,14.47,,109.97,109.82057142857143
1996-02-22,14.14,14.57,14.0,14.56,,108.81,108.652
1996-02-23,14.93,15.81,14.64,14.78,,110.07,110.00028571428571
1996-02-26,15.47,16.39,15.44,16.38,,109.33,109.22399999999999
1996-02-27,16.51,17.03,16.45,16.63,,108.94,108.77171428571428
1996-02-28,15.51,16.84,15.36,16.72,,109.12,109.03628571428571
1996-02-29,16.88,17.39,16.37,17.04,,107.11,106.944
1996-03-01,17.13,17.92,16.67,16.72,,109.3,109.14
1996-03-04,16.78,17.03,16.2,16.67,,108.94,108.75314285714286
1996-03-05,16.64,16.68,16.1,16.1,,110.48,110.41114285714285
1996-03-06,16.03,16.58,16.03,16.56,,111.42,111.32571428571428
1996-03-07,16.85,17.1,16.41,16.49,,110.25,110.25
1996-03-08,18.86,21.36,17.5,20.7,,111.15,111.2702857142857
1996-03-11,17.34,21.26,17.29,19.4,,114.29,
1996-03-12,18.37,19.81,18.22,19.09,,110.35,
1996-03-13,18.52,18.87,18.02,18.13,,113.47,
1996-03-14,17.79,18.2,16.93,16.93,,114.37,
1996-03-15,15.15,17.1,14.98,16.54,,114.47,
1996-03-18,16.5,17.39,16.49,17.31,,112.29,
1996-03-19,16.93,18.42,16.81,18.35,,113.24,
1996-03-20,18.3,19.45,18.28,18.66,,113.24,
1996-03-21,18.36,18.36,17.58,17.74,,111.69,111.8
1996-03-22,17.41,17.42,16.93,17.05,,113.84,114.02714285714286
1996-03-25,17.13,17.98,17.12,17.84,,113.28,113.46000000000001
1996-03-26,18.23,18.26,17.66,17.8,,113.81,114.03035714285714
1996-03-27,17.31,18.3,17.31,17.89,,111.82,111.88642857142857
1996-03-28,17.8,18.32,17.68,18.16,,112.97,113.025
1996-03-29,18.25,18.88,18.03,18.88,,114.26,114.36857142857143
1996-04-01,18.42,18.71,17.88,17.9,,115.65,115.80428571428571
1996-04-02,16.98,17.34,16.27,16.45,,114.11,114.19142857142857
1996-04-03,16.36,16.56,16.16,16.33,,114.75,114.80642857142857
1996-04-04,16.15,16.2,15.89,16.18,,114.45,114.485
1996-04-08,16.15,20.78,18.15,18.72,,117.61,117.82642857142858
1996-04-09,16.96,17.42,16.96,17.32,,114.41,114.50428571428571
1996-04-10,17.79,20.46,17.52,20.22,,113.06,112.86999999999999
1996-04-11,19.41,21.09,19.23,19.65,,112.95,112.8575
1996-04-12,18.69,18.73,17.31,17.38,,114.4,114.41142857142857
1996-04-15,17.54,17.54,16.82,16.83,,114.51,
1996-04-16,16.51,16.56,16.21,16.45,,114.44,
1996-04-17,16.5,17.3,16.36,17.07,,114.38,
1996-04-18,16.69,17.06,16.24,16.41,,113.79,113.77
1996-04-19,14.56,15.4,14.3,15.12,,116.11,116.178
1996-04-22,14.76,15.7,14.76,15.38,,117.1,117.17457142857143
1996-04-23,14.95,15.46,14.89,15.01,,113.12,113.09142857142857
1996-04-24,14.01,15.13,13.99,14.91,,112.9,112.83457142857142
1996-04-25,14.69,15.35,14.59,14.72,,112.68,112.574
1996-04-26,14.56,14.93,14.46,14.75,,112.94,112.84485714285715
1996-04-29,15.54,15.67,15.35,15.45,,113.07,112.97885714285714
1996-04-30,15.75,16.01,15.71,15.83,,113.96,113.96142857142857
1996-05-01,15.89,16.87,15.75,16.07,,112.75,112.67514285714286
1996-05-02,16.75,18.96,16.72,18.62,,114.82,114.838
1996-05-03,16.61,17.39,15.56,16.7,,114.97,115.01714285714286
1996-05-06,16.89,17.87,16.72,16.92,,113.71,113.70685714285715
1996-05-07,16.62,17.24,16.52,16.87,,111.87,111.782
1996-05-08,17.2,18.69,15.78,15.78,,113.2,113.15285714285714
1996-05-09,15.48,17.05,15.38,16.99,,112.03,111.92
1996-05-10,16.2,16.32,15.3,15.61,,113.43,113.38199999999999
1996-05-13,16.26,16.26,14.88,15.16,,115.8,
1996-05-14,15.01,15.18,14.66,14.9,,114.6,
1996-05-15,14.57,15.83,14.57,15.59,,113.91,
1996-05-16,16.01,16.01,15.53,15.71,,115.08,
1996-05-17,14.74,15.2,14.56,15.13,,113.16,
1996-05-20,15.05,16.36,14.89,15.8,,113.17,
1996-05-21,15.66,16.37,15.59,16.0,,114.21,
1996-05-22,16.0,16.1,15.46,15.5,,114.83,
1996-05-23,15.79,16.41,15.73,16.17,,113.57,113.67
1996-05-24,15.58,15.76,15.44,15.54,,113.82,113.91392857142857
1996-05-28,16.1,16.97,16.04,16.92,,112.05,112.15857142857142
1996-05-29,16.97,17.75,16.75,17.15,,112.86,112.99214285714285
1996-05-30,17.06,17.14,16.01,16.02,,113.17,113.2525
1996-05-31,15.74,16.29,15.5,16.07,,111.71,111.71714285714286
1996-06-03,16.8,17.03,16.58,16.86,,112.59,112.66607142857143
1996-06-04,16.35,16.39,16.12,16.18,,112.18,112.22714285714285
1996-06-05,16.04,16.45,15.93,16.04,,112.59,112.62035714285715
1996-06-06,16.34,16.86,16.33,16.84,,111.74,111.8
1996-06-07,17.67,17.69,16.1,16.1,,111.79,111.80285714285714
1996-06-10,16.57,17.16,16.55,16.78,,111.09,110.98857142857143
1996-06-11,16.38,16.82,16.0,16.68,,112.44,112.27392857142857
1996-06-12,16.47,17.2,16.35,17.0,,112.01,111.79285714285714
1996-06-13,16.82,17.67,16.8,17.12,,112.11,111.935
1996-06-14,17.1,18.88,16.7,18.64,,111.38,111.21285714285715
1996-06-17,17.27,17.9,17.11,17.46,,112.55,
1996-06-18,16.69,17.47,16.64,17.45,,110.95,
1996-06-19,17.55,17.71,17.18,17.54,,112.66,
1996-06-20,17.08,17.31,16.73,16.97,,112.58,112.84
1996-06-21,14.9,16.12,14.53,15.8,,112.44,112.62607142857142
1996-06-24,16.08,16.38,15.75,15.91,,110.76,110.87
1996-06-25,15.5,15.85,15.39,15.43,,110.46,110.55785714285715
1996-06-26,15.07,15.57,14.95,15.23,,110.26,110.40857142857143
1996-06-27,15.08,15.1,14.15,14.19,,109.02,109.02
1996-06-28,13.92,13.92,13.55,13.68,,108.3,108.24857142857142
1996-07-01,13.83,14.08,13.75,13.78,,108.97,108.91392857142857
1996-07-02,13.93,14.45,13.92,14.19,,109.67,109.71571428571428
1996-07-03,13.88,14.66,13.8,14.21,,108.97,108.99464285714286
1996-07-05,16.25,16.84,14.92,16.09,,109.45,109.6067857142857
1996-07-08,16.68,16.83,15.93,16.42,,108.23,108.36214285714286
1996-07-09,16.02,16.02,15.43,15.49,,107.92,107.97607142857143
1996-07-10,16.06,16.47,15.51,15.51,,110.82,110.53428571428572
1996-07-11,15.81,19.2,15.76,17.81,,111.24,111.28
1996-07-12,16.99,17.5,16.79,17.09,,110.88,110.795
1996-07-15,17.14,20.11,17.13,20.11,,109.02,
1996-07-16,20.28,27.05,19.48,20.1,,109.26,
1996-07-17,19.38,20.34,19.12,19.22,,110.93,
1996-07-18,18.78,19.57,17.92,17.93,,113.23,113.27
1996-07-19,16.74,17.86,16.73,17.26,,112.9,112.94685714285714
1996-07-22,19.3,21.31,19.3,20.41,,112.93,112.90971428571429
1996-07-23,19.3,21.8,19.28,21.55,,110.92,110.81
1996-07-24,23.9,24.19,21.43,21.44,,111.8,111.73257142857143
1996-07-25,19.59,19.69,18.61,19.39,,113.94,113.964
1996-07-26,18.69,18.8,17.35,17.45,,114.67,114.76571428571428
1996-07-29,18.56,20.51,18.44,20.09,,113.21,113.18828571428571
1996-07-30,19.83,21.57,19.83,20.53,,114.54,114.55799999999999
1996-07-31,19.88,20.2,19.27,19.46,,116.61,116.71628571428572
1996-08-01,19.39,19.39,18.23,18.76,,116.21,116.24000000000001
1996-08-02,16.38,17.49,16.16,16.19,,114.13,114.03857142857143
1996-08-05,17.12,17.54,16.84,17.36,,114.43,114.3982857142857
1996-08-06,17.75,17.88,16.93,16.93,,114.55,114.47885714285714
1996-08-07,16.88,17.17,16.22,16.24,,114.69,114.57428571428571
1996-08-08,16.28,16.58,15.97,16.04,,113.92,113.726
1996-08-09,16.01,16.53,15.25,15.77,,112.57,112.34828571428571
1996-08-12,16.14,16.5,15.45,15.57,,114.21,
1996-08-13,16.29,17.0,15.71,16.41,,114.08,
1996-08-14,16.53,16.61,15.84,15.96,,114.72,
1996-08-15,16.09,16.09,15.29,15.46,,114.33,
1996-08-16,15.0,15.73,14.57,14.81,,114.57,
1996-08-19,15.27,15.49,15.22,15.27,,114.83,
1996-08-20,15.19,15.54,14.73,14.73,,113.3,
1996-08-21,14.91,15.1,14.51,14.52,,114.63,
1996-08-22,13.9,13.91,13.22,13.71,,113.04,112.96
1996-08-23,13.71,15.08,13.67,14.18,,113.78,113.76321428571428
1996-08-26,14.74,15.66,14.7,15.38,,113.06,113.01285714285714
1996-08-27,14.57,15.62,14.54,15.11,,113.48,113.42785714285714
1996-08-28,14.88,15.98,14.84,15.1,,112.93,112.85142857142857
1996-08-29,15.43,16.69,15.43,16.22,,113.36,113.31
1996-08-30,16.09,17.25,16.09,17.01,,114.32,114.29285714285714
1996-09-03,19.78,19.78,18.27,18.47,,115.18,115.19714285714286
1996-09-04,18.61,19.07,18.55,18.64,,115.33,115.34142857142857
1996-09-05,19.07,20.53,18.96,20.51,,115.9,115.86500000000001
1996-09-06,18.15,18.19,16.84,17.1,,115.85,115.73785714285714
1996-09-09,17.1,17.13,16.29,16.36,,114.32,114.32642857142856
1996-09-10,16.42,16.8,16.25,16.25,,115.14,114.98642857142858
1996-09-11,16.56,16.56,15.91,16.06,,115.34,115.2642857142857
1996-09-12,15.36,16.09,15.36,15.97,,115.44,115.255
1996-09-13,15.51,15.89,15.15,15.2,,115.39,115.22071428571428
1996-09-16,15.4,15.96,15.24,15.43,,113.25,
1996-09-17,15.86,16.22,15.56,15.74,,115.55,
1996-09-18,16.27,16.46,15.76,15.86,,114.07,
1996-09-19,16.09,16.49,15.93,16.03,,113.73,113.52
1996-09-20,14.57,16.18,14.55,15.65,,115.26,115.13178571428571
1996-09-23,16.33,16.74,16.32,16.46,,115.74,115.64
1996-09-24,16.55,16.9,16.13,16.45,,116.06,115.96464285714286
1996-09-25,15.86,16.33,15.82,16.22,,116.65,116.56642857142857
1996-09-26,16.13,16.51,15.7,16.11,,115.43,115.445
1996-09-27,16.57,16.66,16.04,16.1,,115.81,115.72142857142858
1996-09-30,16.33,17.08,16.21,16.95,,114.8,114.77642857142857
1996-10-01,16.9,17.52,16.8,17.05,,115.67,115.66428571428571
1996-10-02,16.92,17.12,16.69,16.78,,116.1,116.03535714285714
1996-10-03,16.73,16.98,16.48,16.77,,115.82,115.755
1996-10-04,15.46,15.46,14.78,14.8,,115.81,115.55821428571429
1996-10-07,15.06,15.51,14.96,15.11,,116.48,116.14857142857143
1996-10-08,15.35,15.63,15.02,15.58,,116.52,116.28964285714287
1996-10-09,15.66,16.3,15.62,16.09,,114.99,114.87285714285714
1996-10-10,16.33,16.35,15.92,16.26,,114.65,114.5725
1996-10-11,15.5,15.57,14.96,15.07,,114.07,114.07785714285714
1996-10-14,14.77,15.38,14.63,15.13,,113.06,
1996-10-15,14.82,16.77,14.82,15.83,,114.25,
1996-10-16,15.82,16.07,15.59,15.6,,114.45,
1996-10-17,15.25,15.46,14.99,15.41,,113.57,113.52
1996-10-18,15.52,15.55,15.02,15.08,,113.69,113.622
1996-10-21,15.53,16.23,15.25,15.98,,113.99,113.976
1996-10-22,16.29,16.79,16.24,16.4,,113.89,113.88000000000001
1996-10-23,16.66,17.16,16.2,16.45,,114.12,114.14514285714286
1996-10-24,16.17,17.0,16.17,16.89,,112.61,112.556
1996-10-25,17.09,17.62,16.84,17.29,,113.56,113.54828571428571
1996-10-28,17.27,18.36,17.13,18.34,,112.93,112.89085714285714
1996-10-29,18.44,18.84,18.09,18.28,,113.49,113.45428571428572
1996-10-30,18.17,19.21,18.17,18.48,,113.45,113.40571428571428
1996-10-31,18.14,18.33,17.82,18.11,,112.54,112.446
1996-11-01,17.29,18.3,17.26,17.89,,112.54,112.51428571428572
1996-11-04,18.33,18.61,18.03,18.04,,112.88,112.82685714285714
1996-11-05,17.32,17.67,16.97,17.65,,113.7,113.71114285714286
1996-11-06,16.74,17.33,16.05,16.97,,114.03,114.08142857142856
1996-11-07,16.84,17.52,16.66,17.21,,114.79,114.842
1996-11-08,16.52,16.55,15.62,15.78,,116.92,117.15285714285714
1996-11-11,14.73,14.73,13.88,14.04,,113.48,
1996-11-12,15.89,16.14,15.22,15.36,,114.48,
1996-11-13,14.94,15.41,14.7,14.89,,114.81,
1996-11-14,14.62,14.62,13.63,13.79,,115.44,
1996-11-15,13.61,14.88,13.45,14.36,,115.92,
1996-11-18,14.71,15.48,14.71,15.12,,114.95,
1996-11-19,15.04,15.61,14.96,15.23,,115.86,
1996-11-20,15.39,16.1,15.23,15.94,,115.0,
1996-11-21,16.08,16.53,15.77,15.77,,115.53,115.39
1996-11-22,15.06,15.24,14.68,14.92,,114.72,114.6075
1996-11-25,15.47,16.03,15.17,15.91,,113.62,113.51857142857143
1996-11-26,16.67,17.67,16.55,16.97,,114.08,113.99892857142856
1996-11-27,17.0,17.22,16.86,16.96,,112.19,112.04928571428572
1996-11-29,16.76,18.26,16.68,17.14,,112.11,111.98857142857143
1996-12-02,18.66,18.73,17.93,17.93,,113.03,112.86678571428573
1996-12-03,17.7,18.82,17.59,18.68,,111.67,111.53571428571428
1996-12-04,18.76,18.92,17.91,17.93,,112.13,111.97964285714286
1996-12-05,17.59,18.52,17.38,18.14,,111.94,111.745
1996-12-06,20.36,21.88,18.44,18.82,,113.79,113.73321428571428
1996-12-09,18.5,18.52,17.75,17.75,,111.78,111.72571428571429
1996-12-10,17.36,17.91,17.19,17.88,,111.41,111.37035714285715
1996-12-11,18.61,20.43,18.61,19.68,,112.4,112.38571428571429
1996-12-12,18.69,20.45,18.66,20.45,,111.32,111.315
1996-12-13,20.85,21.32,19.81,21.09,,113.94,114.05357142857143
1996-12-16,21.04,22.04,20.73,21.99,,114.39,
1996-12-17,21.99,22.13,20.4,20.77,,113.54,
1996-12-18,20.07,20.08,18.94,19.42,,113.99,
1996-12-19,18.94,18.97,18.46,18.77,,112.97,112.92
1996-12-20,16.84,19.72,16.83,18.85,,114.91,114.96142857142857
1996-12-23,19.27,19.67,18.99,19.5,,113.42,113.45171428571429
1996-12-24,19.22,19.22,18.68,18.68,,116.33,116.44571428571429
1996-12-26,18.33,18.71,18.19,18.59,,114.13,114.092
1996-12-27,18.67,19.13,18.67,19.13,,114.29,114.31428571428572
1996-12-30,19.7,19.72,19.23,19.51,,114.7,114.73685714285713
1996-12-31,19.86,20.92,19.8,20.92,,113.02,113.02
1997-01-02,21.54,22.8,21.1,21.14,,114.82,114.854
1997-01-03,19.82,19.92,19.04,19.13,,113.77,113.68714285714286
1997-01-06,19.84,20.44,19.42,19.89,,112.21,112.08314285714286
1997-01-07,20.46,20.71,19.31,19.35,,113.45,113.32600000000001
1997-01-08,18.6,20.53,18.6,20.24,,113.06,113.00714285714285
1997-01-09,19.99,21.1,19.87,20.91,,112.93,112.852
1997-01-10,20.75,20.82,19.51,19.63,,114.2,114.13428571428571
1997-01-13,19.47,20.23,19.28,19.84,,109.55,
1997-01-14,20.1,20.1,18.83,19.27,,112.56,
1997-01-15,19.39,19.74,19.14,19.4,,112.23,
1997-01-16,19.59,20.07,19.22,19.61,,112.91,
1997-01-17,19.78,19.82,18.6,18.63,,110.84,
1997-01-20,19.18,19.18,18.41,18.6,,111.32,
1997-01-21,18.69,18.7,17.8,17.81,,111.76,
1997-01-22,18.02,18.02,17.07,17.09,,112.76,
1997-01-23,16.67,18.59,16.36,18.47,,112.47,112.46
1997-01-24,18.45,20.07,18.35,19.33,,110.72,110.59678571428572
1997-01-27,20.17,20.52,19.76,20.16,,111.14,111.07714285714286
1997-01-28,19.96,21.06,19.41,20.74,,111.71,111.71928571428572
1997-01-29,20.6,20.69,20.22,20.23,,111.15,111.11285714285714
1997-01-30,19.81,20.08,19.47,19.47,,111.36,111.295
1997-01-31,,,,,,110.49,110.45857142857143
1997-02-03,19.89,20.07,19.56,19.58,,110.61,110.57571428571428
1997-02-04,19.59,19.69,19.43,19.43,,110.28,110.24857142857142
1997-02-05,19.55,21.39,19.5,21.06,,111.18,111.12642857142858
1997-02-06,20.58,20.68,20.04,20.16,,110.84,110.80000000000001
1997-02-07,18.82,19.88,18.71,18.9,,110.57,110.53571428571429
1997-02-10,19.65,21.13,19.65,20.65,,110.09,110.06642857142857
1997-02-11,20.31,20.72,19.97,19.97,,110.31,110.29178571428572
1997-02-12,19.57,19.89,19.42,19.48,,109.69,109.63571428571429
1997-02-13,19.3,19.73,19.1,19.23,,110.75,110.8825
1997-02-14,19.21,19.36,19.0,19.18,,111.31,111.64642857142857
1997-02-18,19.76,20.06,19.65,19.7,,110.75,
1997-02-19,19.94,20.65,19.82,20.61,,110.48,
1997-02-20,20.93,21.54,20.69,21.41,,110.26,110.38
1997-02-21,21.29,21.41,20.49,20.55,,111.48,111.64678571428571
1997-02-24,20.94,20.96,19.84,19.84,,111.6,111.72714285714287
1997-02-25,20.11,20.2,19.9,19.98,,111.32,111.41464285714285
1997-02-26,19.4,21.25,19.4,20.74,,109.05,109.13571428571429
1997-02-27,20.43,21.32,20.41,21.08,,108.93,109.1175
1997-02-28,21.55,21.55,20.76,21.1,,109.26,109.43714285714286
1997-03-03,21.89,21.89,20.88,20.89,,108.49,108.6525
1997-03-04,20.75,20.83,20.27,20.62,,108.67,108.82714285714286
1997-03-05,20.01,20.08,19.41,19.49,,108.91,108.97535714285713
1997-03-06,19.48,20.51,19.47,20.48,,109.13,109.27
1997-03-07,19.52,19.55,19.21,19.32,,108.73,108.74
1997-03-10,20.14,20.14,18.98,19.0,,108.98,108.93928571428572
1997-03-11,19.24,19.46,19.14,19.25,,108.99,109.00107142857142
1997-03-12,18.72,19.81,18.71,19.61,,108.43,108.45285714285714
1997-03-13,19.32,20.49,19.24,19.79,,107.87,107.99
1997-03-14,19.86,19.95,19.58,19.81,,107.62,107.63785714285714
1997-03-17,21.18,21.91,20.92,20.95,,109.33,
1997-03-18,20.85,21.56,20.77,21.26,,108.61,
1997-03-19,21.68,21.95,21.29,21.74,,108.76,
1997-03-20,21.52,21.91,21.02,21.22,,108.6,108.56
1997-03-21,17.54,20.67,17.44,19.69,,108.45,108.41535714285715
1997-03-24,20.0,20.72,19.95,20.06,,108.99,108.90428571428572
1997-03-25,19.75,19.94,19.14,19.26,,108.83,108.78214285714286
1997-03-26,18.6,18.75,18.23,18.32,,108.91,108.85285714285713
1997-03-27,17.38,20.79,17.3,20.5,,108.35,108.34
1997-03-31,21.54,22.44,21.21,22.14,,106.98,106.86892857142857
1997-04-01,22.85,23.04,20.67,20.84,,107.96,107.93142857142857
1997-04-02,21.29,21.76,20.46,21.3,,107.47,107.31642857142857
1997-04-03,21.24,21.49,20.62,21.19,,107.8,107.735
1997-04-04,20.7,20.72,19.15,19.23,,108.08,107.99000000000001
1997-04-07,19.24,19.27,18.35,18.51,,107.35,107.215
1997-04-08,18.65,18.78,18.42,18.44,,108.34,108.23607142857142
1997-04-09,18.09,18.9,18.06,18.56,,108.61,108.54714285714286
1997-04-10,18.62,19.02,18.62,19.01,,107.94,107.8
1997-04-11,19.51,20.02,19.27,19.76,,106.53,106.35714285714286
1997-04-14,19.82,20.13,19.09,19.09,,107.32,
1997-04-15,19.02,19.02,18.0,18.25,,108.82,
1997-04-16,18.43,18.51,17.57,17.64,,108.91,
1997-04-17,18.38,18.77,18.12,18.71,,110.42,110.45
1997-04-18,18.14,19.14,18.13,18.75,,110.36,110.39028571428571
1997-04-21,19.22,20.46,19.18,20.1,,111.39,111.46085714285715
1997-04-22,19.88,20.0,19.06,19.52,,113.09,113.18285714285715
1997-04-23,19.84,20.55,19.82,20.48,,112.55,112.64771428571429
1997-04-24,20.26,20.99,20.15,20.83,,112.16,112.194
1997-04-25,21.25,21.47,20.88,21.15,,112.2,112.28142857142858
1997-04-28,22.21,22.26,21.04,21.34,,111.39,111.41857142857143
1997-04-29,20.64,20.66,19.46,19.81,,111.57,111.60257142857144
1997-04-30,20.0,20.29,19.2,20.06,,111.93,112.00485714285713
1997-05-01,20.18,20.88,19.87,19.87,,111.55,111.614
1997-05-02,18.88,18.88,17.28,17.51,,110.62,110.65142857142857
1997-05-05,18.49,20.13,18.37,20.13,,110.68,110.74514285714287
1997-05-06,21.37,22.26,20.83,20.85,,111.0,111.1
1997-05-07,21.19,21.53,20.63,21.34,,108.39,108.39
1997-05-08,21.4,21.48,20.35,21.26,,107.5,107.384
1997-05-09,21.49,21.5,20.01,20.11,,107.19,107.166
1997-05-12,20.44,20.85,20.07,20.25,,106.23,
1997-05-13,20.53,21.02,20.53,20.81,,107.22,
1997-05-14,20.48,21.32,20.48,21.09,,106.36,
1997-05-15,21.14,21.14,19.87,19.91,,106.55,
1997-05-16,18.73,21.82,18.58,21.57,,107.08,
1997-05-19,21.88,21.95,21.26,21.48,,108.04,
1997-05-20,21.49,21.72,19.13,19.26,,106.85,
1997-05-21,19.19,19.62,18.82,19.28,,106.51,
1997-05-22,19.01,19.24,18.68,18.77,,105.62,105.51
1997-05-23,18.46,18.52,18.01,18.08,,105.13,104.99142857142857
1997-05-27,19.26,19.92,19.12,19.36,,105.03,104.81714285714285
1997-05-28,19.39,19.58,19.22,19.28,,105.93,105.72214285714286
1997-05-29,19.1,19.77,18.82,19.02,,105.08,104.86
1997-05-30,19.48,19.48,18.85,19.19,,104.89,104.65142857142858
1997-06-02,21.08,21.19,20.76,20.85,,104.89,104.6407142857143
1997-06-03,19.91,20.01,19.56,20.01,,104.85,104.70285714285714
1997-06-04,19.99,20.39,19.88,20.1,,104.84,104.68321428571429
1997-06-05,20.19,20.37,20.05,20.36,,105.11,104.99000000000001
1997-06-06,19.44,19.48,18.92,18.94,,105.97,105.73357142857144
1997-06-09,19.66,19.66,19.36,19.46,,106.66,106.45285714285714
1997-06-10,19.28,19.28,18.79,19.04,,107.65,107.55714285714286
1997-06-11,18.96,19.24,18.85,18.85,,108.4,108.34285714285714
1997-06-12,18.7,18.94,18.2,18.51,,111.64,111.4225
1997-06-13,19.3,19.76,18.99,19.27,,110.61,110.53142857142858
1997-06-16,19.77,20.21,19.73,19.77,,110.77,
1997-06-17,20.66,20.96,19.87,20.17,,107.33,
1997-06-18,20.38,20.66,20.26,20.45,,107.27,
1997-06-19,20.18,21.0,19.91,20.1,,107.51,107.58
1997-06-20,20.24,20.36,19.8,20.2,,106.18,106.21892857142858
1997-06-23,20.7,21.64,20.25,21.19,,104.31,104.4042857142857
1997-06-24,20.73,21.58,20.5,20.74,,106.25,106.24357142857143
1997-06-25,21.01,22.28,20.56,21.5,,105.94,105.95714285714286
1997-06-26,21.75,22.13,21.4,21.82,,105.88,105.9325
1997-06-27,21.26,21.35,20.86,21.22,,106.62,106.69714285714286
1997-06-30,21.47,21.91,21.34,21.53,,105.81,105.89464285714286
1997-07-01,21.54,21.54,20.92,21.0,,107.45,107.41714285714285
1997-07-02,20.74,20.74,19.64,19.7,,108.18,108.13357142857143
1997-07-03,18.46,18.64,17.82,17.82,,109.13,108.98
1997-07-07,18.71,19.38,18.44,19.13,,107.79,107.56071428571428
1997-07-08,19.08,19.22,18.76,18.76,,108.55,108.33535714285715
1997-07-09,18.58,20.51,18.57,20.4,,107.8,107.79
1997-07-10,19.89,20.29,19.62,19.92,,108.66,108.5275
1997-07-11,19.29,19.34,18.72,19.06,,108.81,108.69071428571428
1997-07-14,19.02,19.84,18.93,19.58,,109.23,
1997-07-15,19.51,20.1,18.98,19.0,,111.06,
1997-07-16,19.8,19.84,19.15,19.36,,108.67,
1997-07-17,19.97,20.82,19.9,20.54,,108.09,108.07
1997-07-18,21.01,23.05,21.01,22.28,,106.74,106.68657142857144
1997-07-21,23.55,23.71,23.34,23.51,,107.35,107.32542857142857
1997-07-22,23.11,23.17,21.76,21.77,,110.79,110.81714285714285
1997-07-23,21.31,21.57,21.04,21.3,,109.49,109.47085714285714
1997-07-24,21.57,22.1,20.91,20.96,,109.19,109.122
1997-07-25,20.64,20.97,20.48,20.82,,110.15,110.11171428571429
1997-07-28,20.57,22.14,20.57,21.84,,109.42,109.40114285714286
1997-07-29,22.28,22.37,21.81,22.02,,109.53,109.45514285714286
1997-07-30,21.95,22.06,21.34,21.39,,111.23,111.19314285714286
1997-07-31,21.34,21.98,21.24,21.48,,111.88,111.834
1997-08-01,21.29,22.97,21.29,22.29,,110.1,110.19142857142857
1997-08-04,23.0,23.34,21.92,21.94,,109.07,109.14514285714286
1997-08-05,21.78,21.78,20.64,20.64,,107.68,107.66571428571429
1997-08-06,20.87,20.89,19.96,20.05,,107.65,107.61714285714285
1997-08-07,19.54,19.98,19.33,19.77,,108.04,108.01599999999999
1997-08-08,21.37,23.23,21.03,22.46,,108.41,108.46085714285715
1997-08-11,22.86,23.58,22.59,22.77,,107.54,
1997-08-12,22.13,23.9,22.03,23.75,,109.35,
1997-08-13,23.58,25.47,23.52,24.52,,109.64,
1997-08-14,23.7,23.88,23.11,23.11,,109.11,
1997-08-15,23.2,25.05,22.91,24.45,,108.16,
1997-08-18,26.11,26.31,24.37,24.37,,111.35,
1997-08-19,23.31,23.31,22.61,22.64,,110.29,
1997-08-20,22.57,22.63,21.03,21.09,,110.67,
1997-08-21,21.35,24.08,21.33,23.83,,109.85,109.85
1997-08-22,25.3,26.24,24.67,24.74,,112.25,112.32107142857143
1997-08-25,24.46,24.46,23.63,24.1,,109.57,109.55857142857143
1997-08-26,24.4,24.91,24.2,24.73,,108.6,108.61857142857143
1997-08-27,25.06,25.38,24.18,24.26,,109.37,109.37285714285714
1997-08-28,24.79,25.53,23.79,24.51,,109.11,109.0125
1997-08-29,24.52,25.06,24.41,24.76,,109.24,109.24571428571429
1997-09-02,25.85,25.91,24.46,24.53,,109.66,109.60428571428572
1997-09-03,24.41,24.96,24.41,24.95,,108.12,108.0975
1997-09-04,25.01,25.6,24.75,25.27,,108.68,108.66499999999999
1997-09-05,24.17,24.86,23.95,24.31,,108.9,108.88607142857143
1997-09-08,24.5,24.54,23.97,24.4,,108.22,108.17285714285714
1997-09-09,24.76,24.77,23.53,23.89,,108.99,109.05821428571429
1997-09-10,24.2,24.64,24.09,24.64,,109.63,109.44
1997-09-11,25.53,27.33,25.47,25.99,,110.18,110.18
1997-09-12,25.6,26.36,24.94,25.17,,111.04,111.02714285714285
1997-09-15,25.77,26.15,25.1,25.74,,110.18,
1997-09-16,24.77,25.1,23.61,23.77,,111.97,
1997-09-17,23.88,24.8,23.69,24.1,,112.06,
1997-09-18,23.76,23.87,22.76,23.48,,112.39,112.18
1997-09-19,22.51,23.06,21.67,22.74,,115.52,115.39514285714286
1997-09-22,22.87,22.87,21.99,22.08,,116.02,115.84371428571428
1997-09-23,22.18,22.62,21.94,22.0,,115.54,115.37571428571428
1997-09-24,22.13,23.88,21.43,22.64,,114.54,114.67228571428572
1997-09-25,22.6,23.33,22.46,22.96,,113.63,113.744
1997-09-26,21.96,22.67,21.82,22.26,,113.04,113.12742857142857
1997-09-29,23.21,23.23,22.15,22.23,,113.03,113.07942857142858
1997-09-30,22.32,22.91,22.05,22.91,,112.51,112.54971428571429
1997-10-01,22.95,22.99,22.27,22.32,,114.59,114.68171428571429
1997-10-02,22.55,22.73,22.26,22.27,,115.42,115.58
1997-10-03,20.81,22.17,20.75,21.54,,115.28,115.41142857142857
1997-10-06,21.98,22.23,21.59,21.61,,114.59,114.666
1997-10-07,21.35,21.65,20.27,20.29,,114.77,114.74828571428571
1997-10-08,20.39,21.91,20.39,20.77,,113.84,113.88
1997-10-09,23.35,23.5,22.05,22.31,,113.67,113.71600000000001
1997-10-10,20.29,20.54,19.75,19.75,,115.26,115.38171428571428
1997-10-13,19.82,20.7,19.78,20.26,,113.34,
1997-10-14,19.86,20.97,19.85,19.99,,113.34,
1997-10-15,19.61,21.01,19.28,20.05,,112.22,
1997-10-16,19.74,21.05,19.49,20.53,,113.07,
1997-10-17,20.32,22.85,20.09,21.69,,111.99,
1997-10-20,21.4,21.46,20.67,20.72,,112.42,
1997-10-21,20.2,20.21,19.48,19.53,,112.78,
1997-10-22,19.56,20.17,19.56,19.86,,110.35,
1997-10-23,22.55,24.11,21.66,22.99,,114.01,114.12
1997-10-24,20.93,23.49,20.88,23.17,,111.91,111.93107142857143
1997-10-27,24.91,32.64,24.77,31.12,,104.09,103.66714285714285
1997-10-28,45.69,48.64,30.69,31.22,,117.96,117.80607142857143
1997-10-29,29.32,34.43,28.83,33.75,,122.34,121.97142857142856
1997-10-30,36.71,38.56,35.84,38.2,,119.83,119.51249999999999
1997-10-31,35.08,37.25,35.02,35.09,,120.82,120.63714285714286
1997-11-03,32.18,32.67,31.9,32.09,,125.48,125.30035714285715
1997-11-04,31.44,33.28,31.23,32.24,,125.11,124.89714285714287
1997-11-05,32.31,32.66,31.18,32.18,,125.32,125.16892857142857
1997-11-06,33.06,33.45,32.33,32.57,,123.37,123.36500000000001
1997-11-07,36.2,38.22,34.77,36.27,,122.01,121.89678571428571
1997-11-10,35.21,36.76,35.04,36.63,,123.6,123.38214285714285
1997-11-11,36.92,36.92,36.3,36.38,,123.48,123.2875
1997-11-12,37.82,37.86,35.73,37.84,,121.47,121.26571428571428
1997-11-13,37.24,38.46,36.43,36.64,,122.41,122.15
1997-11-14,36.19,36.3,33.54,33.66,,121.62,121.54357142857143
1997-11-17,32.56,32.62,31.13,31.58,,125.34,
1997-11-18,31.33,32.34,31.0,31.55,,122.35,
1997-11-19,31.12,31.27,29.84,29.93,,125.8,
1997-11-20,28.73,28.81,27.17,27.32,,125.47,125.91
1997-11-21,26.68,27.67,26.42,26.65,,125.72,126.15642857142858
1997-11-24,28.91,30.12,28.58,29.8,,123.81,124.24714285714286
1997-11-25,28.94,30.32,28.89,28.95,,124.58,125.105
1997-11-26,,,,,,120.48,120.75571428571429
1997-11-28,28.04,28.27,27.03,27.43,,120.58,120.82285714285715
1997-12-01,27.86,27.86,25.97,26.01,,119.91,120.02642857142857
1997-12-02,25.69,26.06,25.51,25.66,,119.54,119.64285714285714
1997-12-03,25.21,25.55,23.46,23.92,,119.6,119.58214285714286
1997-12-04,22.8,24.06,22.64,23.84,,119.97,119.97999999999999
1997-12-05,22.34,23.05,20.41,22.65,,119.79,119.74428571428571
1997-12-08,22.88,23.53,22.88,23.22,,120.55,120.56785714285715
1997-12-09,23.45,23.79,23.1,23.36,,121.2,121.28857142857143
1997-12-10,23.06,25.22,22.88,24.55,,121.56,121.51285714285714
1997-12-11,26.82,28.01,26.56,27.63,,134.32,133.51
1997-12-12,26.55,27.92,26.49,27.92,,135.04,134.29857142857145
1997-12-15,28.18,28.81,27.32,27.37,,120.07,
1997-12-16,26.03,26.51,25.48,26.11,,121.18,
1997-12-17,25.57,26.79,25.41,26.33,,121.93,
1997-12-18,26.21,27.63,26.11,27.19,,119.84,119.95
1997-12-19,29.23,33.08,29.11,29.18,,120.0,120.13457142857142
1997-12-22,28.83,29.42,28.56,28.56,,119.47,119.61257142857143
1997-12-23,28.69,29.86,28.21,29.86,,118.07,118.20571428571428
1997-12-24,29.94,30.83,29.52,30.27,,117.43,117.53314285714285
1997-12-26,29.39,30.04,29.26,29.27,,117.23,117.30542857142858
1997-12-29,28.71,28.77,26.79,26.79,,118.91,119.00657142857142
1997-12-30,26.27,26.28,24.35,24.38,,119.62,119.676
1997-12-31,24.21,24.52,23.59,24.01,,119.62,119.668
1998-01-02,24.34,24.93,23.42,23.42,,121.99,122.17142857142858
1998-01-05,24.11,25.02,23.02,24.36,,120.84,120.91228571428572
1998-01-06,25.2,25.97,24.87,25.66,,119.61,119.80228571428572
1998-01-07,26.15,27.43,25.07,25.07,,119.73,119.80285714285714
1998-01-08,26.24,26.7,25.62,26.01,,118.27,118.308
1998-01-09,25.79,29.35,25.69,28.69,,124.28,123.88142857142857
1998-01-12,25.79,31.08,28.02,28.02,,115.39,
1998-01-13,26.7,26.79,25.12,25.17,,116.9,
1998-01-14,25.04,25.04,23.62,23.75,,118.99,
1998-01-15,23.92,24.4,23.33,23.45,,118.61,
1998-01-16,21.45,22.36,20.55,21.65,,120.72,
1998-01-20,22.21,23.14,21.65,21.65,,120.61,
1998-01-21,22.75,23.59,22.38,22.53,,121.89,
1998-01-22,23.22,23.69,22.97,23.16,,120.82,120.7
1998-01-23,22.72,24.41,22.7,23.32,,121.6,121.49678571428572
1998-01-26,23.74,24.43,23.47,23.97,,121.68,121.61
1998-01-27,23.16,23.17,22.0,22.27,,122.56,122.36428571428571
1998-01-28,21.88,22.4,21.53,22.06,,123.22,122.99571428571429
1998-01-29,21.97,21.97,21.08,21.65,,122.74,122.445
1998-01-30,21.67,21.78,21.05,21.47,,123.6,123.30571428571429
1998-02-02,21.32,21.56,21.23,21.36,,121.01,120.84607142857143
1998-02-03,21.31,21.48,20.67,20.67,,119.16,119.24
1998-02-04,21.0,21.17,20.31,20.55,,116.67,116.5825
1998-02-05,19.18,21.45,19.18,21.29,,119.0,118.64
1998-02-06,20.97,21.25,20.48,20.51,,114.48,114.16892857142858
1998-02-09,21.23,21.9,21.2,21.55,,116.9,116.61928571428572
1998-02-10,21.21,21.27,20.36,20.66,,118.28,118.00142857142858
1998-02-11,21.04,21.04,20.36,20.38,,119.19,118.89857142857143
1998-02-12,20.62,21.22,19.66,19.73,,119.1,118.915
1998-02-13,20.48,20.52,19.73,19.84,,121.25,121.34285714285714
1998-02-17,20.43,21.0,20.23,20.76,,119.23,
1998-02-18,20.24,20.38,19.66,19.66,,121.04,
1998-02-19,19.89,20.19,19.72,19.88,,120.8,121.07
1998-02-20,19.56,19.87,18.97,19.0,,122.19,122.51142857142858
1998-02-23,19.14,19.72,18.97,18.99,,120.47,120.71714285714286
1998-02-24,19.13,19.69,18.77,19.35,,116.58,116.59428571428572
1998-02-25,19.01,19.29,18.39,18.62,,119.46,119.74214285714285
1998-02-26,18.96,19.02,18.53,18.63,,117.78,117.9
1998-02-27,18.66,18.94,18.39,18.55,,118.36,118.52714285714286
1998-03-02,18.97,19.38,18.8,19.19,,116.62,116.66428571428571
1998-03-03,19.43,19.58,19.04,19.04,,117.53,117.64857142857143
1998-03-04,19.27,19.83,19.27,19.58,,116.19,116.25964285714285
1998-03-05,20.87,21.06,20.26,20.93,,117.13,117.25999999999999
1998-03-06,19.97,19.97,19.13,19.14,,116.14,116.2425
1998-03-09,20.2,20.45,19.72,20.23,,115.05,114.95857142857143
1998-03-10,19.9,20.01,19.39,19.43,,116.82,116.86535714285715
1998-03-11,19.41,19.56,18.76,18.89,,117.69,117.85857142857144
1998-03-12,18.76,19.21,18.04,18.25,,120.6,120.89
1998-03-13,17.69,19.43,17.58,18.71,,119.95,120.15
1998-03-16,19.27,19.34,18.46,18.51,,119.11,
1998-03-17,18.42,19.04,18.25,18.66,,119.48,
1998-03-18,18.71,19.06,18.11,18.29,,120.6,
1998-03-19,17.9,18.53,17.7,17.76,,122.01,122.15
1998-03-20,17.61,18.84,17.6,18.69,,122.07,122.15214285714285
1998-03-23,19.65,20.18,19.55,19.98,,122.29,122.39142857142858
1998-03-24,20.11,20.65,19.87,20.51,,122.05,122.03035714285714
1998-03-25,20.59,23.55,20.59,22.54,,120.62,120.655
1998-03-26,23.02,23.54,22.28,22.81,,118.55,118.7275
1998-03-27,22.44,24.23,22.41,23.47,,118.31,118.41857142857143
1998-03-30,24.32,24.92,24.18,24.66,,119.53,119.75178571428572
1998-03-31,24.23,24.35,23.41,24.22,,119.0,119.18714285714286
1998-04-01,24.85,24.97,23.29,23.37,,120.35,120.6025
1998-04-02,23.07,23.07,21.81,21.98,,119.17,119.34
1998-04-03,21.94,22.25,21.46,21.82,,120.17,120.37714285714286
1998-04-06,21.84,22.64,21.84,22.47,,116.87,116.91285714285713
1998-04-07,23.31,24.3,23.14,23.66,,117.99,118.08214285714286
1998-04-08,23.01,23.5,22.72,23.17,,119.16,119.32142857142857
1998-04-09,21.39,22.39,21.25,21.51,,119.31,119.3825
1998-04-13,22.99,23.57,22.77,22.77,,118.83,
1998-04-14,23.37,23.94,21.61,21.61,,119.06,
1998-04-15,21.46,21.71,20.78,20.89,,119.8,
1998-04-16,21.44,22.36,21.44,22.06,,118.29,118.19
1998-04-17,22.32,22.32,20.69,20.76,,120.13,120.0777142857143
1998-04-20,21.22,21.25,20.38,20.39,,119.5,119.44314285714286
1998-04-21,20.51,20.54,19.64,19.91,,118.78,118.68857142857142
1998-04-22,19.74,19.83,19.25,19.44,,120.3,120.25228571428572
1998-04-23,20.4,20.77,19.43,20.6,,118.74,118.64200000000001
1998-04-24,20.28,22.42,20.15,21.97,,118.14,118.03714285714285
1998-04-27,20.28,27.47,24.95,26.09,,120.66,120.72114285714287
1998-04-28,24.04,24.88,23.69,24.17,,117.99,117.89285714285714
1998-04-29,23.36,23.69,22.54,22.78,,117.53,117.366
1998-04-30,21.16,21.37,20.51,21.18,,119.4,119.35
1998-05-01,20.72,20.92,19.3,19.34,,121.88,121.80000000000001
1998-05-04,19.57,20.56,19.49,20.32,,117.76,117.59485714285714
1998-05-05,20.94,21.73,20.73,21.46,,117.55,117.336
1998-05-06,21.9,22.89,21.84,22.79,,118.15,118.13285714285715
1998-05-07,23.65,23.9,22.93,23.39,,116.76,116.74
1998-05-08,20.94,21.1,20.18,20.57,,118.72,118.56285714285714
1998-05-11,20.08,21.4,19.67,21.05,,120.19,
1998-05-12,21.23,21.7,20.71,20.98,,124.11,
1998-05-13,20.29,20.72,20.22,20.44,,125.3,
1998-05-14,19.9,20.83,19.63,19.64,,125.56,
1998-05-15,19.61,21.05,19.33,20.44,,123.79,
1998-05-18,20.84,22.21,20.8,21.69,,125.67,
1998-05-19,20.74,21.13,20.11,20.39,,124.78,
1998-05-20,19.66,20.34,19.55,19.89,,123.05,
1998-05-21,19.7,19.95,19.22,19.38,,122.36,122.61
1998-05-22,18.66,19.55,18.6,18.99,,122.49,122.75035714285714
1998-05-26,19.66,22.07,19.63,22.07,,118.55,118.65428571428572
1998-05-27,24.33,25.1,22.59,22.59,,122.64,122.98
1998-05-28,21.79,21.92,20.51,20.74,,120.2,120.36749999999999
1998-05-29,19.93,21.53,19.93,21.32,,118.27,118.40285714285714
1998-06-01,22.71,23.32,22.15,22.83,,119.31,119.50035714285714
1998-06-02,22.22,22.66,21.68,22.0,,118.55,118.72
1998-06-03,21.1,22.89,21.04,22.85,,116.78,116.82714285714286
1998-06-04,22.82,23.15,21.11,21.22,,118.82,119.005
1998-06-05,20.48,20.52,19.77,19.78,,119.75,119.80607142857143
1998-06-08,19.02,20.86,18.97,20.58,,119.01,119.05071428571428
1998-06-09,20.45,21.05,20.34,20.52,,120.34,120.30107142857142
1998-06-10,21.26,21.93,20.42,21.48,,119.69,119.49714285714286
1998-06-11,21.87,23.65,21.87,23.57,,119.67,119.7675
1998-06-12,23.57,25.05,22.73,22.78,,122.16,122.24071428571429
1998-06-15,24.77,26.03,23.89,25.94,,119.89,
1998-06-16,26.49,26.49,24.8,24.8,,120.12,
1998-06-17,23.38,23.51,22.27,22.89,,122.97,
1998-06-18,22.87,23.06,22.34,22.4,,123.09,123.34
1998-06-19,21.48,22.12,21.31,21.92,,122.72,122.98457142857143
1998-06-22,22.96,23.08,21.59,21.94,,121.88,122.10828571428571
1998-06-23,21.18,21.18,20.14,20.17,,123.3,123.56428571428572
1998-06-24,20.18,20.55,19.46,20.02,,121.78,121.92571428571429
1998-06-25,19.5,20.32,19.36,20.25,,123.01,123.25
1998-06-26,19.84,19.95,19.18,19.36,,124.8,125.09371428571428
1998-06-29,19.39,19.58,18.93,19.57,,123.22,123.47828571428572
1998-06-30,19.85,19.88,19.12,19.71,,,
1998-07-01,18.99,19.35,18.0,18.0,,125.82,126.18885714285715
1998-07-02,18.49,18.68,17.63,17.67,,129.97,130.626
1998-07-06,19.06,19.18,18.59,18.63,,120.43,120.552
1998-07-07,18.4,18.85,18.31,18.62,,122.55,122.77885714285715
1998-07-08,18.24,18.32,17.52,17.82,,122.25,122.41142857142857
1998-07-09,18.05,18.49,17.78,18.16,,124.0,124.39
1998-07-10,17.86,18.54,17.58,17.92,,118.79,118.652
1998-07-13,18.36,18.51,18.09,18.26,,118.19,
1998-07-14,18.32,18.32,17.6,17.88,,122.4,
1998-07-15,17.88,18.65,17.65,17.89,,122.88,
1998-07-16,17.56,18.07,16.86,16.97,,117.8,
1998-07-17,16.42,16.5,16.1,16.23,,118.4,
1998-07-20,17.73,17.73,16.81,17.34,,119.18,
1998-07-21,17.45,20.35,17.45,20.1,,122.91,
1998-07-22,20.53,21.3,20.16,20.32,,124.64,
1998-07-23,20.54,24.08,20.31,23.01,,120.91,120.91
1998-07-24,22.54,24.54,22.54,23.01,,120.78,120.72642857142857
1998-07-27,24.43,24.69,23.13,23.13,,120.67,120.60285714285715
1998-07-28,23.69,26.68,23.43,25.25,,123.13,123.23714285714286
1998-07-29,23.29,25.15,23.29,24.79,,120.55,120.45214285714286
1998-07-30,23.81,23.81,22.66,22.66,,124.3,124.4675
1998-07-31,22.29,25.12,22.11,24.8,,121.21,121.25571428571428
1998-08-03,26.15,26.31,25.38,25.98,,120.7,120.60892857142858
1998-08-04,25.57,31.06,25.57,31.06,,118.72,118.63000000000001
1998-08-05,31.78,32.59,28.73,29.83,,121.17,121.15607142857144
1998-08-06,29.45,29.93,28.06,28.2,,121.62,121.58
1998-08-07,27.66,27.66,25.35,27.02,,122.98,122.99892857142858
1998-08-10,28.05,29.13,27.99,28.75,,121.21,121.24571428571429
1998-08-11,32.54,33.67,31.91,31.91,,122.77,122.86035714285714
1998-08-12,29.41,29.75,28.51,28.55,,121.23,121.44142857142857
1998-08-13,28.2,29.98,28.17,29.92,,121.59,121.685
1998-08-14,29.86,34.61,29.84,34.34,,122.79,122.94428571428571
1998-08-17,34.77,34.77,31.86,31.86,,124.1,
1998-08-18,30.66,30.81,28.36,28.4,,128.23,
1998-08-19,27.56,29.26,27.35,28.69,,125.62,
1998-08-20,29.27,30.54,29.24,30.0,,124.92,125.25
1998-08-21,32.59,36.93,32.59,33.14,,125.08,125.48607142857142
1998-08-24,31.69,32.58,31.3,31.8,,126.71,127.17
1998-08-25,29.31,30.82,28.49,30.33,,127.13,127.59142857142858
1998-08-26,31.95,32.65,30.44,31.14,,125.07,125.475
1998-08-27,33.65,39.48,33.65,38.55,,118.88,119.22999999999999
1998-08-28,38.4,42.78,38.4,39.6,,118.25,118.62428571428572
1998-08-31,39.74,45.02,38.8,44.28,,118.84,118.22892857142857
1998-09-01,41.74,44.94,36.08,36.48,,124.33,123.87428571428572
1998-09-02,35.21,36.76,34.02,36.76,,122.91,122.46964285714286
1998-09-03,40.96,42.68,40.01,41.43,,122.73,122.3
1998-09-04,40.66,44.19,40.58,43.31,,123.48,123.2475
1998-09-08,40.11,40.34,37.7,37.9,,127.2,126.78785714285713
1998-09-09,37.86,39.8,37.56,39.66,,126.65,126.19714285714286
1998-09-10,43.89,46.56,43.72,45.29,,122.06,121.7175
1998-09-11,47.95,48.06,43.74,43.74,,126.67,126.13785714285714
1998-09-14,40.89,40.89,37.53,38.57,,136.29,
1998-09-15,38.37,38.73,36.43,36.58,,134.67,
1998-09-16,35.93,37.73,35.72,35.94,,134.61,
1998-09-17,39.43,40.11,38.82,39.23,,129.4,130.13
1998-09-18,39.44,39.84,38.51,38.63,,128.3,129.00657142857142
1998-09-21,42.74,42.74,38.39,38.58,,127.36,128.10114285714283
1998-09-22,37.85,38.91,36.47,36.62,,118.29,118.60285714285713
1998-09-23,35.03,35.14,32.44,32.47,,122.87,123.27342857142857
1998-09-24,33.78,35.9,33.06,34.66,,119.8,120.132
1998-09-25,37.14,37.29,33.91,34.55,,119.07,119.39142857142856
1998-09-28,34.2,35.24,33.52,34.87,,119.32,119.63
1998-09-29,37.17,38.39,35.74,36.08,,121.21,121.38485714285714
1998-09-30,37.16,41.15,37.1,40.95,,117.57,117.69857142857143
1998-10-01,41.9,43.98,41.85,43.48,,114.54,114.6
1998-10-02,42.17,43.38,40.25,40.47,,115.15,115.21142857142857
1998-10-05,42.65,45.56,42.3,42.81,,113.73,113.73371428571429
1998-10-06,40.16,42.05,39.72,41.2,,113.08,113.124
1998-10-07,40.98,44.84,40.66,43.51,,118.83,118.54714285714286
1998-10-08,47.07,49.53,45.58,45.74,,118.0,117.718
1998-10-09,43.28,45.36,41.85,42.2,,119.28,119.16257142857143
1998-10-12,40.55,40.56,39.4,40.07,,130.47,
1998-10-13,40.97,41.6,39.96,40.23,,130.52,
1998-10-14,40.92,40.93,38.01,38.96,,133.27,
1998-10-15,39.61,39.66,32.41,33.34,,136.01,
1998-10-16,34.01,35.78,33.62,34.82,,146.22,
1998-10-19,35.94,36.01,32.41,33.13,,120.47,
1998-10-20,30.81,33.36,29.82,33.11,,120.46,
1998-10-21,33.27,34.55,32.99,33.21,,122.12,
1998-10-22,33.9,34.17,31.32,31.53,,123.47,123.18
1998-10-23,31.9,32.7,31.69,32.27,,122.48,122.18214285714286
1998-10-26,33.25,33.26,31.38,32.38,,124.87,124.54285714285714
1998-10-27,31.2,33.27,30.74,32.95,,124.29,123.99285714285713
1998-10-28,33.77,33.77,31.97,32.42,,125.33,125.0492857142857
1998-10-29,32.09,32.26,29.39,29.5,,130.29,129.92
1998-10-30,28.28,28.71,27.54,28.05,,129.98,129.41
1998-11-02,28.31,28.72,27.2,27.26,,136.81,136.43714285714285
1998-11-03,26.6,28.19,26.6,27.76,,126.92,127.04285714285713
1998-11-04,26.98,27.94,26.5,27.37,,128.5,128.47142857142856
1998-11-05,27.52,28.31,26.0,26.01,,126.83,126.57499999999999
1998-11-06,25.91,26.47,25.6,25.7,,129.39,129.27285714285713
1998-11-09,26.93,28.72,26.89,28.09,,126.03,126.07285714285715
1998-11-10,28.2,28.59,27.31,28.17,,122.96,122.62642857142856
1998-11-11,27.28,29.07,27.25,28.47,,124.09,123.74000000000001
1998-11-12,28.63,29.66,27.93,29.28,,122.43,122.08250000000001
1998-11-13,29.49,29.6,28.93,29.03,,123.86,123.74000000000001
1998-11-16,28.79,29.58,28.78,28.9,,126.2,
1998-11-17,29.34,30.56,27.21,27.95,,127.36,
1998-11-18,28.13,28.46,27.13,27.13,,125.03,
1998-11-19,26.1,26.4,25.31,25.5,,135.15,135.87
1998-11-20,26.1,24.01,22.43,22.47,,131.84,132.25464285714287
1998-11-23,22.2,22.23,21.24,21.84,,128.39,128.6642857142857
1998-11-24,22.32,23.65,22.1,23.28,,121.38,121.3325
1998-11-25,23.48,23.68,22.08,22.15,,129.39,129.84
1998-11-27,22.43,22.47,21.98,22.09,,122.43,122.43714285714285
1998-11-30,22.79,26.01,22.79,26.01,,121.52,121.63285714285715
1998-12-01,27.38,27.4,24.84,24.97,,120.73,120.68
1998-12-02,25.63,26.52,25.28,25.43,,122.3,122.45571428571428
1998-12-03,25.53,28.77,25.13,28.7,,119.29,119.33500000000001
1998-12-04,26.28,26.76,25.08,25.31,,120.79,120.7825
1998-12-07,25.59,25.96,24.82,24.9,,120.58,120.56928571428571
1998-12-08,25.05,26.25,24.64,25.58,,120.16,120.27428571428571
1998-12-09,25.78,26.48,25.49,25.66,,121.68,122.08714285714285
1998-12-10,25.73,26.91,25.73,26.81,,120.3,120.47
1998-12-11,27.93,28.83,27.29,27.72,,120.49,120.54142857142857
1998-12-14,29.86,31.67,29.57,31.31,,118.08,
1998-12-15,31.38,31.38,29.42,29.42,,120.67,
1998-12-16,29.13,30.28,29.13,29.96,,119.38,
1998-12-17,29.42,29.42,27.94,27.96,,121.0,121.15
1998-12-18,26.8,26.96,25.04,25.04,,123.33,123.50828571428572
1998-12-21,24.64,24.64,23.09,23.86,,127.73,128.02057142857143
1998-12-22,24.05,24.45,22.75,22.78,,128.7,129.0557142857143
1998-12-23,21.89,22.06,20.08,20.21,,123.93,123.93857142857142
1998-12-24,21.0,21.78,20.66,21.48,,120.65,120.66
1998-12-28,22.92,23.97,22.91,23.5,,125.02,125.24971428571429
1998-12-29,23.68,24.0,22.11,22.18,,121.9,121.80542857142858
1998-12-30,22.03,23.56,22.03,23.34,,119.78,119.64942857142857
1998-12-31,23.74,24.76,23.67,24.42,,124.46,124.618
1999-01-04,25.38,26.96,24.74,26.17,,118.28,118.04371428571429
1999-01-05,25.92,25.98,24.36,24.46,,118.93,118.6002857142857
1999-01-06,23.36,23.38,22.68,23.34,,116.55,115.99714285714285
1999-01-07,24.42,24.9,24.04,24.37,,119.22,118.92
1999-01-08,22.95,24.08,22.81,23.28,,121.02,120.82714285714286
1999-01-11,21.41,25.81,21.38,25.46,,120.21,
1999-01-12,25.59,28.32,25.55,28.1,,119.5,
1999-01-13,32.62,32.85,28.78,30.11,,117.61,
1999-01-14,30.46,33.66,30.2,32.98,,115.83,
1999-01-15,32.56,32.56,29.14,29.24,,120.43,
1999-01-19,28.86,30.61,28.8,29.24,,119.22,
1999-01-20,28.62,29.04,27.62,28.6,,120.19,
1999-01-21,29.55,31.37,29.23,30.92,,117.62,117.57
1999-01-22,32.26,32.81,31.1,31.95,,119.32,119.34428571428572
1999-01-25,32.22,32.71,31.13,31.13,,118.62,118.58428571428571
1999-01-26,30.92,30.96,29.23,29.23,,120.02,120.05964285714285
1999-01-27,28.28,29.81,28.24,29.73,,116.25,116.07428571428572
1999-01-28,29.25,29.51,28.01,28.11,,118.46,118.31
1999-01-29,27.77,28.55,25.9,26.25,,119.23,119.16714285714285
1999-02-01,27.21,27.74,26.76,27.67,,118.75,118.51678571428572
1999-02-02,28.19,29.46,28.11,28.16,,117.37,117.21
1999-02-03,28.59,29.03,27.62,27.88,,116.1,116.1125
1999-02-04,27.62,29.49,27.58,29.48,,115.25,115.24
1999-02-05,29.69,30.54,29.46,29.67,,115.51,115.45392857142858
1999-02-08,29.53,30.77,29.53,30.27,,114.6,114.53285714285715
1999-02-09,29.96,31.41,29.84,31.36,,113.35,113.15714285714286
1999-02-10,31.59,31.75,30.45,30.45,,114.91,114.85000000000001
1999-02-11,30.03,30.16,27.42,27.42,,117.63,117.775
1999-02-12,27.85,30.46,27.85,29.76,,116.29,116.39714285714287
1999-02-16,28.88,30.04,28.73,29.65,,115.45,
1999-02-17,30.21,30.95,29.16,30.65,,114.55,
1999-02-18,30.99,31.14,30.32,30.45,,115.15,115.27
1999-02-19,30.01,30.12,28.61,29.3,,115.4,115.51214285714285
1999-02-22,28.83,28.83,25.78,25.87,,117.06,117.14428571428572
1999-02-23,25.92,26.9,25.92,26.49,,117.11,117.20607142857143
1999-02-24,25.7,27.21,25.22,27.21,,116.15,116.25285714285714
1999-02-25,27.95,29.71,27.8,28.01,,115.63,115.7025
1999-02-26,28.41,29.0,27.63,27.88,,114.88,114.98142857142857
1999-03-01,29.34,29.87,28.14,28.37,,115.38,115.4542857142857
1999-03-02,27.96,29.28,27.49,29.22,,114.48,114.53714285714287
1999-03-03,28.85,29.9,28.82,29.04,,114.61,114.6275
1999-03-04,27.81,27.81,26.42,26.67,,115.29,115.28
1999-03-05,24.78,25.44,24.08,24.08,,115.83,115.73
1999-03-08,24.87,25.21,24.48,24.54,,116.42,116.35214285714287
1999-03-09,25.28,25.29,24.25,25.02,,115.53,115.38214285714287
1999-03-10,24.86,25.39,24.61,24.79,,115.43,115.29142857142857
1999-03-11,24.31,24.98,23.82,24.37,,114.49,114.3425
1999-03-12,24.79,25.36,24.74,24.84,,113.95,113.70357142857142
1999-03-15,25.81,25.9,25.18,25.24,,115.48,
1999-03-16,25.34,25.56,24.98,25.15,,114.52,
1999-03-17,24.93,26.49,24.9,25.57,,114.63,
1999-03-18,25.14,25.24,24.03,24.13,,114.47,114.59
1999-03-19,24.07,24.35,23.39,24.32,,114.97,115.13685714285714
1999-03-22,25.3,25.55,24.8,25.0,,114.42,114.57542857142857
1999-03-23,25.97,27.74,25.84,27.27,,112.59,112.75857142857143
1999-03-24,26.99,27.31,26.59,26.6,,112.76,112.90742857142857
1999-03-25,25.32,25.38,24.33,24.33,,114.77,114.94
1999-03-26,24.79,24.81,23.83,24.04,,114.72,114.926
1999-03-29,23.87,23.96,23.45,23.54,,114.73,114.92485714285714
1999-03-30,24.34,24.34,22.71,22.73,,115.24,115.46942857142858
1999-03-31,22.03,23.3,22.0,23.26,,114.02,114.20057142857142
1999-04-01,22.03,22.87,22.06,22.06,,112.35,112.402
1999-04-05,22.88,23.2,22.18,22.19,,114.75,114.916
1999-04-06,22.53,23.04,22.12,22.65,,114.6,114.80085714285714
1999-04-07,22.53,23.26,22.1,22.81,,113.77,113.94571428571429
1999-04-08,23.38,23.51,22.01,22.59,,113.19,113.268
1999-04-09,22.16,22.59,21.55,21.77,,115.9,116.17285714285714
1999-04-12,21.13,23.41,20.47,21.93,,112.86,
1999-04-13,22.16,23.35,22.01,22.73,,112.52,
1999-04-14,23.33,24.96,23.07,24.94,,112.54,
1999-04-15,25.22,26.24,23.91,23.93,,113.07,
1999-04-16,24.07,24.24,23.6,23.9,,113.86,
1999-04-19,23.59,26.5,22.93,26.42,,113.2,
1999-04-20,25.84,26.09,24.79,25.02,,112.84,
1999-04-21,24.86,24.88,23.31,23.31,,114.99,
1999-04-22,22.42,22.81,22.4,22.62,,115.38,115.14
1999-04-23,22.6,23.13,22.37,22.76,,115.84,115.64892857142857
1999-04-26,23.93,23.94,23.21,23.53,,115.61,115.56428571428572
1999-04-27,23.04,23.71,23.02,23.36,,116.82,116.805
1999-04-28,23.53,24.48,23.45,24.4,,116.01,115.89142857142858
1999-04-29,24.5,25.55,24.32,25.06,,115.57,115.4
1999-04-30,24.41,26.47,23.62,25.07,,116.25,116.11714285714285
1999-05-03,24.41,25.77,24.11,24.15,,116.6,116.58321428571429
1999-05-04,24.23,25.7,24.23,25.62,,116.6,116.55857142857143
1999-05-05,25.72,27.22,25.17,25.19,,117.53,117.41321428571429
1999-05-06,25.34,28.58,25.34,27.44,,116.86,116.86
1999-05-07,26.15,26.42,25.36,25.36,,116.9,116.84071428571428
1999-05-10,26.39,26.98,25.73,26.62,,116.57,116.47214285714286
1999-05-11,25.86,26.21,25.33,25.62,,116.76,116.68
1999-05-12,26.71,27.08,26.06,26.13,,117.12,117.09571428571428
1999-05-13,25.56,25.56,24.76,25.02,,117.69,117.6175
1999-05-14,26.59,27.78,26.48,26.86,,116.77,116.64142857142858
1999-05-17,27.98,29.21,27.27,27.28,,115.62,
1999-05-18,27.55,28.76,27.2,27.26,,118.43,
1999-05-19,25.86,26.41,25.08,25.08,,117.95,
1999-05-20,25.1,25.26,24.05,24.46,,118.86,119.0
1999-05-21,24.12,24.84,24.05,24.4,,118.43,118.55785714285715
1999-05-24,24.93,27.8,24.84,27.62,,116.94,117.04714285714286
1999-05-25,27.71,29.14,26.87,28.9,,117.55,117.75571428571428
1999-05-26,28.83,29.62,27.57,27.57,,118.25,118.43071428571429
1999-05-27,27.59,28.68,27.55,28.12,,117.39,117.5975
1999-05-28,27.26,27.26,25.34,25.39,,117.98,118.19
1999-06-01,27.12,27.99,26.6,26.62,,114.57,114.54857142857142
1999-06-02,26.53,27.78,25.99,26.21,,116.33,116.46392857142857
1999-06-03,25.82,26.7,25.66,26.2,,116.06,116.09
1999-06-04,25.31,25.46,23.43,23.43,,116.26,116.12928571428571
1999-06-07,24.4,24.49,23.66,23.78,,116.85,116.85857142857142
1999-06-08,23.56,24.28,23.42,24.02,,116.93,116.97250000000001
1999-06-09,23.84,24.26,23.63,23.9,,116.61,116.52
1999-06-10,24.78,26.15,24.71,25.32,,115.47,115.515
1999-06-11,24.87,27.01,24.69,25.9,,115.45,115.33928571428572
1999-06-14,26.08,26.8,26.08,26.51,,114.59,
1999-06-15,26.16,26.23,25.33,25.91,,116.26,
1999-06-16,24.39,24.57,22.14,22.4,,117.25,
1999-06-17,22.74,23.12,21.77,21.95,,118.41,118.45
1999-06-18,22.19,23.03,21.75,21.75,,119.47,119.48685714285715
1999-06-21,22.32,22.9,21.77,21.81,,119.09,119.16257142857143
1999-06-22,21.68,21.89,20.76,21.7,,118.74,118.76285714285714
1999-06-23,22.21,22.48,21.31,21.32,,119.44,119.52714285714286
1999-06-24,20.67,23.94,20.67,23.06,,118.36,118.378
1999-06-25,21.36,22.25,20.85,21.76,,118.48,118.54228571428571
1999-06-28,22.48,22.97,22.28,22.63,,119.04,119.11971428571428
1999-06-29,23.54,23.55,22.49,22.51,,118.08,118.136
1999-06-30,22.99,23.34,20.8,21.09,,120.12,120.22428571428571
1999-07-01,20.57,21.43,19.63,19.69,,120.8,120.846
1999-07-02,19.24,19.45,18.66,18.66,,120.44,120.4
1999-07-06,19.93,20.75,19.64,20.73,,119.27,119.29742857142857
1999-07-07,21.11,21.24,20.35,20.35,,120.46,120.52857142857142
1999-07-08,20.97,21.01,19.88,20.24,,119.08,119.06
1999-07-09,18.55,18.75,17.9,17.96,,119.14,118.76142857142857
1999-07-12,19.3,20.12,19.3,19.73,,122.1,
1999-07-13,19.35,20.74,19.16,19.95,,119.39,
1999-07-14,19.44,20.38,19.38,19.71,,118.45,
1999-07-15,18.67,19.33,18.62,18.68,,119.9,
1999-07-16,18.05,18.48,17.07,17.42,,122.2,
1999-07-19,18.5,19.49,18.38,19.07,,122.4,
1999-07-20,19.96,21.95,19.96,21.79,,121.13,
1999-07-21,21.26,21.78,21.03,21.46,,119.48,
1999-07-22,21.9,23.38,21.73,23.05,,119.29,119.2
1999-07-23,22.36,23.69,22.36,23.32,,118.85,118.76714285714286
1999-07-26,24.76,25.74,24.26,24.98,,118.23,118.05
1999-07-27,24.45,24.54,22.87,23.23,,115.04,114.72964285714286
1999-07-28,23.34,23.73,22.57,22.85,,117.85,117.525
1999-07-29,23.51,25.08,23.5,24.52,,119.6,119.4125
1999-07-30,23.81,24.71,23.29,24.64,,119.28,119.12285714285714
1999-08-02,25.75,25.79,24.75,25.59,,120.09,119.94749999999999
1999-08-03,25.25,26.54,25.25,26.27,,120.01,119.89999999999999
1999-08-04,25.63,27.5,25.01,27.4,,118.57,118.48892857142857
1999-08-05,28.83,29.92,26.94,27.01,,119.83,119.65
1999-08-06,26.31,27.18,25.98,26.6,,121.41,121.36642857142857
1999-08-09,27.41,27.98,27.09,27.66,,119.54,119.27214285714285
1999-08-10,27.61,30.0,27.61,28.45,,118.59,118.3975
1999-08-11,27.19,27.27,25.37,25.39,,120.69,120.09428571428572
1999-08-12,24.58,25.06,24.08,25.03,,121.69,121.0375
1999-08-13,23.66,23.8,22.27,22.31,,128.4,127.99
1999-08-16,23.75,23.75,22.91,23.07,,122.16,
1999-08-17,22.09,22.86,21.67,21.67,,122.69,
1999-08-18,22.78,23.31,22.72,23.3,,119.82,
1999-08-19,24.57,24.96,24.22,24.39,,119.74,120.06
1999-08-20,24.05,24.07,22.95,22.95,,122.98,123.42857142857143
1999-08-23,23.13,23.13,22.52,22.55,,117.83,117.98571428571428
1999-08-24,23.41,23.63,22.12,22.4,,119.02,119.22357142857143
1999-08-25,21.92,22.41,20.83,20.96,,119.02,119.18714285714286
1999-08-26,20.25,21.26,20.12,21.21,,118.6,118.75999999999999
1999-08-27,20.9,22.01,20.9,21.83,,118.25,118.44857142857143
1999-08-30,23.3,24.65,23.29,24.63,,116.65,116.90357142857142
1999-08-31,24.41,25.54,23.74,24.45,,117.64,117.94714285714286
1999-09-01,23.86,24.18,22.93,22.93,,117.48,117.70857142857143
1999-09-02,24.25,25.56,24.25,24.53,,119.28,119.48
1999-09-03,21.5,21.55,20.87,20.98,,122.87,123.32392857142858
1999-09-07,22.4,23.65,22.35,23.44,,120.73,121.12464285714286
1999-09-08,24.21,24.27,22.94,23.82,,119.32,119.44714285714286
1999-09-09,23.91,24.08,23.01,23.01,,119.61,119.84
1999-09-10,22.19,22.54,21.67,22.03,,119.94,120.12571428571428
1999-09-13,22.8,23.35,22.7,22.89,,118.73,
1999-09-14,23.38,24.17,23.38,23.77,,117.66,
1999-09-15,22.97,24.89,22.75,24.56,,118.23,
1999-09-16,25.46,27.54,25.07,25.25,,119.68,119.79
1999-09-17,24.33,24.5,23.14,23.3,,119.11,119.15371428571429
1999-09-20,24.08,24.36,23.95,24.03,,118.33,118.35742857142857
1999-09-21,24.51,26.07,24.2,25.65,,117.58,117.61428571428571
1999-09-22,25.88,26.49,24.64,25.19,,118.2,118.26914285714285
1999-09-23,24.13,27.84,24.02,27.84,,116.0,116.038
1999-09-24,28.2,29.21,27.76,27.79,,115.64,115.62542857142857
1999-09-27,27.06,27.15,26.06,26.4,,117.29,117.34342857142857
1999-09-28,26.34,28.58,25.94,26.06,,116.76,116.79685714285715
1999-09-29,25.51,26.69,24.86,26.49,,116.71,116.72485714285715
1999-09-30,26.15,26.47,24.84,25.41,,115.85,115.79
1999-10-01,25.58,26.29,24.93,24.93,,117.07,117.07000000000001
1999-10-04,25.26,25.26,24.45,24.46,,117.24,117.21885714285715
1999-10-05,24.68,26.46,24.33,24.79,,117.11,117.10142857142857
1999-10-06,23.72,23.86,21.99,22.06,,118.34,118.3
1999-10-07,22.44,23.82,22.32,23.58,,120.36,120.498
1999-10-08,22.44,22.68,20.37,20.49,,120.91,120.97114285714287
1999-10-11,20.71,21.05,20.36,20.63,,118.38,
1999-10-12,21.56,23.02,21.54,22.84,,120.22,
1999-10-13,22.62,26.57,22.57,25.96,,115.66,
1999-10-14,26.68,27.47,25.6,26.05,,116.53,
1999-10-15,27.31,29.4,27.31,28.75,,116.14,
1999-10-18,29.34,29.81,28.15,28.19,,115.77,
1999-10-19,26.25,26.56,24.85,26.56,,116.9,
1999-10-20,25.15,25.48,23.87,23.9,,118.59,
1999-10-21,25.53,25.71,23.99,24.02,,120.31,120.28
1999-10-22,22.02,22.08,20.83,21.64,,120.85,120.80499999999999
1999-10-25,23.78,24.15,23.16,23.6,,119.94,119.86999999999999
1999-10-26,22.94,24.26,22.68,24.26,,118.12,118.00892857142857
1999-10-27,24.32,25.38,24.07,24.2,,119.15,119.00785714285713
1999-10-28,22.37,22.5,21.28,21.34,,121.82,121.8475
1999-10-29,20.63,22.37,20.3,22.2,,124.08,124.00857142857143
1999-11-01,22.7,22.91,22.05,22.09,,123.7,123.63071428571429
1999-11-02,22.09,23.32,21.29,23.1,,121.99,121.97285714285714
1999-11-03,23.08,23.57,22.76,23.16,,122.32,122.3157142857143
1999-11-04,22.47,23.31,22.43,23.0,,122.22,122.225
1999-11-05,21.47,22.12,21.29,21.66,,127.06,126.93142857142857
1999-11-08,22.57,22.58,21.72,21.87,,122.3,122.2792857142857
1999-11-09,22.06,22.96,22.06,22.7,,122.06,121.92285714285714
1999-11-10,22.6,22.69,21.98,22.26,,122.14,121.77857142857144
1999-11-11,22.24,22.68,22.02,22.07,,120.68,120.5475
1999-11-12,21.99,22.94,21.64,21.65,,126.04,125.77071428571428
1999-11-15,21.78,23.24,21.55,22.74,,124.33,
1999-11-16,22.13,22.77,20.73,20.73,,125.23,
1999-11-17,20.78,21.25,20.55,20.96,,124.14,
1999-11-18,20.59,20.7,19.56,19.76,,125.33,125.57
1999-11-19,18.8,19.8,18.64,19.11,,127.96,128.31057142857142
1999-11-22,20.37,20.46,19.66,19.98,,123.93,124.14999999999999
1999-11-23,21.07,21.86,20.8,21.0,,121.3,121.45285714285714
1999-11-24,20.7,20.85,20.1,20.26,,121.18,121.33342857142857
1999-11-26,20.35,23.47,20.22,22.33,,121.65,121.844
1999-11-29,24.27,24.29,23.11,23.57,,120.37,120.53714285714285
1999-11-30,23.81,24.21,22.86,24.18,,118.96,119.05571428571429
1999-12-01,23.41,23.41,22.23,22.23,,119.07,119.18142857142857
1999-12-02,21.69,22.29,21.67,21.77,,117.33,117.298
1999-12-03,19.74,19.82,18.69,19.32,,115.47,115.31142857142856
1999-12-06,21.12,21.47,20.21,20.58,,117.36,117.25285714285714
1999-12-07,20.93,21.55,20.8,21.09,,116.53,116.414
1999-12-08,21.21,21.33,20.62,21.25,,115.2,114.98428571428572
1999-12-09,20.8,22.31,20.72,21.19,,114.42,114.07600000000001
1999-12-10,21.61,22.15,21.03,21.48,,114.16,113.77628571428572
1999-12-13,21.96,22.48,21.57,21.72,,117.95,
1999-12-14,22.25,23.25,22.05,23.06,,117.5,
1999-12-15,23.25,23.77,21.83,22.03,,116.92,
1999-12-16,21.36,22.95,21.14,21.91,,117.07,
1999-12-17,21.39,21.46,20.84,21.35,,118.07,
1999-12-20,22.18,24.22,22.14,23.78,,116.62,
1999-12-21,22.98,24.02,22.09,22.66,,118.55,
1999-12-22,22.14,22.84,22.14,22.43,,117.74,
1999-12-23,21.59,21.63,20.87,21.12,,120.72,121.02
1999-12-27,22.88,23.34,22.85,23.07,,117.83,118.05857142857143
1999-12-28,23.61,23.69,22.86,22.97,,119.14,119.39178571428572
1999-12-29,23.08,23.37,22.8,23.09,,119.45,119.745
1999-12-30,23.51,25.17,23.15,24.76,,120.25,120.61
1999-12-31,,,,,,119.17,119.46285714285715
2000-01-03,24.36,26.15,23.98,24.21,,117.84,118.07107142857143
2000-01-04,24.94,27.18,24.8,27.01,,114.22,114.38
2000-01-05,27.98,29.0,25.85,26.41,,114.82,115.0275
2000-01-06,26.68,26.71,24.7,25.73,,114.87,115.125
2000-01-07,25.14,25.17,21.72,21.72,,117.35,117.61250000000001
2000-01-10,21.89,22.49,21.36,21.71,,115.73,115.81785714285715
2000-01-11,21.98,22.63,21.69,22.5,,114.98,115.00750000000001
2000-01-12,23.05,23.49,22.41,22.84,,114.14,114.22571428571429
2000-01-13,22.73,23.1,21.32,21.71,,115.18,115.28
2000-01-14,19.83,20.15,19.51,19.66,,116.56,116.74142857142857
2000-01-18,21.39,21.63,20.97,21.5,,114.38,
2000-01-19,22.15,22.16,21.44,21.72,,115.5,
2000-01-20,21.31,22.6,21.18,21.75,,114.8,114.74
2000-01-21,21.55,21.91,20.5,20.82,,116.13,116.10142857142857
2000-01-24,21.43,24.44,21.43,24.07,,114.36,114.3
2000-01-25,23.79,24.28,22.87,23.02,,116.07,115.81428571428572
2000-01-26,22.91,23.19,22.45,23.03,,115.25,114.99214285714285
2000-01-27,22.37,24.39,22.03,23.54,,115.89,115.6425
2000-01-28,23.75,26.54,23.17,26.14,,113.49,113.28428571428572
2000-01-31,26.78,27.43,24.94,24.95,,114.14,113.74642857142857
2000-02-01,24.43,24.74,23.29,23.45,,114.12,114.08571428571429
2000-02-02,23.02,24.74,22.62,23.12,,114.62,114.61107142857144
2000-02-03,22.72,23.73,21.93,22.01,,115.32,115.36
2000-02-04,20.77,21.77,20.69,21.54,,115.89,115.70821428571428
2000-02-07,22.97,23.27,22.79,22.79,,116.3,116.10142857142857
2000-02-08,21.68,22.08,21.17,21.25,,117.35,117.22857142857143
2000-02-09,21.54,22.9,21.29,22.9,,115.34,115.14999999999999
2000-02-10,23.36,23.55,22.75,23.07,,115.02,114.84
2000-02-11,22.94,24.8,22.82,24.42,,114.93,114.77214285714285
2000-02-14,24.67,24.89,24.27,24.38,,113.09,
2000-02-15,24.08,24.75,22.84,22.92,,116.07,
2000-02-16,23.2,23.83,22.74,23.51,,114.4,
2000-02-17,22.9,23.48,22.63,23.17,,114.76,114.97
2000-02-18,23.37,26.37,23.37,26.0,,114.07,114.32857142857144
2000-02-22,25.91,28.12,25.47,25.86,,112.47,112.71
2000-02-23,25.2,25.37,23.56,23.89,,113.32,113.56085714285715
2000-02-24,24.18,25.94,24.15,24.38,,111.5,111.676
2000-02-25,24.13,25.37,23.58,25.2,,109.52,109.64628571428571
2000-02-28,25.9,26.19,24.09,24.68,,111.32,111.53171428571427
2000-02-29,23.76,23.88,23.24,23.37,,111.42,111.56228571428571
2000-03-01,22.65,22.72,21.41,21.64,,113.15,113.32000000000001
2000-03-02,21.62,22.1,20.93,21.06,,111.52,111.604
2000-03-03,19.98,20.04,19.19,19.21,,112.22,112.29142857142857
2000-03-06,20.38,21.74,20.33,21.5,,111.59,111.68514285714286
2000-03-07,22.24,24.49,22.24,24.31,,110.37,110.51685714285713
2000-03-08,24.57,25.2,23.48,23.82,,111.02,111.17857142857143
2000-03-09,24.18,24.18,22.2,22.21,,113.26,113.278
2000-03-10,20.89,21.69,20.84,21.24,,113.36,113.33971428571428
2000-03-13,23.03,23.26,21.99,22.85,,114.93,
2000-03-14,22.75,24.41,22.33,24.41,,113.41,
2000-03-15,24.66,24.76,21.98,22.34,,114.16,
2000-03-16,21.65,21.92,20.49,20.77,,114.86,
2000-03-17,21.26,22.56,21.07,22.37,,115.13,
2000-03-20,22.31,23.26,22.28,22.96,,114.34,
2000-03-21,23.45,23.45,21.27,21.7,,113.79,
2000-03-22,21.91,22.02,21.22,21.49,,113.71,
2000-03-23,21.82,22.42,21.1,22.26,,114.24,114.12
2000-03-24,22.45,23.96,22.12,23.31,,113.47,113.4667857142857
2000-03-27,24.35,24.8,24.1,24.53,,112.75,112.74142857142857
2000-03-28,24.99,25.2,24.47,24.86,,113.33,113.38464285714286
2000-03-29,24.37,25.02,23.79,24.1,,113.96,114.05142857142857
2000-03-30,23.95,25.87,23.79,25.47,,112.54,112.58250000000001
2000-03-31,24.78,24.97,23.44,24.11,,113.35,113.40571428571428
2000-04-03,24.99,25.86,24.03,24.03,,113.23,113.33107142857142
2000-04-04,23.5,31.16,23.25,27.12,,112.55,112.64428571428572
2000-04-05,28.56,30.01,27.77,28.41,,111.54,111.625
2000-04-06,27.71,27.83,27.05,27.15,,113.11,113.21000000000001
2000-04-07,25.64,25.64,23.58,24.39,,113.41,113.51071428571429
2000-04-10,25.44,26.04,24.97,25.99,,111.93,111.95357142857142
2000-04-11,27.67,28.08,26.64,27.25,,112.51,112.53535714285714
2000-04-12,27.19,28.98,27.04,28.98,,111.21,111.19857142857143
2000-04-13,28.46,29.4,27.78,29.4,,110.72,110.6875
2000-04-14,30.09,33.79,30.09,33.49,,107.79,107.88214285714287
2000-04-17,33.7,34.31,28.47,28.95,,109.52,
2000-04-18,27.93,28.13,26.12,26.12,,112.79,
2000-04-19,26.54,27.23,26.27,27.02,,113.52,
2000-04-20,26.54,27.21,25.77,25.85,,114.24,114.03
2000-04-24,27.79,28.5,27.25,27.37,,114.9,114.70714285714286
2000-04-25,26.26,26.45,25.2,25.24,,115.89,115.70357142857142
2000-04-26,25.39,27.24,25.27,26.97,,115.43,115.20857142857143
2000-04-27,29.43,29.5,25.95,26.19,,115.91,115.69500000000001
2000-04-28,25.62,26.8,25.61,26.2,,115.35,115.14571428571429
2000-05-01,26.07,26.44,25.26,25.88,,116.22,116.10321428571429
2000-05-02,26.81,28.5,26.5,28.5,,114.73,114.60142857142857
2000-05-03,30.0,32.89,30.0,31.63,,114.34,114.20178571428572
2000-05-04,31.45,32.06,30.56,30.77,,114.13,113.975
2000-05-05,29.49,29.54,27.44,27.53,,114.82,114.68035714285713
2000-05-08,28.8,29.05,28.2,28.2,,114.73,114.605
2000-05-09,28.25,29.68,28.16,28.93,,113.7,113.50642857142857
2000-05-10,29.68,30.6,28.9,29.87,,112.91,112.75
2000-05-11,29.07,29.12,27.76,27.76,,115.02,114.8125
2000-05-12,26.33,26.33,25.61,26.05,,114.58,114.39571428571428
2000-05-15,26.47,26.7,24.8,24.86,,115.11,
2000-05-16,24.46,25.15,24.09,24.34,,113.51,
2000-05-17,24.62,25.11,23.74,23.98,,113.93,
2000-05-18,23.42,24.03,23.29,23.96,,113.18,113.36
2000-05-19,24.85,26.15,24.85,25.44,,112.39,112.47714285714287
2000-05-22,26.25,27.9,25.98,26.0,,112.21,112.30714285714285
2000-05-23,25.75,26.12,24.97,25.87,,111.23,111.33857142857143
2000-05-24,25.96,26.73,24.19,24.32,,110.48,110.53828571428572
2000-05-25,23.87,25.03,23.85,24.58,,110.95,111.026
2000-05-26,24.61,24.91,24.2,24.47,,110.52,110.57857142857142
2000-05-30,24.59,24.78,23.6,23.62,,109.94,109.92
2000-05-31,24.09,24.09,23.23,23.65,,108.64,108.55942857142857
2000-06-01,23.2,23.21,22.32,22.36,,109.02,108.922
2000-06-02,21.32,21.68,21.3,21.48,,110.3,110.23857142857143
2000-06-05,23.06,23.29,22.59,22.71,,109.66,109.60628571428572
2000-06-06,23.2,23.24,22.72,23.05,,109.78,109.68142857142857
2000-06-07,23.17,23.4,22.34,22.48,,109.95,109.87714285714286
2000-06-08,23.36,23.53,22.77,22.77,,110.05,109.982
2000-06-09,22.08,22.49,21.99,22.14,,109.67,109.51685714285715
2000-06-12,22.22,22.75,22.13,22.32,,112.41,
2000-06-13,23.28,23.39,21.6,21.67,,111.96,
2000-06-14,21.61,21.74,21.0,21.48,,113.1,
2000-06-15,21.42,21.63,20.52,20.68,,113.3,
2000-06-16,20.54,20.9,20.3,20.5,,114.52,
2000-06-19,21.16,21.36,20.34,20.63,,111.56,
2000-06-20,20.81,21.23,20.7,20.88,,112.34,
2000-06-21,21.06,21.25,20.46,20.61,,110.87,
2000-06-22,21.54,22.29,21.43,22.0,,111.62,111.63
2000-06-23,22.13,22.82,22.02,22.34,,110.92,110.92857142857143
2000-06-26,24.85,25.01,22.45,22.45,,109.16,109.05714285714286
2000-06-27,22.1,22.17,21.64,21.8,,110.62,110.62392857142856
2000-06-28,21.87,21.87,19.99,20.29,,109.83,109.80428571428573
2000-06-29,20.76,21.16,19.63,19.7,,111.49,111.5625
2000-06-30,19.68,19.78,19.39,19.54,,109.92,109.88142857142857
2000-07-03,20.51,20.51,19.83,19.83,,107.35,107.22464285714285
2000-07-05,20.63,21.65,20.56,21.16,,109.93,110.00785714285715
2000-07-06,20.77,21.51,20.76,20.94,,110.56,110.66499999999999
2000-07-07,19.68,20.25,19.17,19.22,,109.88,109.81321428571428
2000-07-10,20.2,20.63,20.08,20.33,,110.84,110.90214285714286
2000-07-11,19.64,20.45,19.43,20.11,,110.44,110.40821428571428
2000-07-12,20.29,20.3,19.94,20.03,,108.56,108.62714285714286
2000-07-13,19.9,20.17,19.76,20.03,,109.31,109.5475
2000-07-14,19.21,19.59,19.21,19.32,,109.06,109.17571428571429
2000-07-17,20.02,20.13,19.13,19.45,,112.37,
2000-07-18,19.7,19.92,19.33,19.75,,112.25,
2000-07-19,19.28,19.83,19.19,19.65,,112.02,
2000-07-20,19.05,19.19,18.87,18.94,,110.32,110.1
2000-07-21,19.04,19.39,18.77,18.94,,108.59,108.34214285714286
2000-07-24,19.35,19.99,19.17,19.92,,113.65,113.61428571428571
2000-07-25,19.46,19.74,19.35,19.39,,110.22,109.98928571428571
2000-07-26,19.63,19.99,19.48,19.67,,112.97,112.93214285714285
2000-07-27,19.26,20.19,19.26,19.6,,113.28,113.265
2000-07-28,19.33,20.98,19.33,20.84,,112.17,112.05857142857143
2000-07-31,20.98,21.17,20.54,20.74,,112.2,112.15714285714286
2000-08-01,20.66,20.84,20.27,20.55,,112.98,112.93428571428572
2000-08-02,20.2,20.2,19.82,20.0,,109.86,109.88571428571429
2000-08-03,20.29,20.38,19.66,19.99,,111.26,110.975
2000-08-04,18.75,18.97,18.53,18.62,,108.65,108.56071428571428
2000-08-07,19.31,19.36,18.91,19.03,,106.89,106.74714285714286
2000-08-08,18.89,19.07,18.75,18.79,,108.59,108.525
2000-08-09,18.78,19.28,18.74,19.18,,110.05,110.05857142857143
2000-08-10,18.97,19.19,18.83,19.19,,110.02,109.9975
2000-08-11,19.26,19.36,18.34,18.55,,108.54,108.58142857142857
2000-08-14,18.98,18.99,17.84,17.88,,109.06,
2000-08-15,17.97,18.27,17.86,17.98,,108.88,
2000-08-16,17.81,18.12,17.69,18.02,,109.95,
2000-08-17,18.0,18.06,17.39,17.48,,109.22,109.25
2000-08-18,17.17,17.51,16.99,17.05,,110.34,110.39514285714286
2000-08-21,17.71,17.71,17.26,17.35,,110.53,110.59742857142858
2000-08-22,17.83,17.83,17.27,17.47,,108.35,108.32857142857144
2000-08-23,17.59,17.74,17.34,17.38,,111.29,111.39885714285714
2000-08-24,17.42,17.59,16.95,17.04,,109.44,109.448
2000-08-25,16.96,17.06,16.49,16.53,,112.27,112.396
2000-08-28,17.11,17.11,16.28,16.54,,110.93,111.006
2000-08-29,16.84,17.1,16.68,16.89,,111.37,111.44514285714286
2000-08-30,17.13,17.96,17.11,17.69,,110.88,110.95314285714285
2000-08-31,17.44,17.45,16.64,16.84,,112.65,112.794
2000-09-01,16.81,17.77,16.47,17.53,,114.5,114.71000000000001
2000-09-05,19.18,20.06,19.16,19.82,,112.5,112.66257142857143
2000-09-06,19.7,20.92,19.7,20.79,,110.44,110.41285714285715
2000-09-07,20.47,20.51,19.34,19.42,,112.33,112.368
2000-09-08,18.81,19.07,18.46,18.46,,111.03,111.01114285714286
2000-09-11,19.03,19.1,18.31,18.4,,111.35,
2000-09-12,18.33,19.04,18.15,18.59,,112.02,
2000-09-13,18.76,18.76,18.16,18.32,,112.16,
2000-09-14,18.24,18.51,17.96,18.26,,111.98,
2000-09-15,18.09,18.72,18.01,18.52,,111.91,
2000-09-18,18.88,20.35,18.78,20.25,,111.29,
2000-09-19,20.22,20.25,19.54,19.54,,111.81,
2000-09-20,19.99,21.18,19.92,19.93,,,
2000-09-21,20.17,20.71,20.01,20.18,,,
2000-09-22,22.09,22.66,20.74,20.74,,,
2000-09-25,20.85,21.66,20.66,21.41,,,
2000-09-26,21.5,22.09,21.1,21.88,,,
2000-09-27,21.71,22.1,21.39,21.67,,,
2000-09-28,21.28,21.31,19.4,19.47,,,
2000-09-29,19.88,20.57,19.8,20.57,,,
2000-10-02,20.98,21.56,20.8,21.23,,112.9,112.92535714285714
2000-10-03,20.99,21.85,20.41,21.85,,113.27,113.3
2000-10-04,22.18,22.66,21.21,21.54,,113.02,113.03678571428571
2000-10-05,21.02,21.3,20.65,21.03,,112.88,112.905
2000-10-06,20.53,23.35,20.43,22.71,,113.57,113.60607142857144
2000-10-09,23.92,24.67,23.63,24.02,,112.11,112.08285714285715
2000-10-10,23.77,25.02,23.72,24.86,,110.96,110.91071428571429
2000-10-11,26.23,28.37,26.09,26.57,,111.13,111.11142857142858
2000-10-12,27.21,30.55,26.95,30.51,,107.79,107.7825
2000-10-13,29.34,29.42,27.5,27.6,,111.23,111.24214285714287
2000-10-16,27.33,27.65,26.59,26.79,,111.29,
2000-10-17,26.19,28.29,26.19,27.84,,110.35,
2000-10-18,30.7,30.8,28.17,28.72,,110.65,
2000-10-19,26.8,27.02,24.85,25.09,,113.54,113.34
2000-10-20,24.63,24.63,23.02,24.24,,114.64,114.46642857142857
2000-10-23,24.58,25.13,24.27,24.69,,115.66,115.48857142857142
2000-10-24,24.14,24.81,23.6,24.28,,115.03,114.84214285714286
2000-10-25,25.58,26.78,25.01,26.65,,113.86,113.66714285714286
2000-10-26,26.64,30.08,26.43,28.62,,113.19,112.9975
2000-10-27,27.42,28.05,26.47,26.47,,115.21,114.95285714285714
2000-10-30,26.23,26.48,25.07,25.46,,115.6,115.38392857142857
2000-10-31,24.77,24.87,23.37,23.63,,116.81,116.61285714285714
2000-11-01,24.07,24.86,23.91,24.28,,116.51,116.24785714285714
2000-11-02,23.71,24.24,23.64,23.92,,117.57,117.285
2000-11-03,24.05,24.06,23.51,23.67,,119.02,118.72714285714285
2000-11-06,24.53,24.75,24.13,24.52,,118.09,117.935
2000-11-07,25.12,25.41,24.73,24.91,,118.3,118.22928571428571
2000-11-08,24.87,25.74,24.87,25.66,,114.27,114.01285714285714
2000-11-09,26.79,28.46,26.18,27.2,,116.91,116.69
2000-11-10,28.07,28.81,28.0,28.53,,115.51,115.315
2000-11-13,29.13,30.57,28.74,29.06,,116.17,
2000-11-14,27.93,27.93,26.38,26.81,,119.84,
2000-11-15,27.24,27.25,25.85,26.15,,117.3,
2000-11-16,25.82,25.82,24.67,25.05,,116.43,116.57
2000-11-17,25.5,25.88,24.47,24.81,,118.76,119.00657142857143
2000-11-20,26.49,27.6,26.37,27.43,,116.01,116.20628571428571
2000-11-21,27.43,27.64,26.52,26.62,,119.0,119.30428571428571
2000-11-22,26.91,27.83,26.87,27.71,,116.71,116.96028571428572
2000-11-24,27.32,27.32,25.99,26.0,,116.12,116.32028571428572
2000-11-27,26.12,26.98,26.12,26.93,,110.52,110.44171428571428
2000-11-28,26.99,27.84,26.78,27.64,,113.17,113.27742857142857
2000-11-29,27.88,28.22,27.3,27.49,,111.64,111.67714285714285
2000-11-30,28.64,31.11,28.43,29.65,,110.67,110.67
2000-12-01,28.31,28.39,27.08,27.48,,112.54,112.61
2000-12-04,28.55,28.74,27.65,27.78,,112.8,112.95971428571428
2000-12-05,27.28,27.31,24.97,24.99,,109.78,109.63771428571428
2000-12-06,24.32,25.21,23.89,25.07,,109.42,109.19714285714286
2000-12-07,25.46,25.55,24.91,25.34,,109.66,109.434
2000-12-08,23.74,23.84,22.38,22.41,,112.56,112.61057142857143
2000-12-11,23.8,23.99,22.81,23.51,,109.46,
2000-12-12,24.03,25.36,23.97,24.88,,113.11,
2000-12-13,23.69,24.32,23.3,23.63,,113.35,
2000-12-14,23.4,25.41,23.4,24.86,,113.3,
2000-12-15,25.43,26.87,25.43,26.55,,111.97,
2000-12-18,26.79,27.89,26.43,27.7,,112.26,
2000-12-19,27.35,27.54,25.41,27.17,,112.15,
2000-12-20,29.95,32.02,29.43,31.74,,110.16,
2000-12-21,31.97,32.32,29.22,29.66,,110.51,110.59
2000-12-22,28.75,28.83,27.55,27.55,,111.3,111.38464285714286
2000-12-26,28.47,29.13,28.37,28.73,,110.78,110.81642857142857
2000-12-27,28.88,28.95,27.96,28.14,,111.36,111.40214285714286
2000-12-28,27.99,28.06,26.53,26.57,,110.47,110.39750000000001
2000-12-29,26.35,26.96,26.32,26.85,,111.04,111.02428571428571
2001-01-02,27.93,30.4,27.92,29.99,,109.65,109.59714285714286
2001-01-03,29.63,29.96,25.99,26.6,,110.94,110.83678571428571
2001-01-04,26.35,27.19,26.13,26.97,,110.4,110.25
2001-01-05,27.81,29.04,27.21,28.67,,109.92,109.80857142857143
2001-01-08,29.98,30.8,29.72,29.84,,109.6,109.54928571428572
2001-01-09,29.47,29.53,27.77,27.99,,111.07,111.10571428571428
2001-01-10,28.44,28.47,26.7,26.8,,112.18,112.44
2001-01-11,26.68,26.71,25.65,25.79,,110.05,109.8625
2001-01-12,25.31,25.48,24.5,24.56,,110.43,110.31857142857143
2001-01-16,25.59,25.68,24.88,25.28,,110.7,
2001-01-17,24.4,25.22,24.28,24.93,,116.94,
2001-01-18,24.48,24.53,23.18,23.37,,111.12,111.09
2001-01-19,23.62,24.08,23.0,23.24,,112.25,112.26678571428572
2001-01-22,24.27,24.31,23.24,23.25,,112.76,112.77714285714286
2001-01-23,23.0,23.15,21.47,21.57,,111.59,111.54392857142857
2001-01-24,21.98,22.41,21.87,22.03,,111.43,111.36642857142857
2001-01-25,22.44,22.86,22.27,22.64,,110.98,110.92750000000001
2001-01-26,22.52,23.05,22.44,22.57,,111.75,111.73142857142858
2001-01-29,22.8,22.96,22.56,22.61,,111.22,111.175
2001-01-30,23.07,23.35,22.47,22.57,,111.38,111.32428571428572
2001-01-31,22.94,23.02,21.98,22.02,,112.33,112.30214285714285
2001-02-01,22.39,22.68,21.61,21.66,,113.0,112.975
2001-02-02,20.87,21.95,20.81,21.95,,112.2,112.1075
2001-02-05,22.75,23.01,22.18,22.19,,111.82,111.59214285714286
2001-02-06,22.04,22.12,21.42,21.98,,112.28,112.11571428571429
2001-02-07,21.63,22.36,21.44,21.67,,111.8,111.61285714285714
2001-02-08,21.46,21.61,20.92,21.46,,111.75,111.66
2001-02-09,21.67,22.24,21.16,22.03,,111.73,111.63785714285714
2001-02-12,23.06,23.13,21.83,21.92,,111.01,
2001-02-13,21.64,21.66,21.12,21.37,,112.07,
2001-02-14,21.84,22.52,21.52,21.52,,113.09,
2001-02-15,21.51,21.51,20.22,20.27,,114.5,114.59
2001-02-16,21.65,22.73,21.43,22.12,,112.29,112.32228571428571
2001-02-20,23.43,24.76,23.16,24.69,,112.1,112.11428571428571
2001-02-21,24.81,25.81,24.24,25.75,,112.47,112.542
2001-02-22,25.96,28.41,25.96,26.76,,113.65,113.804
2001-02-23,27.18,30.62,26.94,27.21,,113.12,113.25114285714287
2001-02-26,27.18,27.48,25.43,25.43,,112.71,112.79914285714285
2001-02-27,25.57,26.59,25.02,26.49,,112.65,112.76
2001-02-28,26.37,28.82,26.05,28.35,,112.91,113.05114285714286
2001-03-01,29.66,30.26,28.08,28.08,,112.91,113.04599999999999
2001-03-02,29.08,29.34,26.82,27.43,,112.1,112.20142857142856
2001-03-05,28.32,28.43,27.08,27.12,,112.52,112.64914285714286
2001-03-06,26.26,26.28,25.58,25.89,,111.93,111.992
2001-03-07,25.28,25.53,24.12,24.12,,111.16,111.12714285714286
2001-03-08,24.42,24.9,24.23,24.29,,112.34,112.382
2001-03-09,24.47,25.76,24.46,25.62,,109.24,109.14257142857143
2001-03-12,27.88,30.54,27.74,30.32,,109.23,
2001-03-13,30.77,30.84,27.55,27.55,,110.69,
2001-03-14,30.37,30.71,28.86,29.61,,109.51,
2001-03-15,28.53,28.98,28.25,28.56,,109.99,
2001-03-16,28.78,29.91,28.56,29.91,,109.21,
2001-03-19,30.61,31.33,29.5,29.78,,114.43,
2001-03-20,30.02,31.27,29.3,30.96,,112.89,
2001-03-21,31.41,32.18,30.26,31.93,,111.74,
2001-03-22,32.41,35.45,32.35,32.84,,110.55,110.96
2001-03-23,33.0,33.0,30.41,30.45,,111.21,111.36821428571429
2001-03-26,30.0,30.24,29.04,29.04,,109.79,109.87428571428572
2001-03-27,28.52,28.63,27.03,27.04,,111.57,111.7207142857143
2001-03-28,28.26,28.98,28.21,28.58,,110.24,110.35928571428572
2001-03-29,29.27,29.84,28.16,29.17,,110.65,110.795
2001-03-30,28.76,29.32,28.3,28.64,,109.58,109.6257142857143
2001-04-02,29.4,31.61,29.16,31.21,,109.32,109.39
2001-04-03,32.92,35.2,32.92,34.72,,109.1,109.32571428571428
2001-04-04,34.28,34.74,33.21,34.07,,108.73,108.89214285714286
2001-04-05,32.51,32.51,29.88,29.94,,110.62,110.82
2001-04-06,30.39,32.04,30.22,31.69,,109.07,109.2325
2001-04-09,31.94,32.55,31.38,31.91,,108.31,108.30785714285715
2001-04-10,30.67,30.69,29.33,29.44,,109.73,109.80857142857143
2001-04-11,28.94,29.13,28.4,28.46,,110.0,110.02285714285715
2001-04-12,28.09,28.37,26.12,26.12,,110.4,110.515
2001-04-16,26.85,27.18,26.22,26.33,,109.1,
2001-04-17,26.04,26.22,25.33,25.61,,110.44,
2001-04-18,24.58,24.65,23.01,24.13,,111.04,
2001-04-19,24.51,24.62,24.12,24.16,,112.29,112.19
2001-04-20,24.67,25.45,24.5,25.38,,112.67,112.58714285714285
2001-04-23,27.35,28.6,27.28,28.16,,113.18,113.17
2001-04-24,27.7,28.61,27.23,28.49,,113.24,113.17928571428571
2001-04-25,28.64,28.68,27.25,27.4,,112.33,112.28214285714286
2001-04-26,26.41,26.41,25.62,25.96,,112.85,112.7825
2001-04-27,25.0,25.0,24.02,24.02,,113.62,113.50857142857143
2001-04-30,24.21,25.74,23.9,25.48,,113.56,113.59785714285714
2001-05-01,25.46,25.57,24.16,24.2,,113.17,113.03285714285715
2001-05-02,24.6,25.04,23.97,24.23,,113.52,113.35607142857144
2001-05-03,25.52,26.32,25.43,25.78,,112.83,112.705
2001-05-04,26.49,26.49,23.88,23.91,,113.2,113.1075
2001-05-07,25.1,25.46,24.53,24.86,,113.67,113.60571428571428
2001-05-08,24.49,25.35,24.44,24.44,,113.96,113.79571428571428
2001-05-09,24.94,25.06,24.27,24.35,,113.7,113.67571428571429
2001-05-10,23.69,24.67,23.55,24.0,,114.12,114.0525
2001-05-11,23.14,23.86,23.14,23.54,,114.33,114.25571428571429
2001-05-14,24.23,24.5,24.06,24.26,,116.74,
2001-05-15,24.41,24.5,23.34,23.71,,115.2,
2001-05-16,23.17,23.22,21.17,21.89,,115.27,
2001-05-17,22.5,22.74,21.32,21.47,,116.1,116.23
2001-05-18,21.46,21.71,21.17,21.23,,118.37,118.54428571428572
2001-05-21,21.9,21.96,20.74,20.76,,118.45,118.60142857142857
2001-05-22,21.53,21.56,21.09,21.35,,117.74,117.8457142857143
2001-05-23,21.6,22.15,21.58,22.08,,115.38,115.47428571428571
2001-05-24,21.85,21.89,20.55,20.57,,116.88,117.05
2001-05-25,20.6,21.13,20.46,20.6,,115.1,115.16314285714286
2001-05-29,22.16,22.37,21.93,22.14,,112.91,112.92542857142857
2001-05-30,22.4,23.16,22.25,22.76,,111.54,111.47657142857143
2001-05-31,22.96,23.16,22.33,22.64,,113.13,113.172
2001-06-01,23.02,23.12,21.52,21.59,,111.75,111.63428571428572
2001-06-04,21.64,22.07,21.33,21.38,,110.58,110.36771428571429
2001-06-05,20.8,20.92,19.47,19.58,,109.7,109.45942857142857
2001-06-06,20.09,20.64,19.93,20.39,,111.67,111.57
2001-06-07,20.35,20.39,19.67,19.67,,110.25,110.196
2001-06-08,19.62,20.44,19.58,19.92,,110.52,110.43371428571429
2001-06-11,20.62,21.09,20.37,20.7,,111.41,
2001-06-12,21.21,21.68,20.43,20.7,,114.05,
2001-06-13,20.79,21.6,20.7,21.45,,114.13,
2001-06-14,22.13,23.12,22.12,23.12,,113.67,
2001-06-15,23.98,24.42,22.44,22.81,,114.52,
2001-06-18,23.26,23.54,22.93,23.17,,113.03,
2001-06-19,22.4,22.82,21.93,22.34,,113.35,
2001-06-20,22.05,22.29,21.6,21.71,,113.26,
2001-06-21,21.31,21.36,19.34,19.38,,114.7,114.97
2001-06-22,19.82,20.2,19.59,20.02,,114.68,114.97928571428571
2001-06-25,20.36,20.89,20.25,20.67,,113.3,113.55142857142857
2001-06-26,21.45,21.65,20.75,21.2,,111.85,111.98142857142858
2001-06-27,21.55,21.84,20.54,20.88,,111.55,111.6392857142857
2001-06-28,20.18,20.18,19.52,20.01,,114.01,114.2575
2001-06-29,19.9,19.9,18.83,19.06,,115.7,116.05857142857143
2001-07-02,19.75,19.75,18.74,18.76,,114.6,114.94857142857143
2001-07-03,19.21,19.37,18.92,18.92,,110.24,110.15428571428572
2001-07-05,20.14,20.39,19.7,20.09,,114.04,114.36
2001-07-06,20.96,21.9,20.96,21.63,,112.69,113.07714285714286
2001-07-09,22.71,22.96,22.3,22.48,,111.33,111.54928571428572
2001-07-10,22.28,23.26,22.28,23.25,,111.08,111.33035714285715
2001-07-11,24.17,24.91,23.59,24.01,,114.33,114.50142857142858
2001-07-12,23.29,23.29,22.09,22.09,,113.57,113.6175
2001-07-13,22.03,22.12,21.02,21.14,,112.88,113.01928571428572
2001-07-16,21.69,22.91,21.58,22.91,,113.21,
2001-07-17,23.54,23.6,22.46,22.61,,112.66,
2001-07-18,23.19,23.84,23.07,23.6,,112.64,
2001-07-19,22.58,23.07,21.84,22.51,,115.18,115.22
2001-07-20,22.67,23.01,22.19,22.34,,114.46,114.47914285714285
2001-07-23,22.64,23.87,22.51,23.74,,113.65,113.6122857142857
2001-07-24,24.2,25.61,24.16,25.24,,113.12,113.06571428571428
2001-07-25,24.92,25.23,23.92,24.0,,114.33,114.33371428571428
2001-07-26,24.02,24.23,22.98,23.01,,115.02,115.022
2001-07-27,23.02,23.13,21.93,22.0,,116.99,117.06628571428571
2001-07-30,22.48,23.03,22.48,22.69,,114.72,114.69628571428571
2001-07-31,22.31,22.45,20.79,21.62,,115.31,115.26171428571429
2001-08-01,20.97,20.99,20.13,20.56,,116.68,116.71542857142857
2001-08-02,20.33,20.48,19.69,20.09,,115.96,115.982
2001-08-03,20.23,21.03,19.83,19.89,,115.67,115.68285714285715
2001-08-06,21.07,22.26,20.88,21.89,,115.55,115.484
2001-08-07,21.43,21.51,20.73,21.01,,114.76,114.58371428571428
2001-08-08,21.52,22.57,20.72,22.32,,114.7,114.57285714285715
2001-08-09,22.02,22.43,21.64,21.75,,115.33,115.316
2001-08-10,20.56,21.53,20.37,20.55,,114.68,114.68857142857144
2001-08-13,20.58,20.69,20.24,20.42,,115.55,
2001-08-14,19.95,20.54,19.93,20.48,,116.55,
2001-08-15,20.14,20.91,19.84,20.91,,116.73,
2001-08-16,21.26,22.15,21.06,21.54,,117.66,
2001-08-17,21.94,24.24,21.91,23.84,,115.87,
2001-08-20,24.83,24.85,22.87,22.87,,116.37,
2001-08-21,22.55,24.51,21.63,24.4,,115.46,
2001-08-22,22.71,23.28,22.34,22.44,,114.77,
2001-08-23,22.05,22.36,21.85,22.23,,117.31,117.45
2001-08-24,21.3,21.31,19.7,19.71,,115.84,115.86178571428572
2001-08-27,20.5,20.85,20.13,20.56,,115.31,115.28999999999999
2001-08-28,20.9,22.12,20.9,22.0,,114.39,114.32392857142858
2001-08-29,21.85,23.26,21.84,23.03,,115.87,115.92357142857144
2001-08-30,23.16,25.84,23.16,25.41,,114.17,114.185
2001-08-31,25.31,25.47,24.41,24.92,,113.27,113.2057142857143
2001-09-04,26.11,26.17,24.19,25.85,,113.1,113.02
2001-09-05,26.22,27.37,26.22,26.35,,113.81,113.76607142857142
2001-09-06,27.23,28.73,27.23,28.61,,112.45,112.38
2001-09-07,29.89,31.3,28.92,30.99,,111.43,111.36214285714286
2001-09-10,33.11,33.34,31.84,31.84,,112.5,112.37714285714286
2001-09-17,43.2,44.33,39.77,41.76,,110.9,
2001-09-18,41.07,42.17,38.87,38.87,,114.97,
2001-09-19,37.88,44.26,37.5,40.56,,113.16,
2001-09-20,41.4,43.76,41.17,43.74,,111.57,111.61
2001-09-21,48.93,49.35,42.66,42.66,,112.23,112.3375
2001-09-24,41.32,41.49,37.2,37.75,,114.59,114.69
2001-09-25,37.06,37.26,35.81,35.81,,115.02,115.11821428571429
2001-09-26,35.0,35.74,34.49,35.26,,114.48,114.52285714285715
2001-09-27,35.45,36.11,33.99,34.0,,115.26,115.325
2001-09-28,33.08,33.08,31.74,31.93,,114.96,115.02
2001-10-01,33.42,34.08,32.29,32.32,,115.49,115.57821428571428
2001-10-02,32.41,32.64,31.16,31.18,,117.19,117.32285714285715
2001-10-03,32.4,32.47,31.15,31.34,,118.47,118.63392857142857
2001-10-04,31.37,32.16,30.31,31.97,,118.06,118.22
2001-10-05,32.68,34.39,32.64,33.39,,119.36,119.57214285714286
2001-10-08,35.66,36.18,34.84,35.12,,117.94,118.10071428571429
2001-10-09,35.25,35.53,34.48,34.83,,118.48,118.72464285714285
2001-10-10,34.17,34.17,31.34,31.6,,119.28,119.35857142857142
2001-10-11,30.93,32.16,30.83,31.5,,120.0,120.125
2001-10-12,32.48,36.56,32.27,35.27,,118.83,119.105
2001-10-15,36.75,36.95,35.24,35.31,,118.57,
2001-10-16,34.81,35.32,32.85,32.88,,119.86,
2001-10-17,32.44,35.09,32.44,35.08,,118.23,
2001-10-18,35.42,35.61,34.85,34.95,,118.42,118.54
2001-10-19,34.76,35.46,33.89,34.11,,119.22,119.36914285714286
2001-10-22,34.47,34.66,32.17,32.25,,120.22,120.37685714285715
2001-10-23,32.24,32.46,31.3,32.0,,119.8,119.95285714285714
2001-10-24,31.74,31.84,30.8,30.95,,119.98,120.12171428571429
2001-10-25,32.4,32.92,29.45,29.46,,119.01,119.108
2001-10-26,30.02,30.02,28.11,28.42,,119.86,119.97514285714286
2001-10-29,30.43,31.67,30.31,31.64,,118.36,118.45342857142857
2001-10-30,33.24,34.77,33.0,33.46,,117.09,117.17685714285714
2001-10-31,33.12,33.59,32.27,33.56,,117.07,117.14542857142857
2001-11-01,33.97,34.57,32.0,32.31,,117.38,117.456
2001-11-02,32.45,32.67,30.46,30.71,,118.56,118.66
2001-11-05,31.14,31.21,30.23,30.5,,118.88,118.95714285714286
2001-11-06,30.64,31.19,28.72,28.8,,116.74,116.60657142857143
2001-11-07,29.41,29.54,28.11,29.13,,117.45,117.34
2001-11-08,28.51,28.88,27.43,28.62,,117.58,117.54
2001-11-09,28.99,29.05,27.34,27.44,,117.61,117.486
2001-11-12,31.94,31.94,29.04,29.35,,118.41,
2001-11-13,27.95,28.02,26.34,26.47,,120.22,
2001-11-14,26.27,27.04,26.26,26.56,,119.59,
2001-11-15,26.33,26.46,25.53,25.56,,121.57,
2001-11-16,25.76,25.95,25.03,25.07,,122.23,
2001-11-19,25.43,25.43,24.46,24.46,,122.31,
2001-11-20,24.35,24.48,23.5,24.12,,120.48,
2001-11-21,23.86,24.42,23.84,24.19,,119.88,
2001-11-23,23.93,23.94,23.0,23.25,,120.26,120.3717857142857
2001-11-26,24.22,24.74,23.75,23.79,,119.13,119.24571428571429
2001-11-27,23.6,24.56,22.96,24.0,,118.32,118.34428571428572
2001-11-28,24.57,25.91,24.29,25.9,,118.25,118.29714285714286
2001-11-29,26.16,26.46,25.14,25.18,,121.13,121.2575
2001-11-30,25.05,25.3,23.6,23.84,,120.3,120.3457142857143
2001-12-03,25.92,26.38,25.52,25.77,,119.68,119.70571428571428
2001-12-04,25.41,25.75,24.08,24.08,,121.64,121.74714285714286
2001-12-05,23.15,23.15,22.58,23.02,,116.53,116.23214285714286
2001-12-06,23.5,24.14,23.35,23.71,,117.88,117.625
2001-12-07,23.76,23.85,23.18,23.49,,118.13,117.86321428571428
2001-12-10,24.97,25.87,24.58,25.62,,117.86,117.58642857142857
2001-12-11,25.25,25.58,24.22,25.3,,118.04,117.83285714285715
2001-12-12,25.0,25.91,24.66,24.87,,119.2,118.95428571428572
2001-12-13,25.48,25.93,25.03,25.91,,119.06,118.755
2001-12-14,25.28,25.53,24.23,24.63,,120.4,120.08642857142857
2001-12-17,25.02,25.06,23.96,24.26,,122.06,
2001-12-18,23.43,23.71,23.19,23.29,,122.32,
2001-12-19,23.34,23.34,22.26,22.58,,122.57,
2001-12-20,22.56,23.69,22.48,23.67,,124.64,124.81
2001-12-21,23.13,23.28,22.38,22.5,,123.86,123.99107142857143
2001-12-24,23.06,23.11,22.62,22.62,,124.62,124.82714285714286
2001-12-26,22.36,22.42,22.01,22.29,,119.0,118.89642857142857
2001-12-27,22.01,22.01,21.59,21.59,,122.94,123.035
2001-12-28,21.4,21.59,21.12,21.4,,123.67,123.80714285714286
2001-12-31,22.5,23.8,22.46,23.8,,121.13,121.18928571428572
2002-01-02,23.78,24.2,22.71,22.71,,119.54,119.43857142857142
2002-01-03,22.22,22.43,21.33,21.34,,118.89,118.61
2002-01-04,20.97,21.53,20.4,20.45,,122.27,122.12821428571428
2002-01-07,21.41,22.15,21.35,21.94,,121.66,121.37642857142858
2002-01-08,21.63,22.29,21.28,21.83,,121.56,121.32321428571429
2002-01-09,21.3,22.42,20.66,22.13,,119.86,119.69
2002-01-10,22.28,22.78,21.78,22.36,,119.44,119.1425
2002-01-11,22.29,22.84,21.92,22.6,,121.92,121.55428571428571
2002-01-14,23.94,24.04,23.24,23.58,,118.87,
2002-01-15,23.39,23.74,22.58,22.7,,121.97,
2002-01-16,23.42,23.6,22.87,23.45,,119.46,
2002-01-17,23.34,23.55,22.13,22.25,,119.86,119.95
2002-01-18,22.97,23.07,22.22,22.52,,120.85,120.95071428571428
2002-01-22,22.93,23.83,22.76,23.61,,120.72,120.85964285714286
2002-01-23,23.35,23.54,21.68,21.88,,119.62,119.645
2002-01-24,21.19,21.34,20.74,21.15,,119.84,119.8325
2002-01-25,21.36,21.57,20.74,21.01,,121.74,121.84857142857143
2002-01-28,21.24,21.88,21.11,21.14,,123.28,123.485
2002-01-29,20.92,24.99,20.69,24.35,,118.28,118.24571428571429
2002-01-30,24.58,26.88,23.22,23.22,,120.53,120.5425
2002-01-31,22.45,22.7,21.09,21.09,,120.26,120.195
2002-02-01,21.12,21.43,20.95,21.12,,119.87,119.81357142857142
2002-02-04,22.77,25.15,22.69,24.87,,118.4,118.2642857142857
2002-02-05,25.26,26.19,24.51,25.45,,118.14,118.08464285714285
2002-02-06,25.53,27.32,25.34,26.09,,117.46,117.35285714285715
2002-02-07,25.99,26.54,24.24,25.11,,116.89,116.72500000000001
2002-02-08,24.56,24.67,23.07,23.26,,118.02,117.79428571428572
2002-02-11,24.04,24.04,21.78,21.78,,120.06,
2002-02-12,22.3,22.44,21.44,21.62,,119.92,
2002-02-13,20.92,21.17,20.55,20.85,,121.35,
2002-02-14,21.92,21.92,21.32,21.77,,121.26,121.46
2002-02-15,21.98,22.79,21.54,22.37,,122.63,122.87228571428571
2002-02-19,23.92,24.59,23.83,24.43,,120.85,121.07571428571428
2002-02-20,23.78,24.94,22.62,22.66,,121.0,121.23171428571429
2002-02-21,22.59,23.96,21.9,23.8,,117.7,117.824
2002-02-22,24.04,24.44,22.75,22.86,,118.88,119.03571428571429
2002-02-25,23.09,23.11,21.42,21.84,,116.85,116.88742857142857
2002-02-26,21.36,22.25,21.35,21.68,,118.27,118.36942857142857
2002-02-27,21.18,22.42,20.82,21.49,,118.21,118.28971428571428
2002-02-28,21.12,21.59,20.71,21.59,,119.66,119.83999999999999
2002-03-01,21.06,21.06,19.88,19.96,,119.58,119.73428571428572
2002-03-04,20.69,20.95,20.35,20.5,,116.98,117.01028571428571
2002-03-05,20.76,21.12,20.24,20.3,,116.82,116.74485714285714
2002-03-06,20.27,20.49,19.55,19.94,,115.4,115.29285714285714
2002-03-07,20.72,20.81,19.97,20.04,,115.97,115.93799999999999
2002-03-08,19.76,20.22,19.27,19.27,,115.63,115.50257142857143
2002-03-11,20.66,20.77,19.56,19.84,,116.18,
2002-03-12,20.52,20.57,19.51,19.59,,117.23,
2002-03-13,19.83,19.89,19.4,19.46,,116.51,
2002-03-14,19.45,19.56,18.98,19.2,,115.26,
2002-03-15,18.77,18.84,18.38,18.42,,117.62,
2002-03-18,18.79,19.4,18.74,18.93,,117.21,
2002-03-19,18.5,18.66,18.09,18.16,,115.47,
2002-03-20,18.7,18.75,18.33,18.46,,116.68,
2002-03-21,18.61,18.84,18.14,18.15,,117.42,117.56
2002-03-22,18.34,18.38,17.62,17.77,,116.65,116.72285714285715
2002-03-25,18.18,18.72,18.04,18.48,,116.89,117.01714285714286
2002-03-26,18.44,18.44,17.81,18.13,,118.6,118.80571428571429
2002-03-27,18.1,18.16,17.55,17.7,,117.13,117.24499999999999
2002-03-28,17.23,17.51,17.02,17.4,,112.97,112.8775
2002-04-01,18.99,19.5,18.61,18.73,,115.84,115.93821428571428
2002-04-02,19.12,19.41,19.12,19.16,,113.95,113.86428571428571
2002-04-03,19.41,20.47,19.4,20.2,,114.81,114.87357142857142
2002-04-04,19.9,20.09,19.46,19.78,,113.74,113.595
2002-04-05,19.33,19.4,18.78,19.13,,114.52,114.42678571428571
2002-04-08,20.35,20.46,19.57,19.61,,114.14,113.97571428571429
2002-04-09,19.31,19.73,19.3,19.47,,115.62,115.45071428571428
2002-04-10,19.22,19.28,18.17,18.19,,118.38,118.23
2002-04-11,18.72,20.35,18.56,20.3,,114.55,114.39750000000001
2002-04-12,19.96,20.19,19.31,19.42,,115.57,115.52214285714287
2002-04-15,20.13,20.2,19.47,19.82,,115.31,
2002-04-16,18.58,19.03,18.06,18.11,,116.62,
2002-04-17,18.34,19.03,17.9,18.43,,116.01,
2002-04-18,17.82,19.8,17.82,19.29,,115.43,115.47
2002-04-19,18.41,18.96,17.73,18.3,,115.81,115.86857142857143
2002-04-22,19.41,20.09,19.34,19.77,,116.31,116.43371428571427
2002-04-23,19.23,20.33,19.2,20.28,,114.78,114.76428571428572
2002-04-24,20.01,20.86,19.71,20.77,,114.61,114.70371428571428
2002-04-25,21.56,21.7,20.86,20.95,,115.31,115.366
2002-04-26,20.72,22.14,20.67,22.14,,114.13,114.12371428571429
2002-04-29,23.23,24.5,22.91,24.05,,113.93,113.94771428571428
2002-04-30,24.03,24.03,21.64,21.91,,114.75,114.77485714285714
2002-05-01,21.44,22.03,19.91,20.06,,113.25,113.17542857142857
2002-05-02,20.11,20.51,19.91,20.07,,114.69,114.69800000000001
2002-05-03,20.25,20.96,20.05,20.19,,113.98,113.92857142857143
2002-05-06,20.99,22.57,20.83,22.56,,111.29,111.28971428571428
2002-05-07,22.38,22.59,21.64,21.94,,111.95,111.88542857142858
2002-05-08,21.3,21.31,20.21,20.39,,112.0,112.03285714285714
2002-05-09,20.84,21.62,20.83,21.56,,113.27,113.27
2002-05-10,21.83,22.71,21.77,22.41,,113.39,113.48628571428571
2002-05-13,22.25,22.25,20.67,20.72,,113.27,
2002-05-14,19.87,20.08,19.2,19.35,,113.67,
2002-05-15,19.5,19.65,18.5,19.19,,113.93,
2002-05-16,19.31,19.31,18.48,18.5,,114.37,
2002-05-17,18.01,18.57,17.7,17.7,,115.3,
2002-05-20,18.76,19.42,18.76,19.24,,115.72,
2002-05-21,19.04,20.11,18.99,20.05,,114.76,
2002-05-22,20.25,20.71,19.54,19.58,,116.36,
2002-05-23,19.05,19.16,18.19,18.23,,116.0,116.13
2002-05-24,18.22,19.03,18.22,18.9,,114.49,114.58428571428571
2002-05-28,20.21,20.77,20.07,20.31,,114.69,114.79178571428571
2002-05-29,20.41,20.79,19.73,20.39,,113.93,114.06571428571428
2002-05-30,20.88,21.58,20.42,20.61,,115.07,115.2275
2002-05-31,20.26,20.26,19.43,19.98,,116.04,116.27142857142857
2002-06-03,20.98,23.37,20.62,23.37,,113.65,113.78785714285715
2002-06-04,23.6,24.82,23.31,23.89,,114.32,114.52857142857142
2002-06-05,23.52,23.77,22.46,22.61,,114.8,115.00678571428571
2002-06-06,22.97,24.64,22.94,24.16,,114.14,114.39
2002-06-07,25.96,26.15,22.98,23.51,,114.25,114.45321428571428
2002-06-10,24.18,24.28,23.05,23.72,,113.28,113.3757142857143
2002-06-11,23.11,24.5,22.81,24.45,,111.96,112.01249999999999
2002-06-12,24.18,25.5,23.85,24.15,,113.58,113.83857142857143
2002-06-13,24.65,25.56,23.97,25.02,,112.17,112.315
2002-06-14,28.43,28.78,25.8,25.96,,113.0,113.44642857142857
2002-06-17,25.92,25.92,24.6,24.64,,112.65,
2002-06-18,24.75,24.81,24.06,24.24,,113.27,
2002-06-19,25.05,26.08,24.65,26.06,,111.46,
2002-06-20,26.1,27.56,26.0,27.48,,111.22,111.29
2002-06-21,28.38,28.5,26.84,27.23,,112.35,112.52964285714286
2002-06-24,27.93,29.02,26.46,26.98,,112.35,112.5
2002-06-25,26.41,27.92,25.49,27.84,,111.11,111.30678571428571
2002-06-26,29.99,30.98,28.41,28.42,,111.05,111.24428571428571
2002-06-27,27.67,29.24,26.29,26.29,,112.36,112.5775
2002-06-28,25.74,25.88,24.88,25.4,,112.45,112.61714285714287
2002-07-01,25.71,27.16,25.63,27.11,,112.1,112.34857142857143
2002-07-02,27.56,29.78,27.56,28.96,,110.77,111.04
2002-07-03,28.88,31.03,28.76,29.42,,109.99,110.24464285714286
2002-07-05,27.3,27.3,25.68,27.11,,116.34,116.38964285714286
2002-07-08,28.54,28.78,27.88,28.25,,112.52,112.62071428571429
2002-07-09,27.96,30.34,27.79,30.22,,110.75,110.8275
2002-07-10,31.4,34.17,30.77,34.1,,108.79,108.84857142857143
2002-07-11,34.42,36.35,33.85,33.85,,110.0,110.035
2002-07-12,34.3,34.3,32.41,32.94,,111.07,110.92785714285715
2002-07-15,35.07,38.38,34.86,35.03,,112.4,
2002-07-16,35.97,36.82,35.2,36.65,,110.7,
2002-07-17,34.25,36.73,33.62,35.45,,111.09,
2002-07-18,35.2,35.42,33.45,35.12,,111.76,111.85
2002-07-19,36.42,38.17,35.98,38.17,,109.58,109.64571428571429
2002-07-22,39.13,42.58,38.57,41.87,,108.06,108.14657142857143
2002-07-23,42.27,46.13,42.05,44.92,,107.9,108.06714285714285
2002-07-24,48.17,48.46,39.83,39.86,,110.13,110.16371428571428
2002-07-25,40.65,42.05,38.89,39.27,,110.4,110.45
2002-07-26,38.61,38.8,35.51,35.51,,112.0,112.07457142857143
2002-07-29,33.89,33.89,31.19,31.33,,113.54,113.59742857142857
2002-07-30,32.04,32.77,30.6,31.92,,113.22,113.262
2002-07-31,32.78,33.68,32.03,32.03,,112.16,112.166
2002-08-01,32.77,36.95,32.77,36.95,,110.92,110.94
2002-08-02,37.53,43.93,36.86,41.29,,110.63,110.64142857142858
2002-08-05,41.95,45.21,41.77,45.08,,109.44,109.44685714285714
2002-08-06,43.06,43.06,40.28,42.03,,110.55,110.53285714285714
2002-08-07,40.72,41.37,38.65,38.73,,112.36,112.35857142857142
2002-08-08,38.53,39.06,36.19,36.33,,113.13,113.072
2002-08-09,37.41,37.48,34.69,35.33,,113.27,113.216
2002-08-12,37.23,37.52,36.83,37.05,,113.7,
2002-08-13,37.24,37.31,34.2,35.82,,113.56,
2002-08-14,35.56,35.99,32.35,32.36,,114.63,
2002-08-15,31.9,32.1,29.43,29.43,,116.42,
2002-08-16,29.88,29.95,28.01,28.81,,116.74,
2002-08-19,29.6,29.73,28.29,28.61,,117.07,
2002-08-20,29.52,30.22,29.18,29.59,,115.84,
2002-08-21,29.18,30.06,28.07,28.23,,118.4,
2002-08-22,28.64,28.64,27.61,27.75,,117.1,117.16
2002-08-23,28.08,29.54,28.08,29.32,,116.75,116.81785714285715
2002-08-26,30.73,31.93,29.63,29.89,,116.92,117.00285714285714
2002-08-27,29.89,30.8,29.53,30.11,,116.84,116.93214285714285
2002-08-28,31.24,33.6,31.19,33.32,,115.27,115.29642857142856
2002-08-29,35.42,35.42,33.21,33.67,,115.74,115.7925
2002-08-30,33.64,33.64,31.93,32.64,,116.66,116.75571428571428
2002-09-03,37.12,39.97,37.12,39.97,,113.27,113.2957142857143
2002-09-04,39.21,39.71,37.05,37.44,,114.66,114.67357142857142
2002-09-05,39.58,40.41,38.21,38.86,,114.56,114.625
2002-09-06,36.88,37.35,35.99,36.33,,115.26,115.29428571428572
2002-09-09,39.1,39.63,36.04,36.45,,115.49,115.51428571428572
2002-09-10,35.98,35.98,35.08,35.08,,116.37,116.46321428571429
2002-09-11,35.98,34.81,33.72,34.81,,115.86,115.78428571428572
2002-09-12,36.24,37.74,36.1,37.5,,114.84,114.79249999999999
2002-09-13,38.22,38.52,35.82,35.82,,115.2,115.13642857142858
2002-09-16,37.34,38.55,36.64,36.74,,115.92,
2002-09-17,35.87,38.06,35.79,38.01,,114.45,
2002-09-18,38.68,39.71,36.96,37.52,,113.77,
2002-09-19,39.92,40.7,38.92,40.65,,112.15,112.21
2002-09-20,39.93,40.23,38.72,38.98,,112.89,112.98214285714286
2002-09-23,40.78,41.18,39.26,39.68,,111.56,111.62714285714286
2002-09-24,40.95,41.34,39.57,40.52,,110.47,110.52964285714286
2002-09-25,39.65,39.92,36.79,37.33,,111.01,111.02428571428571
2002-09-26,36.09,36.15,34.6,34.6,,111.46,111.4925
2002-09-27,35.07,36.97,33.96,36.97,,109.55,109.54285714285714
2002-09-30,41.07,41.86,38.89,39.69,,109.09,109.09107142857144
2002-10-01,37.25,37.61,33.77,34.12,,110.56,110.56285714285714
2002-10-02,35.16,36.97,34.42,36.83,,109.64,109.66035714285715
2002-10-03,37.33,37.75,36.11,37.31,,108.85,108.83500000000001
2002-10-04,39.18,40.29,38.67,39.46,,108.12,108.10964285714286
2002-10-07,41.65,42.95,41.04,42.64,,107.17,107.14928571428571
2002-10-08,42.09,43.44,39.96,41.02,,107.39,107.33642857142857
2002-10-09,42.25,42.58,41.21,42.13,,106.51,106.46
2002-10-10,39.13,39.39,37.54,37.55,,108.01,107.9925
2002-10-11,36.36,36.53,35.2,35.7,,109.64,109.60857142857142
2002-10-14,36.92,37.18,36.02,36.04,,109.91,
2002-10-15,34.36,34.71,33.79,34.02,,111.9,
2002-10-16,34.91,36.27,34.91,36.0,,110.66,
2002-10-17,34.77,35.13,33.93,34.1,,111.82,111.76
2002-10-18,34.6,34.73,33.34,33.53,,112.57,112.55428571428573
2002-10-21,35.34,35.55,33.0,33.11,,113.54,113.51714285714286
2002-10-22,34.39,34.76,33.61,34.09,,113.59,113.57285714285715
2002-10-23,34.06,35.61,33.2,33.2,,114.06,114.09228571428571
2002-10-24,32.99,34.43,32.53,34.03,,112.95,112.91799999999999
2002-10-25,33.37,33.37,29.88,30.0,,114.34,114.32514285714286
2002-10-28,30.78,31.67,30.31,31.07,,113.34,113.27028571428572
2002-10-29,31.53,33.53,31.53,32.27,,112.49,112.42914285714285
2002-10-30,32.5,32.5,30.79,31.23,,113.4,113.342
2002-10-31,31.57,31.57,29.69,31.14,,114.38,114.38
2002-11-01,31.57,31.7,28.62,29.3,,114.86,114.83714285714287
2002-11-04,29.81,30.9,28.83,30.82,,113.57,113.55571428571429
2002-11-05,31.01,31.72,30.43,31.23,,114.43,114.46371428571429
2002-11-06,31.89,32.6,30.71,30.73,,112.17,112.09285714285714
2002-11-07,31.42,31.85,30.76,31.42,,113.11,113.074
2002-11-08,30.39,31.03,29.1,29.41,,114.46,114.44828571428572
2002-11-11,30.63,31.64,30.41,31.3,,111.84,
2002-11-12,31.09,31.2,29.75,30.58,,113.04,
2002-11-13,31.21,31.9,30.5,31.24,,113.11,
2002-11-14,29.69,29.76,28.65,28.67,,112.96,
2002-11-15,27.92,28.23,26.44,26.65,,112.34,
2002-11-18,27.09,27.66,26.73,27.66,,113.6,
2002-11-19,28.12,28.15,26.63,27.41,,111.66,
2002-11-20,26.93,26.93,25.06,25.32,,114.64,
2002-11-21,24.6,24.75,23.41,23.81,,116.34,116.53
2002-11-22,23.99,24.22,23.05,23.16,,114.24,114.26785714285715
2002-11-25,23.92,25.42,23.62,24.07,,113.48,113.47
2002-11-26,24.56,26.15,24.56,25.97,,113.07,113.02142857142857
2002-11-27,25.15,27.42,23.97,27.25,,112.74,112.66285714285715
2002-11-29,27.1,27.7,26.84,27.5,,112.45,112.42428571428572
2002-12-02,28.35,28.61,27.28,27.46,,112.44,112.3
2002-12-03,27.79,28.41,27.47,28.33,,111.89,111.81142857142858
2002-12-04,29.1,29.51,28.27,28.92,,111.89,111.775
2002-12-05,29.5,30.2,29.26,30.1,,112.28,112.185
2002-12-06,30.64,30.64,28.77,28.88,,112.8,112.76714285714286
2002-12-09,30.07,31.2,29.99,30.78,,111.03,110.92714285714285
2002-12-10,30.44,30.49,28.65,28.76,,111.33,111.1275
2002-12-11,28.92,29.0,27.55,27.76,,111.48,111.30714285714286
2002-12-12,27.95,28.16,27.23,27.29,,110.4,110.2875
2002-12-13,28.01,28.67,27.56,28.18,,111.8,111.67500000000001
2002-12-16,28.25,28.29,26.22,26.24,,114.76,
2002-12-17,26.25,26.82,25.9,26.66,,112.25,
2002-12-18,27.29,28.55,27.29,28.29,,113.81,
2002-12-19,28.26,30.84,27.88,30.21,,115.69,115.84
2002-12-20,28.59,28.75,26.59,26.71,,112.71,112.7102857142857
2002-12-23,27.61,27.69,25.87,26.2,,111.79,111.74142857142857
2002-12-24,26.39,26.82,26.38,26.49,,114.46,114.53142857142856
2002-12-26,26.32,27.57,26.16,27.37,,114.31,114.384
2002-12-27,27.72,29.97,27.52,29.55,,112.86,112.89857142857143
2002-12-30,30.69,30.83,29.47,29.62,,114.85,115.00342857142857
2002-12-31,29.08,29.62,28.6,28.62,,114.34,114.44342857142857
2003-01-02,28.74,28.74,25.32,25.39,,116.22,116.34400000000001
2003-01-03,25.55,25.55,24.68,24.68,,114.64,114.68857142857144
2003-01-06,25.32,25.42,24.29,24.91,,113.04,113.02114285714286
2003-01-07,25.13,25.69,24.91,25.13,,112.79,112.72800000000001
2003-01-08,25.62,25.76,25.07,25.53,,112.16,112.07142857142857
2003-01-09,24.9,24.9,24.02,24.25,,112.6,112.476
2003-01-10,24.62,24.69,24.15,24.32,,112.8,112.81657142857144
2003-01-13,24.95,25.48,24.68,24.9,,110.61,
2003-01-14,25.01,25.09,24.38,24.57,,114.01,
2003-01-15,24.85,26.01,24.85,25.51,,111.57,
2003-01-16,24.92,25.8,24.69,25.01,,114.0,
2003-01-17,25.39,26.0,25.2,25.7,,112.68,
2003-01-21,26.75,27.7,26.73,27.59,,112.81,
2003-01-22,28.16,29.08,27.77,29.01,,111.32,
2003-01-23,28.72,29.19,27.35,27.53,,110.55,110.42
2003-01-24,28.47,32.41,28.45,31.51,,112.07,112.03785714285715
2003-01-27,33.31,35.33,32.97,34.69,,111.31,111.24857142857142
2003-01-28,34.42,34.47,31.82,31.93,,110.24,110.10071428571429
2003-01-29,32.45,33.24,31.05,31.26,,109.72,109.53714285714287
2003-01-30,31.38,31.5,30.66,31.32,,109.45,109.28
2003-01-31,31.15,31.66,30.61,31.17,,109.2,108.95428571428572
2003-02-03,32.45,32.45,30.87,31.02,,110.66,110.48
2003-02-04,32.74,33.37,32.7,32.76,,109.7,109.47857142857143
2003-02-05,32.76,33.22,31.98,33.04,,109.82,109.60964285714286
2003-02-06,34.03,34.24,33.12,33.35,,110.81,110.63499999999999
2003-02-07,33.3,34.31,33.19,34.01,,110.65,110.47428571428571
2003-02-10,35.21,35.66,33.99,33.99,,111.44,111.27928571428572
2003-02-11,33.18,33.97,32.72,33.68,,110.93,110.76464285714286
2003-02-12,33.88,34.33,33.77,34.33,,110.74,110.57142857142857
2003-02-13,34.99,35.2,33.33,33.7,,110.77,110.6125
2003-02-14,33.74,33.94,32.42,32.62,,111.31,111.11642857142857
2003-02-18,32.12,32.12,31.11,31.11,,112.94,
2003-02-19,31.17,31.72,31.13,31.31,,112.91,
2003-02-20,30.97,31.27,30.86,31.16,,109.97,109.98
2003-02-21,30.98,31.65,30.16,30.25,,110.47,110.45107142857144
2003-02-24,31.46,32.31,31.46,31.98,,109.8,109.78857142857143
2003-02-25,32.71,33.06,31.6,31.74,,110.3,110.29892857142858
2003-02-26,32.12,32.21,31.75,31.94,,108.89,108.84
2003-02-27,31.76,31.85,30.47,30.53,,109.72,109.67
2003-02-28,29.84,29.84,29.06,29.63,,109.58,109.53857142857143
2003-03-03,29.78,30.52,29.71,30.43,,109.41,109.37928571428571
2003-03-04,31.05,31.98,30.98,31.83,,108.82,108.78142857142856
2003-03-05,31.25,31.33,30.38,30.38,,108.68,108.63464285714285
2003-03-06,31.04,31.53,30.69,31.37,,108.01,107.965
2003-03-07,32.64,32.81,30.84,31.08,,107.42,107.30499999999999
2003-03-10,33.37,33.85,33.08,33.31,,107.32,107.23857142857143
2003-03-11,33.32,33.75,32.97,33.61,,106.89,106.77571428571429
2003-03-12,33.69,34.4,33.32,33.51,,106.56,106.44000000000001
2003-03-13,32.98,32.98,31.67,31.76,,107.08,106.9675
2003-03-14,30.85,31.25,30.45,30.98,,107.05,106.91285714285715
2003-03-17,31.85,32.62,31.67,31.75,,109.46,
2003-03-18,31.51,31.51,30.24,30.43,,108.41,
2003-03-19,30.82,31.54,30.4,31.54,,109.1,
2003-03-20,31.81,32.0,30.41,30.44,,109.62,109.6
2003-03-21,29.41,29.7,28.44,28.67,,110.18,110.19892857142857
2003-03-24,30.53,31.0,30.33,30.39,,108.96,108.93857142857142
2003-03-25,30.27,30.5,28.75,28.75,,109.65,109.63428571428571
2003-03-26,28.62,28.79,27.89,28.23,,109.28,109.24214285714285
2003-03-27,28.94,29.1,27.62,27.96,,109.17,109.1425
2003-03-28,28.21,28.25,27.58,27.75,,109.08,109.03571428571428
2003-03-31,29.95,30.21,28.57,29.15,,108.78,108.73
2003-04-01,29.58,29.58,28.18,28.36,,108.81,108.75
2003-04-02,27.5,28.12,27.45,28.02,,108.5,108.40642857142858
2003-04-03,28.32,28.44,27.54,28.21,,108.5,108.37
2003-04-04,28.35,30.04,28.35,29.13,,108.16,108.03714285714285
2003-04-07,28.86,28.86,27.68,28.45,,107.82,107.60857142857142
2003-04-08,27.87,27.94,26.86,27.13,,108.85,108.80178571428571
2003-04-09,27.08,27.23,26.13,27.11,,108.63,108.51
2003-04-10,26.92,27.13,25.51,25.6,,107.46,107.36250000000001
2003-04-11,24.42,25.2,24.31,24.44,,109.29,109.26214285714285
2003-04-14,24.83,25.0,23.32,23.41,,111.44,
2003-04-15,23.24,23.42,22.44,22.56,,110.78,
2003-04-16,22.5,22.85,21.95,22.52,,111.12,
2003-04-17,22.11,22.38,21.33,21.5,,110.19,110.1
2003-04-21,21.81,22.35,21.56,21.95,,110.8,110.71685714285714
2003-04-22,21.83,21.86,20.26,20.7,,107.94,107.77571428571429
2003-04-23,20.86,21.07,20.68,20.8,,110.94,110.934
2003-04-24,21.03,21.27,20.31,20.33,,107.98,107.824
2003-04-25,20.51,20.89,20.36,20.8,,109.71,109.66028571428572
2003-04-28,20.89,20.96,20.65,20.84,,109.81,109.73971428571429
2003-04-29,20.66,21.33,20.46,20.76,,109.58,109.45228571428572
2003-04-30,21.04,21.56,20.87,21.21,,109.35,109.28942857142857
2003-05-01,21.35,22.33,21.32,21.59,,109.37,109.27
2003-05-02,21.09,21.42,20.63,20.63,,109.98,109.89571428571428
2003-05-05,21.32,21.71,21.06,21.13,,110.73,110.74285714285715
2003-05-06,21.0,21.35,20.4,20.8,,111.78,111.79085714285715
2003-05-07,21.45,21.58,20.94,21.0,,109.79,109.71428571428571
2003-05-08,21.66,21.66,20.7,21.24,,110.54,110.574
2003-05-09,20.85,20.93,19.66,19.69,,112.21,112.32428571428571
2003-05-12,19.96,20.02,19.39,19.52,,111.44,
2003-05-13,19.51,20.05,19.35,19.91,,111.48,
2003-05-14,20.02,20.29,19.82,20.0,,112.05,
2003-05-15,19.55,19.79,19.22,19.24,,111.77,
2003-05-16,19.26,19.42,18.24,18.4,,111.49,
2003-05-19,19.49,20.69,19.45,20.51,,111.0,
2003-05-20,20.49,21.68,20.3,21.29,,111.54,
2003-05-21,21.69,21.72,21.21,21.21,,111.68,
2003-05-22,20.99,21.0,19.56,19.78,,112.44,112.49
2003-05-23,20.07,20.08,19.14,19.17,,112.98,113.03821428571429
2003-05-27,20.68,20.75,19.66,19.99,,114.22,114.34035714285714
2003-05-28,19.79,20.35,19.79,20.03,,113.01,113.05785714285715
2003-05-29,19.72,20.74,19.66,20.43,,113.25,113.305
2003-05-30,19.83,19.83,19.44,19.47,,111.43,111.30428571428571
2003-06-02,20.35,20.98,20.06,20.85,,113.5,113.5525
2003-06-03,20.85,21.22,20.7,20.84,,113.65,113.66428571428571
2003-06-04,20.95,20.95,20.5,20.62,,114.13,114.15428571428572
2003-06-05,21.21,21.39,20.81,20.83,,114.31,114.405
2003-06-06,20.41,21.44,20.16,21.25,,112.25,112.22892857142857
2003-06-09,22.2,22.81,22.12,22.15,,111.44,111.29357142857143
2003-06-10,21.87,21.87,20.64,20.64,,112.49,112.4925
2003-06-11,20.61,20.72,20.1,20.21,,112.2,112.14
2003-06-12,20.74,21.04,20.39,20.41,,112.44,112.2375
2003-06-13,20.57,20.9,20.5,20.66,,109.79,109.62714285714286
2003-06-16,21.28,21.28,20.22,20.22,,112.89,
2003-06-17,20.3,20.55,19.78,20.01,,111.33,
2003-06-18,20.25,20.33,19.74,19.76,,111.69,
2003-06-19,19.83,19.99,19.51,19.8,,113.12,113.15
2003-06-20,19.54,19.59,18.89,19.14,,112.07,112.00285714285715
2003-06-23,20.16,20.99,20.16,20.58,,112.54,112.57714285714286
2003-06-24,20.29,20.89,20.24,20.75,,110.87,110.81464285714286
2003-06-25,21.14,21.25,20.48,20.81,,110.77,110.64571428571429
2003-06-26,20.19,20.47,19.4,19.4,,110.62,110.4975
2003-06-27,19.4,19.64,18.87,19.16,,111.7,111.5657142857143
2003-06-30,19.31,19.63,19.21,19.52,,110.86,110.71392857142857
2003-07-01,20.49,20.8,19.29,19.46,,113.01,113.04571428571428
2003-07-02,18.91,19.4,18.84,19.03,,111.02,110.83535714285715
2003-07-03,19.33,19.73,18.86,19.39,,110.42,110.195
2003-07-07,19.99,20.32,19.84,20.06,,111.41,111.30499999999999
2003-07-08,19.96,20.05,19.37,19.48,,111.15,111.03750000000001
2003-07-09,19.5,19.63,18.93,18.93,,110.68,110.50285714285714
2003-07-10,19.26,19.5,19.05,19.19,,109.21,108.8525
2003-07-11,18.75,18.89,18.26,18.47,,110.6,110.37
2003-07-14,18.88,19.67,18.7,19.59,,109.51,
2003-07-15,19.7,19.93,19.38,19.55,,108.91,
2003-07-16,19.71,20.15,19.66,19.76,,109.7,
2003-07-17,19.8,20.45,19.8,20.22,,109.78,109.63
2003-07-18,20.14,20.2,19.1,19.11,,109.7,109.54228571428571
2003-07-21,20.06,20.36,19.78,19.78,,110.35,110.218
2003-07-22,19.85,20.07,19.1,19.17,,110.15,109.99
2003-07-23,19.44,19.6,18.6,18.64,,110.23,110.05114285714286
2003-07-24,18.37,18.65,17.88,18.6,,108.89,108.778
2003-07-25,18.6,18.88,17.65,17.75,,109.86,109.76228571428571
2003-07-28,18.69,18.76,18.25,18.36,,110.17,110.01371428571429
2003-07-29,18.6,19.5,18.32,18.67,,109.56,109.45028571428571
2003-07-30,18.88,19.03,18.73,18.85,,108.64,108.50542857142857
2003-07-31,18.82,19.58,18.36,19.49,,108.27,108.146
2003-08-01,20.06,20.77,20.06,20.75,,109.63,109.58857142857143
2003-08-04,22.16,22.86,21.25,21.27,,110.47,110.31828571428571
2003-08-05,21.61,22.68,21.36,22.68,,109.14,108.96085714285714
2003-08-06,23.26,23.89,21.48,21.5,,110.72,110.63714285714285
2003-08-07,21.51,21.72,20.09,20.26,,113.17,113.208
2003-08-08,19.78,20.21,19.48,19.59,,112.95,112.93857142857142
2003-08-11,20.04,20.31,19.51,19.75,,113.67,
2003-08-12,19.11,19.55,17.75,17.94,,113.97,
2003-08-13,18.31,18.99,18.05,18.77,,112.7,
2003-08-14,18.96,18.96,18.2,18.47,,113.74,
2003-08-15,18.65,18.94,18.15,18.27,,114.74,
2003-08-18,18.72,18.85,18.01,18.18,,116.29,
2003-08-19,17.99,18.38,17.79,17.86,,116.03,
2003-08-20,18.07,18.33,17.81,17.82,,115.45,
2003-08-21,17.64,18.18,17.64,17.84,,115.66,115.75
2003-08-22,17.74,18.63,17.73,18.55,,114.71,114.79035714285713
2003-08-25,19.45,19.58,19.21,19.53,,114.57,114.69571428571429
2003-08-26,19.77,20.3,19.45,19.49,,114.47,114.59142857142857
2003-08-27,19.91,19.93,19.09,19.13,,114.65,114.755
2003-08-28,19.09,19.59,18.45,18.48,,114.75,114.85499999999999
2003-08-29,18.53,18.75,18.52,18.63,,114.6,114.68714285714286
2003-09-02,19.31,19.83,18.95,19.02,,115.9,115.96000000000001
2003-09-03,19.31,19.58,19.21,19.44,,114.61,114.67428571428572
2003-09-04,19.58,19.64,18.7,18.71,,115.11,115.235
2003-09-05,18.64,18.69,18.15,18.17,,114.99,115.16499999999999
2003-09-08,18.3,18.59,18.25,18.26,,114.15,114.19714285714286
2003-09-09,18.48,19.14,18.45,18.85,,114.64,114.64607142857143
2003-09-10,19.26,20.15,19.26,20.01,,113.78,113.80142857142857
2003-09-11,19.87,20.02,19.19,19.25,,113.17,112.9225
2003-09-12,20.58,20.66,18.51,18.68,,111.36,111.31071428571428
2003-09-15,19.15,19.35,18.85,19.28,,113.52,
2003-09-16,18.94,18.94,17.95,18.03,,112.79,
2003-09-17,18.03,18.24,17.98,18.15,,113.22,
2003-09-18,18.14,18.15,17.56,17.57,,113.64,113.62
2003-09-19,17.83,17.86,17.52,17.54,,113.35,113.32171428571428
2003-09-22,19.08,23.9,19.03,19.65,,113.85,113.84142857142858
2003-09-23,19.91,19.97,19.31,19.47,,114.43,114.45857142857143
2003-09-24,19.53,21.26,19.44,21.22,,112.94,112.924
2003-09-25,21.11,22.27,21.04,22.26,,111.97,111.864
2003-09-26,22.28,22.73,21.85,22.23,,112.86,112.80714285714286
2003-09-29,22.85,22.85,21.64,21.67,,113.94,113.94257142857143
2003-09-30,22.04,23.26,22.03,22.72,,113.19,113.15028571428572
2003-10-01,22.81,22.82,20.99,21.07,,114.57,114.59542857142857
2003-10-02,21.23,21.45,20.71,20.8,,114.73,114.712
2003-10-03,19.94,20.09,18.95,19.5,,113.31,113.33857142857143
2003-10-06,20.69,20.69,19.45,19.51,,115.76,115.94057142857143
2003-10-07,20.14,20.14,19.4,19.41,,115.57,115.52228571428572
2003-10-08,19.26,19.61,19.08,19.18,,112.73,112.65142857142857
2003-10-09,18.51,19.28,18.26,18.82,,112.7,112.602
2003-10-10,18.92,18.92,18.42,18.45,,112.25,112.00057142857143
2003-10-13,17.62,17.91,17.42,17.55,,114.64,
2003-10-14,17.4,17.79,17.2,17.37,,115.3,
2003-10-15,17.73,17.96,16.98,17.69,,115.79,
2003-10-16,17.58,18.05,16.86,17.19,,115.01,
2003-10-17,16.97,17.85,16.97,17.62,,112.38,
2003-10-20,17.84,18.07,17.04,17.04,,115.37,
2003-10-21,17.16,17.23,16.19,16.55,,,
2003-10-22,17.1,17.98,17.1,17.67,,113.46,
2003-10-23,18.51,18.51,17.48,17.68,,113.2,113.03
2003-10-24,18.25,18.68,17.67,17.71,,117.51,117.49357142857143
2003-10-27,17.97,18.18,17.74,18.05,,115.84,115.77571428571429
2003-10-28,17.79,17.89,16.77,16.82,,,
2003-10-29,16.85,17.02,16.34,16.43,,117.71,117.77000000000001
2003-10-30,18.45,18.45,16.01,16.33,,117.76,117.7825
2003-10-31,16.11,16.19,15.79,16.1,,116.53,116.53142857142856
2003-11-03,16.33,16.7,16.22,16.55,,115.77,115.74571428571429
2003-11-04,16.57,16.78,16.45,16.55,,115.94,115.88142857142857
2003-11-05,16.99,17.32,16.55,16.86,,115.01,114.83357142857143
2003-11-06,17.0,17.37,16.62,16.74,,117.23,117.21000000000001
2003-11-07,16.63,16.93,16.5,16.93,,117.16,117.22142857142858
2003-11-10,17.79,17.88,17.53,17.62,,116.39,116.26357142857142
2003-11-11,18.14,18.53,17.5,17.54,,117.09,116.9175
2003-11-12,17.78,17.85,16.55,16.75,,118.07,117.81
2003-11-13,17.05,17.13,16.43,16.47,,118.95,118.57499999999999
2003-11-14,16.63,17.0,16.17,16.94,,119.26,119.39571428571428
2003-11-17,18.14,19.36,18.04,18.6,,121.55,
2003-11-18,18.09,19.17,17.78,19.11,,116.92,
2003-11-19,19.14,19.51,18.65,18.8,,120.04,
2003-11-20,19.09,19.61,18.46,19.48,,119.72,119.98
2003-11-21,19.08,19.4,18.82,18.98,,121.7,121.95142857142858
2003-11-24,18.91,18.98,17.19,17.44,,123.6,123.98857142857143
2003-11-25,17.4,17.87,16.4,16.71,,123.36,123.67535714285714
2003-11-26,16.11,17.26,16.02,16.23,,126.0,126.41428571428573
2003-11-28,16.51,16.62,16.16,16.32,,121.07,121.39857142857143
2003-12-01,16.74,17.03,16.17,16.77,,123.03,123.22607142857143
2003-12-02,16.89,16.89,16.17,16.27,,121.17,121.65571428571428
2003-12-03,16.08,16.68,15.77,16.63,,118.51,118.74321428571429
2003-12-04,16.48,16.83,16.29,16.3,,114.27,114.08000000000001
2003-12-05,16.76,17.32,16.5,17.09,,120.11,120.24
2003-12-08,17.55,17.59,16.52,16.54,,117.44,117.56
2003-12-09,16.63,17.8,16.56,17.63,,120.14,120.12892857142857
2003-12-10,17.66,18.27,17.58,17.87,,123.13,123.04857142857144
2003-12-11,17.95,17.95,16.51,16.73,,124.85,125.0175
2003-12-12,16.19,16.98,16.09,16.41,,125.86,126.02857142857142
2003-12-15,15.8,17.42,15.79,17.23,,125.66,
2003-12-16,17.27,17.45,15.9,15.93,,128.7,
2003-12-17,16.12,16.27,15.52,15.58,,127.73,
2003-12-18,15.59,16.19,14.66,16.16,,124.04,124.3
2003-12-19,16.66,16.81,15.71,16.42,,123.58,123.86428571428571
2003-12-22,17.06,17.31,16.61,16.94,,122.93,123.07371428571429
2003-12-23,17.32,17.4,16.29,16.49,,123.77,123.92571428571429
2003-12-24,16.65,16.77,16.24,16.66,,121.87,121.96314285714286
2003-12-26,16.76,17.49,16.63,17.45,,124.12,124.18885714285715
2003-12-29,17.81,17.86,17.07,17.09,,124.65,124.70114285714286
2003-12-30,17.32,17.97,17.2,17.68,,123.67,123.91314285714286
2003-12-31,17.49,18.86,17.41,18.31,,120.4,120.47914285714286
2004-01-02,17.96,18.68,17.54,18.22,,123.23,123.18714285714286
2004-01-05,18.45,18.49,17.44,17.49,,121.15,121.27857142857142
2004-01-06,17.66,17.67,16.19,16.73,,125.19,125.10571428571428
2004-01-07,16.72,16.75,15.5,15.5,,114.99,114.69714285714285
2004-01-08,15.42,15.68,15.32,15.61,,119.91,120.138
2004-01-09,16.15,16.88,15.57,16.75,,121.17,121.31228571428571
2004-01-12,17.32,17.46,16.79,16.82,,122.06,
2004-01-13,16.6,18.33,16.53,18.04,,124.69,
2004-01-14,17.29,17.3,16.4,16.75,,123.09,
2004-01-15,17.07,17.31,15.49,15.56,,123.04,
2004-01-16,15.4,15.44,14.9,15.0,,125.75,
2004-01-20,15.77,16.13,15.09,15.21,,120.06,
2004-01-21,36.55,36.55,14.24,14.34,,118.37,
2004-01-22,14.2,14.87,14.01,14.71,,116.72,116.7
2004-01-23,14.73,15.05,14.56,14.84,,115.47,115.39821428571429
2004-01-26,15.78,15.78,14.52,14.55,,115.81,115.70428571428572
2004-01-27,15.28,15.44,14.74,15.35,,113.81,113.80071428571428
2004-01-28,15.37,17.06,15.29,16.78,,113.1,113.03214285714286
2004-01-29,16.88,17.66,16.79,17.14,,112.91,112.69749999999999
2004-01-30,16.55,17.35,16.55,16.63,,112.16,111.92571428571429
2004-02-02,17.45,17.56,16.67,17.11,,114.29,114.08428571428571
2004-02-03,17.29,17.78,17.17,17.34,,115.29,115.13857142857142
2004-02-04,17.84,18.06,17.46,17.87,,113.76,113.57071428571429
2004-02-05,17.91,17.99,17.6,17.71,,115.63,115.515
2004-02-06,17.71,17.71,15.94,16.0,,115.09,114.87142857142857
2004-02-09,16.54,16.82,16.12,16.39,,117.05,116.76214285714286
2004-02-10,16.41,16.76,15.84,15.94,,118.87,118.95785714285714
2004-02-11,15.9,16.16,15.26,15.39,,118.19,118.07714285714286
2004-02-12,15.36,15.72,15.23,15.31,,118.33,118.46000000000001
2004-02-13,15.12,16.03,14.86,15.58,,118.01,118.11500000000001
2004-02-17,15.63,15.96,15.32,15.4,,117.77,
2004-02-18,15.51,15.76,15.3,15.59,,116.18,
2004-02-19,15.33,15.97,15.2,15.8,,115.73,115.66
2004-02-20,15.85,16.55,15.82,16.04,,117.94,117.9625
2004-02-23,16.5,16.78,16.25,16.29,,115.84,115.83285714285714
2004-02-24,16.38,16.76,15.77,15.9,,116.66,116.77535714285715
2004-02-25,15.58,16.05,14.93,14.93,,115.38,115.41142857142857
2004-02-26,15.32,15.33,14.69,14.83,,115.18,115.26249999999999
2004-02-27,13.8,14.77,13.8,14.55,,111.88,111.70142857142858
2004-03-01,14.91,15.05,14.4,14.44,,115.71,115.79535714285714
2004-03-02,14.59,14.89,14.18,14.86,,117.8,117.61
2004-03-03,14.73,15.27,14.47,14.55,,115.56,115.75071428571428
2004-03-04,14.45,14.5,14.19,14.4,,115.24,115.27
2004-03-05,14.81,14.82,13.83,14.48,,117.95,118.25464285714285
2004-03-08,14.83,15.83,14.54,15.79,,114.17,114.24357142857143
2004-03-09,15.57,16.74,15.56,16.6,,115.74,115.71964285714286
2004-03-10,16.12,18.7,16.11,18.67,,114.04,114.16857142857143
2004-03-11,18.81,20.69,17.63,20.67,,111.39,111.52000000000001
2004-03-12,19.94,20.08,18.06,18.3,,118.67,119.47857142857143
2004-03-15,18.98,21.39,18.86,21.13,,113.45,
2004-03-16,20.27,20.94,19.86,20.34,,116.97,
2004-03-17,19.54,19.55,17.98,18.11,,120.41,
2004-03-18,18.38,19.23,18.35,18.53,,122.36,122.57
2004-03-19,17.98,19.25,17.89,19.15,,118.53,118.614
2004-03-22,20.61,22.67,20.61,21.58,,117.56,117.62485714285714
2004-03-23,21.06,21.33,20.01,20.67,,120.85,121.03857142857143
2004-03-24,20.24,20.83,19.45,19.81,,118.37,118.48828571428571
2004-03-25,19.58,19.58,17.61,17.88,,119.79,119.98599999999999
2004-03-26,18.19,18.23,16.67,17.33,,121.16,121.43257142857144
2004-03-29,17.11,17.17,16.29,16.5,,118.42,118.57057142857143
2004-03-30,16.68,16.8,16.13,16.28,,120.28,120.45371428571428
2004-03-31,16.33,16.96,16.23,16.74,,115.87,115.868
2004-04-01,16.76,17.25,16.65,16.65,,119.53,119.58
2004-04-02,15.21,16.55,15.21,15.64,,121.81,121.94285714285714
2004-04-05,16.17,16.64,14.81,14.97,,123.2,123.34628571428571
2004-04-06,15.35,15.53,15.07,15.32,,120.47,120.81457142857143
2004-04-07,15.41,16.36,15.34,15.76,,119.76,120.04142857142857
2004-04-08,14.96,16.82,14.96,16.26,,121.42,121.78
2004-04-12,15.71,16.12,15.0,15.28,,118.1,
2004-04-13,15.29,17.98,15.29,17.26,,124.34,
2004-04-14,17.29,17.71,15.6,15.62,,118.61,
2004-04-15,16.02,16.78,15.22,15.74,,119.94,
2004-04-16,15.59,15.69,14.77,14.94,,121.27,
2004-04-19,15.73,16.08,15.33,15.42,,121.14,
2004-04-20,15.24,16.72,14.79,16.67,,116.03,
2004-04-21,16.61,16.94,15.55,15.6,,116.99,
2004-04-22,15.89,15.98,13.86,14.61,,117.88,117.83
2004-04-23,12.89,14.56,12.89,14.01,,118.31,118.26928571428572
2004-04-26,14.75,15.22,14.39,14.77,,116.89,116.98142857142857
2004-04-27,15.05,15.17,14.37,15.07,,116.68,116.62142857142858
2004-04-28,15.55,16.54,15.55,16.29,,114.77,114.81357142857142
2004-04-29,16.36,17.27,15.87,16.6,,112.31,112.26750000000001
2004-04-30,16.27,17.23,16.14,17.19,,111.76,111.6257142857143
2004-05-03,17.69,17.72,16.61,16.62,,113.2,113.17964285714285
2004-05-04,16.8,17.13,15.97,16.55,,113.57,113.47428571428571
2004-05-05,16.43,16.55,15.64,15.77,,113.76,113.74392857142857
2004-05-06,16.45,17.67,16.45,17.05,,112.67,112.63
2004-05-07,17.22,18.17,16.44,18.13,,111.52,111.45857142857143
2004-05-10,19.44,20.2,18.99,19.77,,115.39,115.16285714285713
2004-05-11,19.23,19.28,17.94,18.57,,114.67,114.68892857142856
2004-05-12,18.79,20.41,18.14,18.14,,115.67,115.83285714285714
2004-05-13,18.78,18.92,17.97,18.86,,114.9,114.79
2004-05-14,18.66,19.27,18.06,18.47,,114.9,114.91785714285714
2004-05-17,19.7,20.45,19.65,19.96,,114.84,
2004-05-18,19.6,19.7,19.14,19.33,,116.98,
2004-05-19,18.48,18.93,17.58,18.93,,117.25,
2004-05-20,18.6,19.25,18.55,18.67,,117.4,117.5
2004-05-21,18.73,18.74,18.0,18.49,,116.07,116.085
2004-05-24,18.79,18.82,17.96,18.08,,116.6,116.51714285714286
2004-05-25,18.41,18.42,15.73,15.96,,116.48,116.42714285714285
2004-05-26,16.09,16.3,15.78,15.97,,118.54,118.33571428571429
2004-05-27,15.74,15.86,15.19,15.28,,119.98,119.805
2004-05-28,15.44,15.65,15.39,15.5,,118.47,118.47428571428571
2004-06-01,16.6,16.96,16.19,16.3,,120.81,120.97999999999999
2004-06-02,16.05,16.7,15.95,16.08,,121.23,121.33857142857143
2004-06-03,16.43,17.04,16.16,17.03,,116.75,116.785
2004-06-04,16.24,16.9,15.82,16.78,,122.92,122.98785714285714
2004-06-07,16.6,16.7,15.33,15.39,,123.64,124.06928571428573
2004-06-08,15.79,15.88,15.0,15.01,,128.86,129.3942857142857
2004-06-09,14.56,15.46,14.56,15.39,,123.99,124.81571428571428
2004-06-10,15.33,15.35,14.92,15.04,,134.23,135.4025
2004-06-11,15.04,15.04,15.04,15.04,,,
2004-06-14,15.54,16.36,15.54,16.07,,124.86,
2004-06-15,15.34,15.35,14.72,15.05,,127.09,
2004-06-16,14.83,15.22,14.48,14.79,,125.64,
2004-06-17,15.06,15.58,15.0,15.15,,123.06,123.24
2004-06-18,14.74,15.25,14.51,14.99,,121.96,122.156
2004-06-21,15.61,15.62,14.96,15.26,,122.29,122.52885714285715
2004-06-22,15.44,15.64,14.31,14.31,,121.54,121.74285714285715
2004-06-23,14.6,14.82,13.75,13.98,,123.44,123.70971428571428
2004-06-24,14.39,14.97,14.16,14.81,,121.12,121.276
2004-06-25,14.78,15.29,14.47,15.19,,119.15,119.28342857142857
2004-06-28,15.28,16.13,15.19,16.07,,118.62,118.78285714285714
2004-06-29,15.22,16.28,15.22,15.47,,117.96,118.02142857142857
2004-06-30,15.27,15.73,14.25,14.34,,118.62,118.70314285714285
2004-07-01,14.74,15.57,14.41,15.2,,117.99,118.016
2004-07-02,15.23,15.45,14.8,15.08,,117.92,117.88571428571429
2004-07-06,16.25,16.75,16.13,16.25,,116.9,116.85657142857143
2004-07-07,16.36,16.47,15.59,15.81,,118.86,118.49
2004-07-08,15.86,16.36,15.5,16.2,,114.23,114.24199999999999
2004-07-09,16.01,16.03,15.71,15.78,,115.32,115.41571428571429
2004-07-12,15.25,15.61,14.61,14.96,,119.97,
2004-07-13,14.86,15.08,14.28,14.46,,121.25,
2004-07-14,14.9,16.59,13.34,13.76,,115.3,
2004-07-15,13.94,14.73,13.6,14.71,,117.12,
2004-07-16,14.27,14.58,13.95,14.34,,120.52,
2004-07-19,15.17,15.83,14.86,15.17,,123.42,
2004-07-20,15.53,15.57,13.98,14.17,,125.86,
2004-07-21,14.0,16.46,13.91,16.41,,116.85,
2004-07-22,16.65,17.1,15.29,15.75,,118.15,118.21
2004-07-23,15.82,16.94,15.82,16.5,,117.91,117.97785714285715
2004-07-26,17.22,17.93,16.98,17.3,,116.78,116.79
2004-07-27,17.24,17.34,16.3,16.55,,117.8,117.81178571428572
2004-07-28,16.77,17.41,15.94,16.15,,118.95,119.02142857142857
2004-07-29,16.0,16.12,15.42,15.68,,119.0,119.045
2004-07-30,15.85,15.89,15.27,15.32,,116.13,116.02428571428571
2004-08-02,16.42,16.58,15.22,15.37,,119.69,119.75678571428571
2004-08-03,15.56,16.05,15.28,16.03,,118.28,118.32000000000001
2004-08-04,16.33,16.65,15.82,16.21,,120.04,120.14678571428571
2004-08-05,16.19,18.41,16.17,18.32,,117.88,117.93
2004-08-06,18.21,19.68,18.18,19.34,,117.55,117.73
2004-08-09,19.97,19.97,18.63,18.89,,117.62,117.57142857142857
2004-08-10,18.8,18.86,17.25,17.47,,119.62,119.85464285714286
2004-08-11,18.15,18.49,17.84,18.04,,121.73,122.02571428571429
2004-08-12,18.61,19.3,18.36,19.08,,117.65,117.38
2004-08-13,18.91,19.25,17.97,17.98,,117.9,117.66142857142857
2004-08-16,19.28,19.28,17.42,17.57,,122.56,
2004-08-17,16.58,17.28,16.16,17.02,,120.09,
2004-08-18,17.55,17.55,16.13,16.23,,119.5,
2004-08-19,16.54,17.55,16.31,16.96,,120.3,120.54
2004-08-20,16.99,17.04,15.78,16.0,,120.67,120.9175
2004-08-23,16.68,16.71,15.79,15.88,,120.01,120.23857142857143
2004-08-24,15.63,15.81,15.33,15.33,,119.79,119.99535714285715
2004-08-25,15.4,15.76,14.81,14.98,,120.97,121.26357142857144
2004-08-26,15.22,15.22,14.76,14.91,,119.05,119.2275
2004-08-27,14.91,15.02,14.67,14.71,,118.7,118.86857142857143
2004-08-30,15.35,15.58,15.3,15.44,,117.71,117.83
2004-08-31,15.64,15.85,15.28,15.29,,118.73,119.01714285714286
2004-09-01,15.39,15.39,14.72,14.91,,119.17,119.52821428571428
2004-09-02,14.97,15.05,14.18,14.28,,122.2,122.56
2004-09-03,14.36,14.38,13.79,13.91,,122.27,122.71178571428571
2004-09-07,14.52,14.64,14.03,14.07,,122.16,122.33500000000001
2004-09-08,13.41,14.31,13.41,14.06,,122.49,122.84285714285714
2004-09-09,14.12,14.41,13.7,14.01,,125.92,125.9625
2004-09-10,13.9,14.23,13.69,13.76,,128.33,128.43
2004-09-13,13.64,13.78,13.16,13.17,,120.47,
2004-09-14,13.5,13.89,13.5,13.56,,127.52,
2004-09-15,13.88,14.67,13.68,14.64,,125.5,
2004-09-16,14.29,14.66,14.27,14.39,,120.13,120.27
2004-09-17,14.11,14.43,13.93,14.03,,117.16,117.28342857142857
2004-09-20,13.98,15.29,13.98,14.43,,125.15,125.54571428571428
2004-09-21,15.98,15.98,13.38,13.66,,123.7,124.03
2004-09-22,15.28,15.3,13.95,14.74,,123.18,123.56714285714285
2004-09-23,14.85,15.08,14.61,14.8,,118.27,118.438
2004-09-24,14.93,14.94,14.08,14.28,,124.86,125.31828571428572
2004-09-27,14.86,31.36,14.55,14.62,,122.5,122.91971428571428
2004-09-28,14.73,14.84,13.69,13.83,,121.25,121.5442857142857
2004-09-29,14.09,14.14,13.2,13.21,,118.4,118.63371428571429
2004-09-30,13.49,13.67,13.2,13.34,,117.56,117.804
2004-10-01,13.11,13.11,12.6,12.75,,120.66,120.90857142857143
2004-10-04,13.05,13.45,12.99,13.41,,117.69,117.85171428571428
2004-10-05,13.51,14.19,13.51,13.95,,118.8,118.99742857142857
2004-10-06,14.01,14.1,13.24,13.28,,117.45,117.57714285714286
2004-10-07,13.33,14.66,13.32,14.5,,116.56,116.72
2004-10-08,14.7,15.52,13.78,15.05,,117.1,117.25542857142857
2004-10-11,14.69,15.27,14.28,14.71,,122.4,
2004-10-12,15.21,15.69,14.91,15.05,,119.6,
2004-10-13,13.92,15.63,13.92,15.42,,116.25,
2004-10-14,15.22,16.56,15.22,16.43,,114.85,
2004-10-15,16.28,16.49,14.72,15.04,,116.72,
2004-10-18,16.16,16.16,14.64,14.71,,116.43,
2004-10-19,16.32,16.32,14.32,15.13,,116.09,
2004-10-20,15.46,15.53,14.8,14.85,,114.75,
2004-10-21,14.98,15.19,14.28,14.54,,115.52,115.36
2004-10-22,14.59,15.41,14.31,15.28,,114.41,114.175
2004-10-25,16.07,16.71,16.02,16.58,,114.19,114.01285714285714
2004-10-26,19.54,16.87,15.97,16.39,,114.31,114.1075
2004-10-27,16.48,16.53,15.66,15.72,,116.27,116.105
2004-10-28,16.02,16.05,15.36,15.39,,116.73,116.52250000000001
2004-10-29,15.83,16.29,14.96,16.27,,116.04,115.9557142857143
2004-11-01,16.43,16.76,16.18,16.27,,116.74,116.56642857142857
2004-11-02,15.99,16.32,15.21,16.18,,114.08,114.03571428571429
2004-11-03,15.05,15.18,13.79,14.04,,118.26,117.9075
2004-11-04,13.83,14.02,12.95,13.97,,117.47,117.33
2004-11-05,13.67,14.1,13.23,13.84,,116.36,116.04607142857144
2004-11-08,2.58,14.48,13.68,13.8,,111.51,111.55357142857143
2004-11-09,12.89,13.96,12.89,13.61,,113.33,112.89428571428572
2004-11-10,13.16,13.51,12.79,13.08,,111.03,111.08714285714287
2004-11-11,13.11,13.12,12.64,13.04,,109.39,109.0675
2004-11-12,13.24,13.48,13.04,13.33,,111.91,112.10499999999999
2004-11-15,14.05,14.06,13.25,13.38,,111.26,
2004-11-16,13.41,13.67,13.2,13.21,,110.01,
2004-11-17,13.2,13.39,12.77,13.21,,109.56,
2004-11-18,13.22,13.29,12.96,12.98,,110.42,110.3
2004-11-19,12.79,13.83,12.77,13.5,,111.59,111.53571428571428
2004-11-22,13.71,13.71,12.94,12.97,,111.41,111.40057142857142
2004-11-23,12.78,12.91,12.57,12.67,,108.42,108.25142857142858
2004-11-24,12.58,12.89,12.56,12.72,,114.51,114.57314285714286
2004-11-26,14.98,14.98,12.59,12.79,,111.53,111.53257142857143
2004-11-29,12.99,13.69,12.93,13.3,,111.27,111.25314285714286
2004-11-30,13.27,13.38,13.07,13.24,,108.85,108.76057142857142
2004-12-01,13.1,13.12,12.77,12.97,,111.46,111.39828571428572
2004-12-02,12.97,13.04,12.72,12.98,,111.76,111.8
2004-12-03,13.02,13.06,12.4,12.96,,114.02,113.92999999999999
2004-12-06,12.95,13.4,12.93,13.19,,113.07,113.20828571428571
2004-12-07,13.07,13.74,12.96,13.67,,110.52,110.3937142857143
2004-12-08,13.52,13.68,13.18,13.19,,109.73,109.74857142857142
2004-12-09,13.52,13.71,12.77,12.88,,111.0,111.232
2004-12-10,13.05,13.15,12.68,12.76,,113.86,114.00971428571428
2004-12-13,12.37,12.61,12.13,12.54,,115.55,
2004-12-14,12.55,12.97,12.21,12.73,,117.0,
2004-12-15,12.41,12.88,12.23,12.35,,117.3,
2004-12-16,12.34,12.59,11.96,12.27,,120.27,
2004-12-17,12.34,12.75,11.87,11.95,,117.95,
2004-12-20,12.26,12.34,11.77,11.83,,116.96,
2004-12-21,11.78,12.0,11.37,11.55,,119.41,
2004-12-22,11.42,11.71,11.37,11.45,,116.1,
2004-12-23,11.41,11.64,11.14,11.23,,117.81,118.11
2004-12-27,11.53,12.16,11.53,12.14,,115.03,115.26285714285714
2004-12-28,12.25,12.4,11.97,12.0,,114.27,114.42607142857143
2004-12-29,11.61,11.79,11.61,11.62,,115.17,115.38071428571429
2004-12-30,12.25,12.61,12.18,12.56,,116.67,116.9675
2004-12-31,12.42,13.29,12.42,13.29,,116.01,116.21428571428572
2005-01-03,13.39,14.23,13.25,14.08,,118.38,118.655
2005-01-04,14.01,14.45,13.93,13.98,,116.03,116.05285714285715
2005-01-05,13.98,14.09,13.26,14.09,,114.72,114.82178571428571
2005-01-06,14.09,14.09,13.33,13.58,,114.15,114.18
2005-01-07,13.47,13.51,12.94,13.49,,114.95,115.03392857142858
2005-01-10,13.92,13.93,12.94,13.23,,116.92,116.90214285714285
2005-01-11,13.44,13.68,13.05,13.19,,115.29,115.15607142857144
2005-01-12,13.94,13.94,12.54,12.56,,110.89,110.88857142857144
2005-01-13,12.7,12.86,12.37,12.84,,112.57,112.92750000000001
2005-01-14,12.68,12.82,12.29,12.43,,117.02,117.535
2005-01-18,13.13,13.15,12.3,12.47,,117.55,
2005-01-19,12.47,13.21,12.41,13.18,,115.4,
2005-01-20,13.37,14.11,13.28,13.83,,115.37,115.22
2005-01-21,13.75,14.46,13.4,14.36,,123.58,123.80464285714287
2005-01-24,14.38,14.75,14.17,14.65,,120.1,120.36
2005-01-25,14.34,14.36,13.88,14.06,,121.29,121.4225
2005-01-26,13.84,13.84,13.06,13.44,,121.28,121.5807142857143
2005-01-27,13.5,13.57,12.96,13.24,,125.01,125.24000000000001
2005-01-28,13.15,13.56,12.83,13.24,,119.22,119.23857142857142
2005-01-31,13.63,13.63,12.79,12.82,,119.87,119.85464285714286
2005-02-01,12.8,20.13,12.02,12.03,,119.92,119.80571428571429
2005-02-02,12.01,12.06,11.52,11.66,,121.2,121.28142857142856
2005-02-03,12.03,12.12,11.72,11.79,,118.52,118.45
2005-02-04,11.97,11.97,10.9,11.21,,123.18,123.16499999999999
2005-02-07,11.53,11.75,11.36,11.73,,119.47,119.41
2005-02-08,11.66,11.67,11.45,11.6,,120.75,120.78999999999999
2005-02-09,11.52,12.02,11.41,12.0,,118.59,118.77
2005-02-10,11.98,11.99,11.38,11.51,,119.71,120.09
2005-02-11,11.64,11.82,11.25,11.43,,123.73,124.06857142857143
2005-02-14,11.28,11.86,11.18,11.52,,118.9,
2005-02-15,11.57,11.76,11.13,11.27,,121.3,
2005-02-16,11.4,11.5,11.03,11.1,,122.1,
2005-02-17,11.25,11.91,11.21,11.77,,123.75,123.87
2005-02-18,11.99,12.12,11.18,11.18,,127.87,128.03714285714284
2005-02-22,12.18,13.2,12.09,13.14,,124.5,124.63535714285715
2005-02-23,12.94,12.94,12.3,12.39,,126.82,127.17214285714284
2005-02-24,12.51,12.51,11.48,11.57,,125.33,125.31
2005-02-25,11.75,11.78,10.92,11.49,,126.89,126.66714285714285
2005-02-28,11.89,12.5,11.73,12.08,,119.82,119.79928571428572
2005-03-01,11.95,12.1,11.66,12.04,,118.15,118.39571428571429
2005-03-02,12.88,12.91,12.2,12.5,,116.6,116.74571428571429
2005-03-03,12.28,13.07,12.23,12.93,,122.87,123.07
2005-03-04,12.49,12.5,11.94,11.94,,121.98,122.90071428571429
2005-03-07,12.36,12.6,12.05,12.26,,123.86,124.46357142857144
2005-03-08,12.06,12.5,11.95,12.4,,127.25,127.59571428571428
2005-03-09,12.23,12.72,12.2,12.7,,115.85,116.16571428571429
2005-03-10,12.62,12.97,12.42,12.49,,118.5,119.375
2005-03-11,12.29,12.98,12.11,12.8,,114.64,114.76642857142856
2005-03-14,12.82,12.99,12.36,12.39,,113.03,
2005-03-15,12.44,13.22,12.33,13.15,,115.41,
2005-03-16,13.3,13.81,13.19,13.49,,112.82,
2005-03-17,13.25,13.67,13.2,13.29,,115.02,115.0
2005-03-18,13.65,13.67,13.08,13.14,,121.75,122.01571428571428
2005-03-21,13.62,13.98,13.33,13.61,,117.72,117.72057142857142
2005-03-22,13.76,14.28,13.15,14.27,,117.15,117.24571428571429
2005-03-23,14.61,14.89,13.88,14.06,,116.35,116.41171428571428
2005-03-24,13.86,13.88,12.97,13.42,,119.08,119.25399999999999
2005-03-28,14.01,14.01,13.44,13.75,,114.21,114.162
2005-03-29,13.96,14.68,13.38,14.49,,117.21,117.33428571428571
2005-03-30,14.47,14.47,13.64,13.64,,117.36,117.39257142857143
2005-03-31,13.71,14.1,13.57,14.02,,118.51,118.732
2005-04-01,13.64,14.38,12.92,14.09,,116.28,116.33714285714285
2005-04-04,14.53,14.76,13.96,14.11,,117.6,117.79885714285714
2005-04-05,14.1,14.11,13.66,13.68,,118.07,118.06114285714285
2005-04-06,13.75,13.76,12.89,13.15,,115.82,115.64
2005-04-07,12.92,12.96,12.3,12.33,,115.81,115.95400000000001
2005-04-08,12.06,12.65,11.52,12.62,,114.01,114.08314285714286
2005-04-11,12.09,12.46,11.82,11.98,,112.55,
2005-04-12,11.66,12.83,11.19,11.3,,111.18,
2005-04-13,11.68,13.44,11.27,13.31,,121.01,
2005-04-14,13.4,14.6,12.67,14.53,,115.82,
2005-04-15,14.92,18.05,14.71,17.74,,120.41,
2005-04-18,18.33,18.59,16.41,16.56,,117.85,
2005-04-19,15.28,15.97,14.81,14.96,,121.86,
2005-04-20,14.86,17.25,14.52,16.92,,119.97,
2005-04-21,16.22,16.22,14.26,14.41,,122.8,122.98
2005-04-22,14.54,16.32,14.2,15.38,,120.59,120.83285714285714
2005-04-25,15.29,15.47,14.6,14.62,,121.68,121.91571428571429
2005-04-26,14.27,15.15,14.27,14.91,,118.98,119.13964285714286
2005-04-27,14.62,15.93,14.43,14.87,,123.91,124.36571428571429
2005-04-28,14.19,16.87,14.19,16.86,,117.28,117.235
2005-04-29,15.75,16.92,15.26,15.31,,116.12,116.02714285714285
2005-05-02,15.45,16.01,15.08,15.12,,119.44,119.58392857142857
2005-05-03,17.89,17.89,14.53,14.53,,118.29,118.48714285714286
2005-05-04,14.44,15.38,13.7,13.85,,120.47,120.64678571428571
2005-05-05,13.48,15.82,13.43,13.98,,122.82,122.775
2005-05-06,13.29,14.06,13.11,14.05,,119.54,119.41857142857143
2005-05-09,14.11,14.56,13.53,13.75,,119.57,119.49071428571429
2005-05-10,14.05,15.11,14.03,14.91,,117.85,117.75285714285714
2005-05-11,14.69,15.8,14.31,14.45,,120.91,121.10571428571428
2005-05-12,14.43,16.23,14.16,16.12,,117.85,117.80499999999999
2005-05-13,15.88,17.7,15.4,16.32,,118.22,118.38071428571429
2005-05-16,16.87,16.87,15.67,15.68,,125.22,
2005-05-17,15.92,16.21,14.45,14.57,,122.02,
2005-05-18,14.11,14.18,13.3,13.63,,125.16,
2005-05-19,13.35,14.02,13.25,13.32,,127.39,127.76
2005-05-20,13.57,13.73,13.07,13.14,,128.09,128.42464285714286
2005-05-23,13.38,13.45,12.75,12.95,,131.23,131.72857142857143
2005-05-24,13.12,13.3,12.53,12.69,,130.79,131.36285714285714
2005-05-25,12.83,13.11,12.58,12.58,,128.6,128.97071428571428
2005-05-26,12.23,12.38,11.65,12.24,,129.17,129.45499999999998
2005-05-27,12.06,12.43,12.06,12.15,,125.92,126.26
2005-05-31,12.69,13.45,12.67,13.29,,120.56,120.55
2005-06-01,13.34,13.34,12.17,12.36,,127.65,128.52428571428572
2005-06-02,12.35,12.43,11.8,11.84,,127.81,128.375
2005-06-03,11.78,12.49,11.52,12.15,,123.59,124.42642857142857
2005-06-06,12.68,26.83,12.21,12.28,,122.68,123.29928571428572
2005-06-07,12.22,12.43,11.47,12.39,,118.38,118.91392857142857
2005-06-08,13.1,13.11,12.05,12.7,,121.36,121.71285714285715
2005-06-09,12.69,13.07,12.06,12.08,,118.89,119.42750000000001
2005-06-10,12.16,12.4,11.9,11.96,,118.48,119.19357142857143
2005-06-13,12.12,12.12,11.31,11.65,,117.06,
2005-06-14,11.65,12.02,11.52,11.79,,120.13,
2005-06-15,11.22,11.96,11.05,11.46,,118.55,
2005-06-16,11.24,11.36,11.04,11.15,,119.11,119.3
2005-06-17,10.83,11.64,10.78,11.48,,119.51,119.72885714285715
2005-06-20,12.51,12.53,11.31,11.47,,121.29,121.48771428571429
2005-06-21,11.52,11.67,11.01,11.08,,123.75,124.05
2005-06-22,10.96,11.31,10.81,11.05,,123.98,124.29142857142857
2005-06-23,11.19,12.13,10.96,12.13,,118.55,118.668
2005-06-24,12.27,12.32,11.95,12.18,,115.92,115.98285714285714
2005-06-27,12.73,12.78,12.38,12.52,,118.02,118.13257142857142
2005-06-28,12.31,12.31,11.55,11.58,,119.31,119.54885714285714
2005-06-29,11.54,11.78,11.44,11.77,,118.46,118.64685714285714
2005-06-30,11.72,12.1,11.5,12.04,,118.19,118.296
2005-07-01,11.75,11.92,11.38,11.4,,123.58,124.11999999999999
2005-07-05,12.41,12.41,11.53,11.68,,123.74,124.41657142857143
2005-07-06,11.67,12.33,11.54,12.27,,121.08,121.66571428571429
2005-07-07,13.91,13.92,12.48,12.49,,121.98,122.178
2005-07-08,12.24,12.29,11.09,11.45,,125.02,125.35771428571428
2005-07-11,10.96,11.41,10.53,11.28,,121.16,
2005-07-12,11.03,11.37,10.85,10.95,,114.08,
2005-07-13,11.09,11.44,10.8,10.84,,117.08,
2005-07-14,10.87,11.13,10.5,10.81,,122.32,
2005-07-15,10.61,10.9,10.13,10.33,,122.48,
2005-07-18,11.09,11.09,10.77,10.77,,120.34,
2005-07-19,10.63,10.79,10.36,10.45,,122.06,
2005-07-20,10.8,10.94,9.88,10.23,,119.56,
2005-07-21,10.23,11.21,10.23,10.97,,118.17,118.28
2005-07-22,11.01,11.05,10.51,10.52,,123.71,124.04714285714286
2005-07-25,11.12,36.56,10.7,11.1,,124.87,125.06857142857143
2005-07-26,11.11,11.25,10.92,10.99,,128.46,128.83357142857142
2005-07-27,11.03,11.03,10.34,10.36,,123.21,123.55071428571428
2005-07-28,10.4,10.58,10.27,10.52,,122.62,122.965
2005-07-29,10.24,11.73,10.24,11.57,,121.3,121.65428571428572
2005-08-01,11.75,12.23,11.36,12.08,,122.04,122.47714285714285
2005-08-02,12.0,12.03,11.69,11.75,,124.73,125.33714285714287
2005-08-03,11.9,12.01,11.62,11.83,,126.6,127.37642857142856
2005-08-04,12.12,12.57,11.99,12.52,,123.18,123.08000000000001
2005-08-05,11.82,12.92,11.82,12.48,,124.87,125.81107142857142
2005-08-08,12.56,13.29,12.56,13.21,,125.0,125.21785714285714
2005-08-09,12.25,12.78,12.24,12.4,,129.16,130.04642857142858
2005-08-10,12.03,12.56,11.51,12.38,,124.07,124.72142857142858
2005-08-11,12.34,12.94,11.88,12.42,,126.87,126.6725
2005-08-12,12.36,12.98,12.18,12.74,,130.28,132.51785714285714
2005-08-15,12.87,12.99,12.08,12.26,,121.1,
2005-08-16,12.37,13.89,12.28,13.52,,124.23,
2005-08-17,13.35,13.76,12.78,13.3,,126.12,
2005-08-18,13.47,13.88,13.01,13.42,,126.88,127.27
2005-08-19,12.84,13.85,12.61,13.42,,131.42,131.88571428571427
2005-08-22,13.67,13.89,13.2,13.42,,128.65,128.9322857142857
2005-08-23,13.63,14.05,13.3,13.34,,128.47,128.75857142857143
2005-08-24,13.56,14.18,13.0,14.17,,129.26,129.58114285714285
2005-08-25,13.92,14.12,13.66,13.73,,133.49,134.042
2005-08-26,13.79,14.2,13.65,13.72,,135.54,136.23114285714286
2005-08-29,14.34,14.41,13.38,13.52,,136.64,137.44285714285715
2005-08-30,13.49,14.18,13.47,13.65,,127.27,127.56657142857144
2005-08-31,13.37,13.63,12.56,12.6,,122.61,122.59942857142858
2005-09-01,12.86,13.37,12.31,13.15,,123.96,124.084
2005-09-02,13.21,13.72,13.03,13.57,,124.85,125.05285714285715
2005-09-06,14.17,14.18,12.9,12.93,,124.65,124.98485714285715
2005-09-07,13.06,13.2,12.44,12.52,,122.84,123.11142857142858
2005-09-08,12.72,12.94,12.37,12.93,,121.89,121.96199999999999
2005-09-09,12.46,12.65,11.96,11.98,,124.37,124.58714285714285
2005-09-12,11.66,11.89,11.45,11.65,,122.2,
2005-09-13,11.76,12.48,11.75,12.39,,120.11,
2005-09-14,12.79,13.26,12.67,12.91,,126.3,
2005-09-15,12.72,13.17,12.28,12.49,,125.0,
2005-09-16,11.89,11.93,11.07,11.22,,122.94,
2005-09-19,12.17,12.46,12.04,12.14,,123.85,
2005-09-20,12.23,12.96,11.83,12.64,,121.28,
2005-09-21,13.07,13.91,12.96,13.79,,120.4,
2005-09-22,13.85,14.39,13.31,13.33,,121.85,121.98
2005-09-23,13.64,13.88,12.75,12.96,,122.16,122.3107142857143
2005-09-26,13.27,13.47,12.64,13.04,,123.44,123.55714285714286
2005-09-27,13.06,13.46,12.51,12.76,,121.38,121.54285714285714
2005-09-28,12.6,12.98,12.37,12.63,,121.45,121.53999999999999
2005-09-29,12.92,13.23,12.15,12.24,,123.99,124.215
2005-09-30,12.42,12.44,11.92,11.92,,115.23,115.11285714285714
2005-10-03,12.37,12.62,11.98,12.46,,124.35,124.46071428571429
2005-10-04,12.5,13.21,12.11,13.2,,116.57,116.7057142857143
2005-10-05,13.15,14.58,12.97,14.55,,114.11,114.1582142857143
2005-10-06,14.53,15.63,14.04,14.96,,115.19,115.345
2005-10-07,14.56,14.82,14.3,14.59,,117.01,117.3675
2005-10-10,14.93,15.61,14.87,15.55,,117.14,117.15214285714285
2005-10-11,15.35,15.7,15.06,15.63,,117.99,118.02571428571429
2005-10-12,15.56,16.27,15.04,16.22,,117.83,117.88714285714286
2005-10-13,16.32,17.19,15.98,16.47,,117.82,117.8525
2005-10-14,15.99,16.03,14.83,14.87,,121.73,122.07857142857142
2005-10-17,15.3,15.3,14.58,14.67,,122.73,
2005-10-18,14.92,15.4,14.79,15.33,,120.57,
2005-10-19,15.63,15.86,13.47,13.5,,115.27,
2005-10-20,14.18,16.19,13.98,16.11,,122.32,122.73
2005-10-21,15.53,16.27,15.26,16.13,,121.19,121.33035714285714
2005-10-24,16.18,16.44,14.61,14.74,,126.31,126.88142857142857
2005-10-25,14.96,15.3,14.2,14.53,,124.62,124.80785714285715
2005-10-26,14.8,14.88,13.72,14.59,,122.83,122.94071428571428
2005-10-27,14.73,16.3,14.57,16.02,,121.33,121.4775
2005-10-28,15.45,15.61,14.11,14.25,,118.18,118.29
2005-10-31,14.04,15.39,13.93,15.32,,122.5,122.75178571428572
2005-11-01,14.85,15.66,14.65,14.85,,126.11,126.21142857142857
2005-11-02,14.99,14.99,13.38,13.48,,121.02,121.40392857142858
2005-11-03,13.12,13.23,12.5,13.0,,122.41,122.95
2005-11-04,12.88,13.62,12.69,13.17,,121.77,122.08178571428572
2005-11-07,13.11,13.65,12.76,13.1,,120.03,120.58642857142857
2005-11-08,13.61,13.61,13.04,13.08,,122.33,122.71607142857142
2005-11-09,13.14,13.36,12.42,12.8,,122.56,123.0
2005-11-10,12.68,13.17,11.73,11.9,,122.96,124.08500000000001
2005-11-11,11.82,11.96,11.63,11.63,,123.85,125.01428571428572
2005-11-14,11.99,12.34,11.77,12.18,,125.85,
2005-11-15,12.16,12.69,11.7,12.23,,120.09,
2005-11-16,12.22,12.68,12.17,12.26,,125.41,
2005-11-17,11.92,12.2,11.25,11.25,,123.13,123.32
2005-11-18,11.19,11.67,10.96,11.12,,129.47,129.94
2005-11-21,11.18,11.38,10.71,10.82,,125.08,125.38428571428571
2005-11-22,11.01,11.1,10.5,10.6,,122.0,122.19
2005-11-23,10.96,11.03,10.67,10.96,,123.31,123.52742857142857
2005-11-25,11.04,11.24,10.88,10.88,,114.92,114.76685714285713
2005-11-28,11.34,11.99,11.33,11.84,,120.22,120.52857142857142
2005-11-29,11.77,11.96,11.61,11.89,,120.69,120.89571428571428
2005-11-30,11.84,12.13,11.55,12.06,,114.81,114.74714285714286
2005-12-01,12.09,12.23,11.14,11.24,,123.16,123.66
2005-12-02,11.1,11.23,10.94,11.01,,123.75,124.27285714285713
2005-12-05,11.45,11.68,11.4,11.6,,122.8,123.16657142857144
2005-12-06,11.16,11.59,10.96,11.52,,117.12,117.25485714285713
2005-12-07,11.49,12.44,11.45,12.18,,121.98,122.38285714285713
2005-12-08,11.88,12.41,11.73,12.21,,122.91,123.396
2005-12-09,11.91,12.2,11.56,11.69,,121.45,121.6662857142857
2005-12-12,10.86,11.81,10.83,11.47,,119.42,
2005-12-13,11.18,11.42,10.74,11.11,,128.59,
2005-12-14,10.75,10.79,10.39,10.48,,119.26,
2005-12-15,10.66,11.11,10.37,10.73,,124.63,
2005-12-16,10.7,10.75,10.15,10.68,,120.8,
2005-12-19,11.11,11.38,10.65,11.38,,120.07,
2005-12-20,11.32,11.45,11.0,11.19,,122.6,
2005-12-21,10.71,11.07,10.34,10.81,,117.88,
2005-12-22,10.82,10.89,10.28,10.29,,118.81,118.98
2005-12-23,10.37,10.48,10.24,10.27,,120.14,120.39571428571429
2005-12-27,10.97,11.65,10.83,11.57,,115.3,115.34214285714286
2005-12-28,11.55,11.64,11.26,11.35,,115.27,115.31142857142858
2005-12-29,11.36,11.67,11.14,11.61,,115.78,115.465
2005-12-30,11.96,12.07,11.55,12.07,,113.0,112.81857142857143
2006-01-03,12.25,12.51,10.99,11.14,,114.0,114.14
2006-01-04,11.22,11.71,10.97,11.37,,114.08,114.1975
2006-01-05,11.43,11.84,11.31,11.31,,113.75,113.82
2006-01-06,11.23,11.5,10.81,11.0,,117.3,117.72392857142857
2006-01-09,11.35,11.35,10.98,11.13,,115.09,115.25428571428571
2006-01-10,11.39,11.39,10.84,10.86,,116.79,117.31678571428571
2006-01-11,11.03,11.16,10.83,10.94,,119.5,120.58285714285714
2006-01-12,10.98,11.38,10.94,11.2,,118.62,119.83500000000001
2006-01-13,11.4,11.61,11.11,11.23,,119.14,120.27357142857143
2006-01-17,12.13,12.46,11.87,11.91,,115.04,
2006-01-18,12.62,12.7,12.2,12.25,,115.02,
2006-01-19,12.12,12.34,11.65,11.98,,117.55,117.57
2006-01-20,12.1,14.56,11.89,14.56,,123.55,123.93428571428572
2006-01-23,14.44,14.48,13.58,13.93,,126.59,126.95714285714286
2006-01-24,13.79,13.83,13.14,13.31,,128.73,129.30964285714285
2006-01-25,12.95,13.38,12.62,12.87,,123.06,123.39571428571428
2006-01-26,12.89,12.91,12.19,12.42,,126.34,126.85000000000001
2006-01-27,12.27,12.33,11.72,11.97,,127.59,128.1342857142857
2006-01-30,12.22,12.46,12.07,12.39,,120.13,120.1725
2006-01-31,12.45,13.06,12.45,12.95,,120.99,121.12285714285714
2006-02-01,13.03,13.03,12.34,12.36,,117.8,117.81964285714285
2006-02-02,12.54,13.47,12.48,13.23,,116.98,116.93
2006-02-03,13.37,13.7,12.64,12.96,,116.84,116.89392857142857
2006-02-06,13.43,13.43,12.99,13.04,,119.37,119.34357142857144
2006-02-07,13.2,13.67,12.97,13.59,,116.92,116.75821428571429
2006-02-08,41.6,13.61,12.76,12.83,,119.49,119.78
2006-02-09,12.56,13.15,12.27,13.12,,119.31,119.25
2006-02-10,13.35,13.73,12.69,12.87,,120.19,119.91
2006-02-13,13.34,13.7,13.05,13.35,,120.7,
2006-02-14,13.09,13.15,12.01,12.25,,119.3,
2006-02-15,12.43,12.95,12.21,12.31,,126.44,
2006-02-16,12.19,12.29,11.13,11.48,,128.99,129.53
2006-02-17,11.64,12.21,11.52,12.01,,133.88,134.57771428571428
2006-02-21,12.36,12.64,12.28,12.41,,128.57,129.15142857142857
2006-02-22,12.27,12.3,11.68,11.88,,130.03,130.30914285714286
2006-02-23,11.86,11.97,11.58,11.87,,127.08,127.62800000000001
2006-02-24,11.94,12.06,11.42,11.46,,128.56,129.19714285714284
2006-02-27,11.79,11.83,11.4,11.59,,123.53,123.95285714285714
2006-02-28,11.74,12.36,11.71,12.34,,124.61,124.744
2006-03-01,12.05,12.07,11.52,11.54,,124.25,124.75171428571429
2006-03-02,11.79,11.95,11.56,11.72,,123.3,123.716
2006-03-03,12.03,12.1,11.36,11.96,,121.87,122.25857142857143
2006-03-06,12.22,12.91,12.22,12.74,71.73,116.6,116.72314285714285
2006-03-07,12.92,13.34,12.64,12.66,,116.21,116.33942857142857
2006-03-08,12.83,13.34,12.26,12.32,,117.21,117.45142857142856
2006-03-09,12.21,12.69,12.01,12.68,,114.2,114.172
2006-03-10,12.52,12.6,11.79,11.85,,116.21,116.34771428571429
2006-03-13,11.72,11.75,10.89,11.37,,116.54,
2006-03-14,11.61,11.72,10.53,10.74,,114.43,
2006-03-15,11.17,11.54,10.98,11.35,15.71,119.12,
2006-03-16,10.59,12.05,10.57,11.98,27.94,142.02,
2006-03-17,11.56,12.2,11.53,12.12,28.6,130.06,
2006-03-20,11.23,12.21,11.13,11.79,37.93,124.39,
2006-03-21,11.71,11.89,11.17,11.62,37.35,120.69,
2006-03-22,11.71,11.79,11.11,11.21,,121.7,
2006-03-23,11.19,11.57,11.11,11.17,,119.23,119.26
2006-03-24,11.23,11.48,11.09,11.19,,124.34,124.67250000000001
2006-03-27,11.46,11.72,11.41,11.46,,118.23,118.28571428571428
2006-03-28,11.69,11.9,11.38,11.58,,118.71,118.80892857142858
2006-03-29,11.46,11.57,10.79,10.95,,117.94,117.97285714285714
2006-03-30,11.03,11.73,10.7,11.57,,116.77,116.77250000000001
2006-03-31,11.42,11.65,11.27,11.39,,115.72,115.57714285714286
2006-04-03,11.47,11.62,11.03,11.57,,115.48,115.58964285714286
2006-04-04,11.66,11.8,11.09,11.14,,117.06,117.25
2006-04-05,11.24,11.36,11.06,11.13,,117.1,117.30821428571429
2006-04-06,11.34,11.74,11.25,11.45,,118.03,118.08500000000001
2006-04-07,11.44,12.31,11.2,12.26,,115.7,115.615
2006-04-10,12.44,12.49,12.04,12.19,,116.51,116.39571428571429
2006-04-11,12.09,13.06,12.06,13.0,69.55,113.56,113.55285714285714
2006-04-12,13.08,13.9,12.66,12.76,,115.71,116.07142857142857
2006-04-13,12.93,13.0,12.28,12.38,,117.99,118.5725
2006-04-17,12.8,13.02,12.27,12.58,,113.56,
2006-04-18,12.55,12.55,11.31,11.4,,116.74,
2006-04-19,11.52,11.8,11.23,11.32,,121.7,
2006-04-20,11.3,11.67,11.02,11.64,,130.0,130.44
2006-04-21,11.24,11.98,11.19,11.59,,122.05,122.35464285714286
2006-04-24,12.26,12.42,11.67,11.75,63.42,128.77,129.1457142857143
2006-04-25,11.71,12.19,11.59,11.75,61.33,129.66,130.26285714285714
2006-04-26,11.76,11.79,11.34,11.76,,126.14,126.55428571428571
2006-04-27,12.27,12.52,11.55,11.84,,129.21,129.7875
2006-04-28,12.13,12.13,11.42,11.59,,125.2,125.52428571428571
2006-05-01,11.83,12.59,11.75,12.54,61.96,129.67,130.09214285714285
2006-05-02,12.2,12.27,11.93,11.99,,124.01,124.33428571428571
2006-05-03,12.21,12.45,11.95,11.99,,127.46,127.9275
2006-05-04,11.92,12.16,11.71,11.86,,125.86,126.05000000000001
2006-05-05,11.39,11.62,11.18,11.62,,128.06,128.39642857142857
2006-05-08,11.98,12.06,11.81,12.0,,125.25,125.35785714285714
2006-05-09,12.1,12.15,11.88,11.99,,123.02,122.89535714285715
2006-05-10,12.22,12.32,11.78,11.78,,119.62,119.75285714285714
2006-05-11,12.33,12.92,11.99,12.49,,120.68,120.7375
2006-05-12,12.71,14.26,12.71,14.19,,123.21,123.54071428571429
2006-05-15,15.12,15.13,13.44,13.57,,121.86,
2006-05-16,13.49,13.61,12.98,13.35,,130.15,
2006-05-17,13.83,16.26,13.39,16.26,,121.87,
2006-05-18,15.54,17.09,14.96,16.99,,123.09,123.15
2006-05-19,16.16,18.01,15.9,17.18,,136.93,137.39542857142857
2006-05-22,18.55,19.62,16.73,17.72,91.76,126.15,126.18114285714286
2006-05-23,16.7,18.26,15.36,18.26,88.66,125.15,125.21285714285715
2006-05-24,17.87,19.87,17.13,17.36,88.63,127.4,127.41342857142857
2006-05-25,16.67,16.67,15.31,15.5,82.64,132.35,132.424
2006-05-26,14.92,15.04,14.26,14.26,72.5,128.5,128.56257142857143
2006-05-30,15.39,18.72,15.39,18.66,82.14,122.67,122.53314285714285
2006-05-31,18.09,18.09,16.41,16.44,77.44,121.97,121.89942857142857
2006-06-01,16.47,16.56,14.48,14.52,74.08,128.02,128.126
2006-06-02,14.17,14.97,13.92,14.32,70.27,127.02,126.98857142857143
2006-06-05,14.97,17.14,14.97,16.65,77.38,120.42,120.2222857142857
2006-06-06,16.72,18.56,16.65,17.34,78.66,121.79,121.462
2006-06-07,15.83,17.86,15.83,17.8,73.86,120.81,120.69
2006-06-08,17.92,20.75,17.88,18.35,78.12,120.19,119.87
2006-06-09,17.9,18.45,17.07,18.12,79.87,118.74,118.45742857142857
2006-06-12,18.13,21.25,17.89,20.96,83.52,121.27,
2006-06-13,20.95,23.81,20.27,23.81,93.2,121.55,
2006-06-14,23.45,23.49,21.45,21.46,102.11,124.24,
2006-06-15,21.05,21.14,15.65,15.9,99.13,131.6,
2006-06-16,16.56,18.13,16.52,17.25,106.93,128.32,
2006-06-19,16.06,18.1,15.73,17.83,102.56,125.31,
2006-06-20,17.52,17.65,16.39,16.69,94.76,126.54,
2006-06-21,16.67,16.72,14.88,15.52,92.4,127.36,
2006-06-22,15.95,16.66,15.56,15.88,91.85,125.08,125.21
2006-06-23,16.41,16.58,14.94,15.89,86.81,122.55,122.72571428571429
2006-06-26,16.55,16.61,15.49,15.62,90.71,124.87,125.14428571428572
2006-06-27,15.58,16.55,15.27,16.4,95.12,120.3,120.42571428571428
2006-06-28,16.02,17.0,15.78,15.79,96.44,118.99,119.07571428571428
2006-06-29,15.28,15.3,12.93,13.03,96.63,124.11,124.48
2006-06-30,12.9,13.47,12.74,13.08,92.1,118.28,118.25142857142858
2006-07-03,13.29,13.51,12.77,13.05,89.13,120.93,121.23142857142858
2006-07-05,13.92,14.77,13.86,14.15,91.98,120.22,120.38892857142856
2006-07-06,14.04,14.04,13.25,13.65,92.88,116.81,116.775
2006-07-07,13.9,14.45,13.43,13.97,91.46,114.97,114.94142857142857
2006-07-10,14.17,14.5,13.67,14.02,93.52,115.89,115.95
2006-07-11,14.31,14.68,13.1,13.14,91.99,119.17,119.31321428571428
2006-07-12,13.39,14.85,13.26,14.49,,115.97,116.08428571428571
2006-07-13,15.17,17.83,15.17,17.79,,115.4,115.645
2006-07-14,17.57,18.79,17.28,18.05,,117.48,117.6742857142857
2006-07-17,18.73,18.76,17.75,18.64,,118.56,
2006-07-18,18.2,19.58,17.66,17.74,,122.9,
2006-07-19,17.62,17.62,14.47,15.55,,121.58,
2006-07-20,15.1,16.37,14.87,16.21,,118.55,118.44
2006-07-21,16.23,17.56,16.23,17.4,,118.33,118.28285714285714
2006-07-24,17.08,17.08,14.89,14.98,99.61,122.03,122.07714285714285
2006-07-25,15.44,15.68,14.31,14.85,94.97,120.53,120.53821428571429
2006-07-26,15.04,15.21,14.09,14.62,89.23,120.86,120.80999999999999
2006-07-27,14.26,15.39,14.07,14.94,95.29,119.78,119.795
2006-07-28,14.73,14.75,14.06,14.33,93.16,121.4,121.43
2006-07-31,15.01,15.13,14.86,14.95,92.79,121.64,121.77714285714286
2006-08-01,15.49,16.15,15.03,15.05,92.67,119.49,119.44142857142857
2006-08-02,14.93,14.93,13.92,14.34,91.34,117.98,117.78035714285714
2006-08-03,15.1,15.19,14.2,14.46,89.24,116.79,116.61
2006-08-04,14.03,14.91,13.65,14.34,90.68,117.54,117.32142857142857
2006-08-07,14.98,15.53,14.97,15.23,89.58,117.02,116.69357142857143
2006-08-08,15.2,15.55,14.86,15.23,88.09,118.18,117.83357142857143
2006-08-09,14.76,15.41,14.07,15.2,,116.27,115.99571428571429
2006-08-10,15.56,15.73,14.45,14.46,,118.31,118.085
2006-08-11,14.72,14.85,14.3,14.3,,118.09,117.90214285714285
2006-08-14,14.15,14.43,13.41,14.26,,118.24,
2006-08-15,13.57,13.72,13.15,13.42,,118.88,
2006-08-16,12.69,12.95,12.11,12.41,57.01,120.17,
2006-08-17,12.69,12.72,12.21,12.24,,121.42,121.45
2006-08-18,12.11,12.52,11.57,11.64,,125.35,125.45028571428571
2006-08-21,12.4,12.62,12.21,12.22,80.68,125.66,125.81
2006-08-22,12.42,12.42,11.93,12.19,78.75,124.0,124.1
2006-08-23,12.26,12.73,12.16,12.4,81.15,124.2,124.26714285714286
2006-08-24,12.24,12.58,12.21,12.4,79.7,123.75,123.83
2006-08-25,12.41,12.47,12.08,12.31,81.94,125.01,125.17200000000001
2006-08-28,12.92,12.92,12.07,12.18,79.47,122.64,122.63628571428572
2006-08-29,12.27,12.83,12.21,12.28,81.8,126.53,126.39885714285714
2006-08-30,12.14,12.35,12.1,12.22,80.77,125.52,125.61228571428572
2006-08-31,12.23,12.33,12.07,12.31,79.84,123.22,123.256
2006-09-01,12.14,12.33,11.91,11.96,77.19,124.59,124.61142857142858
2006-09-05,12.8,12.86,12.43,12.63,80.18,124.31,124.44114285714285
2006-09-06,13.06,13.88,13.06,13.74,82.96,123.09,123.02714285714286
2006-09-07,14.07,14.49,13.67,13.88,86.18,121.66,121.648
2006-09-08,13.79,13.8,13.05,13.16,83.7,124.34,124.51285714285714
2006-09-11,13.95,13.95,12.75,12.99,85.78,125.99,
2006-09-12,13.04,13.14,11.55,11.92,80.99,126.42,
2006-09-13,10.72,12.54,10.54,11.18,81.55,120.44,
2006-09-14,11.36,12.02,10.74,11.55,81.93,119.47,
2006-09-15,11.49,12.54,11.4,11.76,59.52,135.25,
2006-09-18,12.28,12.41,11.58,11.78,80.97,127.35,
2006-09-19,11.96,12.69,11.86,11.98,81.77,125.03,
2006-09-20,11.75,11.75,11.34,11.39,80.83,122.71,
2006-09-21,11.43,12.6,11.28,12.25,85.95,119.68,119.5
2006-09-22,12.47,13.28,12.47,12.59,85.74,118.86,118.67321428571428
2006-09-25,12.97,13.41,11.93,12.12,82.01,120.75,120.56857142857143
2006-09-26,12.23,12.23,11.51,11.53,81.59,121.64,121.43714285714286
2006-09-27,11.65,11.9,11.42,11.58,81.08,118.43,118.4
2006-09-28,11.64,12.06,11.59,11.72,84.74,118.21,118.175
2006-09-29,11.75,12.1,11.72,11.98,84.31,120.09,119.93571428571428
2006-10-02,12.45,12.72,12.11,12.57,85.46,119.8,119.43178571428571
2006-10-03,12.68,12.91,11.97,12.24,86.57,116.93,116.7942857142857
2006-10-04,12.64,12.64,11.62,11.86,82.5,118.15,118.10642857142857
2006-10-05,11.94,12.06,11.65,11.98,87.5,115.48,115.39
2006-10-06,11.99,12.17,11.55,11.56,85.63,117.34,117.23357142857142
2006-10-09,12.07,12.09,11.58,11.68,84.76,116.19,116.21571428571428
2006-10-10,11.77,11.89,11.47,11.52,83.62,118.43,118.3907142857143
2006-10-11,11.75,12.03,11.31,11.62,88.4,117.16,117.36428571428571
2006-10-12,11.5,11.51,11.09,11.09,86.87,117.44,117.585
2006-10-13,11.17,11.35,10.75,10.75,86.61,118.74,119.14928571428571
2006-10-16,11.07,11.2,10.91,11.09,82.29,116.54,
2006-10-17,11.36,12.03,11.35,11.73,66.99,117.7,
2006-10-18,11.44,11.83,11.33,11.34,79.1,114.96,
2006-10-19,11.51,11.57,10.78,10.9,77.71,116.8,116.82
2006-10-20,11.06,11.23,10.44,10.63,78.6,117.06,116.96535714285714
2006-10-23,11.15,11.25,10.62,11.08,84.73,115.28,115.32571428571428
2006-10-24,11.25,11.27,10.78,10.78,87.39,114.68,114.6907142857143
2006-10-25,10.88,10.88,10.6,10.66,85.9,113.72,113.76714285714286
2006-10-26,10.56,10.96,10.47,10.56,81.6,112.97,113.0125
2006-10-27,10.66,10.99,10.53,10.8,82.71,111.46,111.41714285714285
2006-10-30,11.36,11.43,10.92,11.2,80.16,114.11,113.94464285714285
2006-10-31,11.1,11.39,10.99,11.1,76.4,111.48,111.24714285714285
2006-11-01,10.93,11.68,10.89,11.51,78.89,112.36,112.26464285714286
2006-11-02,11.61,11.76,11.41,11.42,77.08,113.08,112.96000000000001
2006-11-03,11.16,11.43,10.34,11.16,75.19,112.37,112.31607142857143
2006-11-06,11.39,11.41,10.99,11.16,70.46,116.76,116.56642857142857
2006-11-07,11.06,11.19,10.87,11.09,67.5,115.72,115.66928571428572
2006-11-08,11.41,11.49,10.7,10.75,62.08,115.86,115.71857142857144
2006-11-09,10.65,11.07,10.57,11.01,60.42,113.19,113.2575
2006-11-10,11.01,11.12,10.77,10.79,61.06,113.87,113.9857142857143
2006-11-13,11.19,11.26,10.69,10.86,36.14,113.32,
2006-11-14,10.89,11.31,10.14,10.5,60.77,113.75,
2006-11-15,10.47,10.61,10.13,10.31,58.58,111.63,
2006-11-16,10.13,10.35,10.04,10.16,62.48,110.87,110.75
2006-11-17,10.37,10.48,10.05,10.05,64.3,117.73,117.80542857142856
2006-11-20,10.42,10.48,9.91,9.97,65.98,119.02,119.21428571428571
2006-11-21,10.05,10.06,9.84,9.9,65.3,118.53,118.72428571428571
2006-11-22,10.02,10.15,9.81,10.14,63.62,120.86,121.13628571428572
2006-11-24,10.81,10.86,10.56,10.73,66.48,118.47,118.65085714285715
2006-11-27,11.26,12.33,11.14,12.3,71.6,117.96,118.11542857142857
2006-11-28,12.48,12.55,11.56,11.62,66.56,121.89,122.10685714285714
2006-11-29,11.41,11.43,10.67,10.83,60.3,125.38,125.73657142857142
2006-11-30,10.88,11.3,10.58,10.91,61.39,124.0,124.272
2006-12-01,11.07,12.28,10.96,11.66,62.33,126.2,126.69
2006-12-04,12.01,12.01,10.98,11.23,62.11,124.81,125.10257142857144
2006-12-05,11.13,11.59,10.85,11.27,65.87,127.14,127.41657142857142
2006-12-06,11.39,11.55,11.19,11.33,66.49,125.61,125.91285714285713
2006-12-07,11.35,12.68,11.17,12.67,68.65,122.86,122.964
2006-12-08,12.58,12.67,11.91,12.07,71.34,124.71,125.00028571428571
2006-12-11,11.88,11.93,10.71,10.71,72.84,120.65,
2006-12-12,11.2,11.39,10.35,10.65,74.78,124.46,
2006-12-13,10.45,10.58,10.15,10.18,79.06,125.76,
2006-12-14,10.74,10.75,9.64,9.97,82.57,132.31,
2006-12-15,9.68,10.07,9.39,10.05,84.63,129.81,
2006-12-18,10.64,10.91,10.4,10.6,84.26,128.93,
2006-12-19,11.06,11.31,10.27,10.3,78.91,129.55,
2006-12-20,10.3,10.33,10.03,10.26,84.68,126.28,
2006-12-21,10.36,10.89,10.13,10.53,83.94,122.05,122.11
2006-12-22,10.59,11.46,10.59,11.36,83.41,121.5,121.49178571428571
2006-12-26,12.03,12.03,11.24,11.26,85.28,123.4,123.56285714285714
2006-12-27,11.12,11.12,10.59,10.64,83.01,123.48,123.71357142857143
2006-12-28,10.84,11.06,10.73,10.99,88.72,121.7,121.8425
2006-12-29,10.95,11.65,10.71,11.56,88.16,121.25,121.24714285714286
2007-01-03,12.16,12.75,11.53,12.04,87.63,118.77,118.85535714285714
2007-01-04,12.4,12.42,11.28,11.51,88.19,118.78,119.00999999999999
2007-01-05,11.84,12.25,11.68,12.14,90.17,117.27,117.28678571428571
2007-01-08,12.48,12.83,11.78,12.0,92.04,119.44,119.34071428571428
2007-01-09,11.86,12.47,11.69,11.91,92.76,116.28,116.37464285714286
2007-01-10,12.34,12.5,11.43,11.47,93.78,117.79,117.82571428571428
2007-01-11,11.42,11.48,10.5,10.87,85.97,119.13,119.32
2007-01-12,10.93,10.93,10.14,10.15,85.18,119.7,120.265
2007-01-16,10.64,10.89,10.4,10.74,85.3,120.78,
2007-01-17,10.9,10.9,10.35,10.59,84.93,120.95,
2007-01-18,10.65,11.04,10.45,10.85,83.66,127.7,128.15
2007-01-19,10.8,11.03,10.24,10.4,82.49,127.24,127.63178571428571
2007-01-22,10.77,11.08,10.62,10.77,84.43,121.13,121.26
2007-01-23,10.77,10.94,10.22,10.34,81.48,122.77,122.92392857142858
2007-01-24,10.41,10.41,9.87,9.89,77.51,124.34,124.64785714285715
2007-01-25,9.99,11.38,9.95,11.22,80.45,119.49,119.5325
2007-01-26,10.95,11.6,10.92,11.13,81.36,120.26,120.36285714285714
2007-01-29,11.5,11.6,10.92,11.45,81.68,117.83,117.86214285714286
2007-01-30,11.28,11.49,10.95,10.96,78.9,119.53,119.66571428571429
2007-01-31,11.09,11.26,10.27,10.42,77.28,118.58,118.60464285714286
2007-02-01,10.32,10.43,10.14,10.31,73.5,119.57,119.66999999999999
2007-02-02,10.3,10.36,9.96,10.08,72.44,121.7,121.88857142857142
2007-02-05,10.53,10.7,10.44,10.55,70.29,122.48,122.73928571428571
2007-02-06,10.55,10.88,10.44,10.65,68.55,122.78,123.13785714285714
2007-02-07,10.31,10.56,10.24,10.32,70.32,122.94,123.3757142857143
2007-02-08,10.49,10.91,10.4,10.44,73.18,122.69,123.0975
2007-02-09,10.42,11.56,10.25,11.1,74.39,121.02,121.47
2007-02-12,11.33,11.88,11.3,11.61,79.12,119.81,
2007-02-13,11.42,11.42,10.33,10.34,75.72,125.32,
2007-02-14,10.19,10.26,9.7,10.23,74.0,123.09,
2007-02-15,10.28,10.32,10.05,10.22,70.34,120.55,120.6
2007-02-16,10.42,10.44,9.98,10.02,70.74,121.01,121.07657142857143
2007-02-20,10.62,10.72,10.14,10.24,65.87,120.99,121.18142857142857
2007-02-21,10.48,10.53,10.17,10.2,67.37,119.1,119.25228571428572
2007-02-22,10.23,10.52,10.01,10.18,66.05,119.58,119.74799999999999
2007-02-23,10.41,10.7,10.36,10.58,70.71,117.71,117.79485714285714
2007-02-26,10.59,11.44,10.52,11.15,70.33,117.81,117.894
2007-02-27,12.12,19.01,12.1,18.31,110.42,112.5,112.44228571428572
2007-02-28,17.21,17.29,14.5,15.42,91.64,121.36,121.56657142857144
2007-03-01,17.76,19.4,15.36,15.82,99.47,120.99,121.012
2007-03-02,16.7,18.63,16.04,18.61,104.17,118.76,118.70571428571428
2007-03-05,20.4,20.41,18.13,19.63,101.2,118.07,118.04685714285714
2007-03-06,18.31,18.34,15.76,15.96,93.65,121.14,121.1062857142857
2007-03-07,16.25,16.27,14.52,15.24,94.41,119.49,119.40142857142858
2007-03-08,14.34,14.7,13.48,14.29,93.97,121.08,120.854
2007-03-09,13.7,14.62,13.67,14.09,91.82,121.96,121.78685714285714
2007-03-12,14.96,14.96,13.76,13.99,90.02,126.35,
2007-03-13,14.87,18.42,14.6,18.13,94.53,130.04,
2007-03-14,17.63,21.25,16.75,17.27,98.08,134.25,
2007-03-15,16.91,16.91,15.27,16.43,99.55,136.15,
2007-03-16,15.38,17.71,15.29,16.79,102.74,128.3,
2007-03-19,15.82,15.82,14.58,14.59,93.9,122.84,
2007-03-20,15.01,15.16,13.25,13.27,89.55,127.35,
2007-03-21,13.27,13.67,11.21,12.19,94.13,130.07,
2007-03-22,12.29,12.95,12.04,12.93,95.52,124.99,125.1
2007-03-23,13.13,13.18,12.46,12.95,96.37,125.64,125.74714285714286
2007-03-26,13.39,14.7,12.91,13.16,95.95,126.45,126.60142857142857
2007-03-27,13.35,13.9,13.35,13.48,101.0,122.89,122.93464285714286
2007-03-28,14.28,15.51,14.22,14.98,104.79,121.28,121.31571428571428
2007-03-29,14.45,16.05,14.34,15.14,102.31,121.4,121.435
2007-03-30,14.94,15.82,14.14,14.64,99.78,120.89,120.85857142857142
2007-04-02,14.91,15.46,14.4,14.53,98.92,122.62,122.67571428571428
2007-04-03,14.02,14.06,12.81,13.46,94.98,124.18,124.22571428571428
2007-04-04,13.82,13.91,13.2,13.24,96.12,123.94,123.95928571428571
2007-04-05,13.57,13.66,12.69,13.23,93.6,125.4,125.455
2007-04-09,13.26,13.56,12.89,13.14,92.3,125.32,125.61500000000001
2007-04-10,13.33,13.33,12.56,12.68,87.37,125.94,126.25
2007-04-11,12.72,14.08,12.72,13.49,93.47,127.03,127.2457142857143
2007-04-12,13.65,14.15,12.58,12.71,91.38,126.92,127.5175
2007-04-13,12.67,13.0,12.13,12.2,88.71,128.62,129.7242857142857
2007-04-16,11.86,12.1,11.46,11.98,83.98,125.49,
2007-04-17,11.7,12.17,11.5,12.14,83.68,130.62,
2007-04-18,12.48,12.57,11.95,12.42,80.59,130.35,
2007-04-19,13.16,13.27,12.41,12.54,77.91,126.11,125.9
2007-04-20,12.03,12.67,11.97,12.07,79.18,128.37,128.5432142857143
2007-04-23,12.6,13.08,12.48,13.04,79.33,123.55,123.60571428571428
2007-04-24,13.12,13.89,13.04,13.12,77.83,124.17,124.2825
2007-04-25,12.74,13.23,12.58,13.21,80.79,122.68,122.75571428571429
2007-04-26,13.16,13.67,12.67,12.79,81.67,123.25,123.3575
2007-04-27,13.12,13.26,12.41,12.45,80.66,124.73,124.98857142857143
2007-04-30,12.9,14.31,12.78,14.22,85.33,123.37,123.36821428571429
2007-05-01,14.1,14.6,13.48,13.51,81.28,125.45,125.70285714285714
2007-05-02,13.52,13.52,12.55,13.08,82.59,123.14,123.33535714285715
2007-05-03,13.01,13.36,12.89,13.09,78.81,123.03,123.22999999999999
2007-05-04,12.91,13.36,12.59,12.91,77.1,123.11,123.23928571428571
2007-05-07,13.34,13.37,13.11,13.15,78.51,123.3,123.54285714285714
2007-05-08,13.48,13.69,13.16,13.21,79.9,120.74,120.91785714285714
2007-05-09,13.43,13.5,12.54,12.88,85.89,121.24,121.44857142857143
2007-05-10,13.31,13.85,12.89,13.6,83.58,119.5,119.5775
2007-05-11,13.47,13.47,12.63,12.95,79.47,121.66,122.14571428571429
2007-05-14,13.26,14.43,13.01,13.96,82.02,119.78,
2007-05-15,13.88,14.3,13.27,14.01,76.68,121.17,
2007-05-16,14.02,14.18,13.47,13.5,70.26,123.4,
2007-05-17,13.62,13.82,13.25,13.51,72.94,123.34,123.43
2007-05-18,13.01,13.22,12.69,12.76,75.43,126.75,126.89942857142857
2007-05-21,13.24,13.3,12.7,13.3,71.82,126.22,126.40971428571429
2007-05-22,12.09,13.38,12.08,13.06,72.36,124.74,124.88285714285715
2007-05-23,12.77,13.28,12.55,13.24,71.44,123.17,123.26028571428571
2007-05-24,13.15,14.36,12.92,14.08,74.36,121.71,121.756
2007-05-25,13.81,13.87,13.23,13.34,72.42,124.0,124.15285714285714
2007-05-29,13.86,13.95,13.31,13.53,72.48,124.05,124.20857142857143
2007-05-30,14.18,14.29,12.82,12.83,71.61,124.69,124.92114285714285
2007-05-31,12.78,13.18,12.62,13.05,72.2,123.84,123.956
2007-06-01,12.77,13.01,12.43,12.78,70.19,124.23,124.34714285714286
2007-06-04,13.47,13.54,13.21,13.29,70.74,122.26,122.38542857142858
2007-06-05,13.58,14.17,13.54,13.63,69.24,122.93,123.01285714285714
2007-06-06,14.07,15.06,14.06,14.87,72.06,119.29,119.38
2007-06-07,15.08,17.09,14.89,17.06,75.83,117.52,117.404
2007-06-08,16.75,16.78,14.73,14.84,70.69,122.08,122.00057142857143
2007-06-11,15.31,15.47,14.24,14.71,68.73,119.71,
2007-06-12,15.46,16.7,14.77,16.67,69.48,119.51,
2007-06-13,16.05,16.1,14.67,14.73,68.81,121.59,
2007-06-14,14.76,14.82,13.59,13.64,63.52,122.42,
2007-06-15,13.01,13.97,12.58,13.94,64.03,121.63,
2007-06-18,14.42,14.51,13.35,13.42,66.76,120.46,
2007-06-19,13.78,13.8,12.79,12.85,67.24,123.38,
2007-06-20,12.77,14.76,12.75,14.67,76.8,117.56,
2007-06-21,14.8,15.56,14.17,14.21,74.76,117.97,118.01
2007-06-22,14.45,16.58,14.31,15.75,78.35,116.52,116.54785714285714
2007-06-25,16.5,17.24,15.41,16.65,78.07,116.87,116.97
2007-06-26,16.46,18.89,16.21,18.89,82.01,116.03,116.07535714285714
2007-06-27,18.87,18.98,15.44,15.53,78.48,118.01,118.09357142857142
2007-06-28,15.7,15.71,14.98,15.54,76.04,117.47,117.5425
2007-06-29,15.25,17.13,14.62,16.23,76.94,115.72,115.66
2007-07-02,16.48,16.48,15.31,15.4,75.56,119.68,119.75607142857143
2007-07-03,14.96,15.3,14.85,14.92,74.63,119.87,120.03999999999999
2007-07-05,15.37,15.95,15.17,15.48,75.86,120.59,120.78999999999999
2007-07-06,15.36,15.59,14.67,14.72,74.85,120.85,120.97714285714285
2007-07-09,15.34,15.69,15.03,15.16,73.05,120.63,120.73928571428571
2007-07-10,15.88,17.68,15.83,17.57,79.99,117.48,117.47714285714285
2007-07-11,17.69,17.91,16.64,16.64,81.55,121.69,121.81142857142856
2007-07-12,16.39,16.39,14.93,15.54,76.6,119.99,120.30250000000001
2007-07-13,15.39,15.51,14.79,15.15,76.65,119.59,119.97071428571428
2007-07-16,15.57,15.83,15.27,15.59,72.56,117.88,
2007-07-17,15.58,15.78,15.31,15.63,72.41,117.99,
2007-07-18,16.38,17.06,15.95,16.0,73.57,120.35,
2007-07-19,15.43,15.62,15.06,15.23,72.02,119.24,119.19
2007-07-20,15.39,18.53,15.36,16.95,73.76,117.4,117.36542857142858
2007-07-23,16.62,17.09,16.39,16.81,74.56,118.84,118.84714285714286
2007-07-24,17.63,19.09,17.48,18.55,79.32,116.13,116.10285714285713
2007-07-25,17.77,19.46,17.38,18.1,75.31,116.39,116.35742857142857
2007-07-26,19.41,23.36,19.3,20.74,87.38,116.27,116.304
2007-07-27,20.34,24.17,19.6,24.17,97.23,113.23,113.17028571428571
2007-07-30,23.64,23.64,20.86,20.87,97.45,115.42,115.386
2007-07-31,20.08,23.93,19.68,23.52,104.08,115.53,115.49685714285714
2007-08-01,23.71,26.22,23.26,23.67,108.86,119.94,119.96428571428572
2007-08-02,22.94,23.0,21.2,21.22,100.8,119.05,119.048
2007-08-03,21.52,25.55,21.09,25.16,104.05,117.3,117.27285714285715
2007-08-06,25.32,26.47,22.44,22.94,95.22,118.81,118.57942857142858
2007-08-07,23.33,23.74,20.79,21.56,85.96,116.92,116.788
2007-08-08,20.97,22.95,19.33,21.45,82.52,120.92,120.91714285714285
2007-08-09,24.46,26.9,23.84,26.48,99.87,115.3,115.038
2007-08-10,28.04,29.84,26.91,28.3,108.91,116.04,115.83028571428571
2007-08-13,28.02,28.02,25.48,26.57,108.57,119.5,
2007-08-14,25.56,28.29,25.31,27.68,114.96,115.01,
2007-08-15,28.22,31.76,26.16,30.67,121.67,118.3,
2007-08-16,32.68,37.5,30.44,30.83,142.99,116.58,
2007-08-17,25.25,31.46,25.23,29.99,133.87,126.7,
2007-08-20,29.87,29.95,25.8,26.33,125.04,117.87,
2007-08-21,26.39,26.72,24.77,25.25,122.6,117.76,
2007-08-22,24.33,24.44,22.87,22.89,117.47,120.53,
2007-08-23,22.47,23.61,22.05,22.62,117.42,121.35,121.31
2007-08-24,22.75,23.03,20.44,20.72,111.95,122.79,122.99392857142858
2007-08-27,22.24,22.83,21.96,22.72,115.24,121.53,121.39857142857143
2007-08-28,23.87,26.57,23.72,26.3,119.79,118.95,118.77499999999999
2007-08-29,25.87,26.02,23.44,23.81,113.22,121.02,120.83500000000001
2007-08-30,25.4,25.58,23.69,25.06,112.66,120.1,119.875
2007-08-31,23.53,24.07,22.47,23.38,109.27,117.26,117.09285714285714
2007-09-04,21.93,24.81,21.71,22.78,104.87,119.62,119.49
2007-09-05,24.03,25.45,23.8,24.58,107.91,118.07,117.92964285714287
2007-09-06,24.43,25.14,23.66,23.99,106.6,117.34,117.19
2007-09-07,25.98,26.97,25.6,26.23,108.22,116.72,116.6825
2007-09-10,26.91,28.82,26.56,27.38,107.07,115.42,115.24785714285714
2007-09-11,27.11,27.21,25.19,25.27,103.75,116.45,116.285
2007-09-12,25.97,26.21,24.57,24.96,106.95,116.62,116.39428571428572
2007-09-13,25.01,25.32,23.83,24.76,104.63,117.36,117.18
2007-09-14,26.38,26.48,24.68,24.92,104.39,117.96,117.70642857142857
2007-09-17,26.45,27.08,25.8,26.48,102.22,117.87,
2007-09-18,25.79,26.23,20.27,20.35,92.33,116.4,
2007-09-19,19.96,20.57,19.17,20.03,97.7,120.85,
2007-09-20,20.47,20.82,19.55,20.45,97.38,119.87,119.99
2007-09-21,19.44,19.81,18.37,19.0,98.14,121.15,121.16142857142857
2007-09-24,19.04,19.62,18.32,19.37,94.27,122.82,122.05857142857143
2007-09-25,20.25,20.46,18.44,18.6,94.33,118.58,118.66
2007-09-26,17.92,18.18,17.3,17.63,89.49,118.57,118.63785714285714
2007-09-27,17.12,17.47,16.95,17.0,87.57,118.0,118.01
2007-09-28,17.23,18.22,16.91,18.0,87.13,119.97,119.97857142857143
2007-10-01,18.44,18.44,17.11,17.84,84.48,120.83,120.89214285714286
2007-10-02,17.67,18.89,17.6,18.49,88.74,121.78,121.81142857142858
2007-10-03,18.88,18.99,18.31,18.8,87.65,121.79,121.7042857142857
2007-10-04,18.65,18.65,18.26,18.44,89.38,120.21,120.29
2007-10-05,17.55,17.56,16.44,16.91,83.91,119.73,119.70714285714286
2007-10-08,17.73,17.83,17.32,17.46,84.96,118.48,118.41142857142857
2007-10-09,17.15,17.28,16.09,16.12,79.93,119.13,119.16571428571429
2007-10-10,16.42,17.35,16.39,16.67,87.46,118.64,118.60857142857142
2007-10-11,16.15,19.73,16.08,18.88,95.78,117.44,117.47749999999999
2007-10-12,18.68,18.74,17.49,17.73,90.63,119.54,119.945
2007-10-15,18.14,20.01,17.95,19.25,86.18,117.45,
2007-10-16,20.07,20.75,19.73,20.02,91.47,116.64,
2007-10-17,18.76,20.11,18.28,18.54,89.48,118.48,
2007-10-18,19.16,19.56,17.73,18.5,83.37,117.28,117.18
2007-10-19,19.15,22.96,19.02,22.96,91.56,114.99,114.81742857142858
2007-10-22,23.89,23.94,21.38,21.64,88.17,115.7,115.632
2007-10-23,21.29,21.43,20.13,20.41,86.42,116.42,116.34285714285714
2007-10-24,21.16,24.15,20.59,20.8,89.14,116.48,116.26714285714286
2007-10-25,20.84,22.4,20.04,21.17,90.82,115.67,115.584
2007-10-26,19.84,20.97,19.48,19.56,95.36,116.34,116.23314285714285
2007-10-29,19.93,20.24,16.84,19.87,95.01,115.19,115.00714285714285
2007-10-30,20.46,21.15,20.31,21.07,100.37,114.46,114.28142857142858
2007-10-31,20.53,22.09,18.3,18.53,93.62,116.88,116.78114285714285
2007-11-01,19.89,24.15,17.38,23.21,97.53,114.67,114.476
2007-11-02,22.56,25.17,22.56,23.01,97.46,116.52,116.36714285714285
2007-11-05,25.25,25.46,23.61,24.31,97.29,115.38,115.16057142857143
2007-11-06,23.5,23.74,21.24,21.39,92.7,115.46,115.34828571428571
2007-11-07,23.15,26.85,22.75,26.49,98.17,115.58,115.41142857142857
2007-11-08,26.45,29.15,25.32,26.16,97.36,115.03,114.844
2007-11-09,27.96,28.84,26.21,28.5,97.86,115.77,115.57828571428571
2007-11-12,30.57,31.09,24.47,31.09,98.09,117.92,
2007-11-13,27.47,27.5,23.82,24.1,92.58,121.09,
2007-11-14,23.35,27.03,23.07,25.94,94.39,119.7,
2007-11-15,26.96,29.31,25.98,28.06,92.96,118.31,
2007-11-16,27.04,28.12,25.12,25.49,92.8,119.3,
2007-11-19,26.74,27.18,25.74,26.01,91.13,115.61,
2007-11-20,26.12,27.35,23.62,24.88,91.34,114.1,
2007-11-21,26.3,27.77,24.55,26.84,94.49,111.49,
2007-11-23,26.42,26.42,25.35,25.61,89.62,111.32,111.17642857142857
2007-11-26,26.46,28.95,25.84,28.91,91.55,109.94,109.75142857142856
2007-11-27,28.14,28.24,26.23,26.28,90.7,109.31,109.15142857142857
2007-11-28,25.14,25.14,23.55,24.11,91.62,111.28,111.13785714285714
2007-11-29,24.59,24.61,23.35,23.97,91.08,110.79,110.6225
2007-11-30,22.67,23.39,22.0,22.87,88.88,111.85,111.72142857142858
2007-12-03,23.59,24.49,23.4,23.61,87.45,111.57,111.4225
2007-12-04,24.3,24.59,23.32,23.79,86.85,110.37,110.21714285714286
2007-12-05,22.72,23.03,21.87,22.53,83.08,112.08,111.90785714285714
2007-12-06,22.68,22.75,19.65,20.96,81.51,112.79,112.7
2007-12-07,20.69,21.01,20.29,20.85,82.47,112.79,112.7875
2007-12-10,21.16,21.46,20.36,20.74,81.5,113.39,113.41571428571429
2007-12-11,20.69,23.7,19.77,23.59,82.58,111.27,111.24357142857143
2007-12-12,20.82,24.22,20.49,22.47,89.41,113.03,113.04142857142857
2007-12-13,23.53,24.04,22.41,22.56,88.19,111.45,111.255
2007-12-14,23.53,23.53,22.26,23.27,85.82,111.31,111.15142857142857
2007-12-17,24.13,24.86,23.42,24.52,85.38,109.75,
2007-12-18,23.7,24.6,22.41,22.64,80.83,110.38,
2007-12-19,22.62,22.68,21.3,21.68,83.47,111.22,
2007-12-20,21.02,21.67,20.58,20.58,79.44,111.81,111.8
2007-12-21,19.82,19.82,18.28,18.47,82.87,115.12,115.07821428571428
2007-12-24,19.08,19.42,18.48,18.6,79.85,115.86,115.81714285714285
2007-12-26,19.37,19.47,18.6,18.66,80.79,115.2,115.22571428571428
2007-12-27,19.15,20.51,19.15,20.26,84.36,114.12,114.165
2007-12-28,19.59,21.05,19.44,20.74,84.03,112.9,112.91142857142857
2007-12-31,21.87,22.75,21.79,22.5,82.19,111.65,111.57071428571429
2008-01-02,22.58,24.05,22.4,23.17,80.58,110.61,110.41214285714285
2008-01-03,23.11,23.27,22.11,22.49,79.33,111.38,111.22
2008-01-04,23.5,24.3,23.25,23.94,81.46,109.53,109.32285714285715
2008-01-07,24.62,24.88,23.3,23.79,79.51,110.19,110.01142857142857
2008-01-08,23.27,25.6,22.63,25.43,79.59,109.17,108.98464285714286
2008-01-09,25.61,25.95,23.9,24.12,89.37,110.76,110.65428571428572
2008-01-10,24.56,24.61,22.62,23.45,84.98,110.25,110.265
2008-01-11,24.04,24.41,23.22,23.68,84.66,108.79,108.72142857142858
2008-01-14,23.76,23.93,22.65,22.9,86.96,111.38,
2008-01-15,24.1,24.59,22.97,23.34,81.13,108.15,
2008-01-16,23.9,24.38,22.85,24.38,80.51,108.49,
2008-01-17,24.11,28.51,23.87,28.46,84.99,110.0,109.91
2008-01-18,27.55,29.3,26.27,27.18,77.24,110.62,110.56485714285714
2008-01-22,35.12,37.57,29.71,31.01,86.58,114.61,114.58285714285714
2008-01-23,33.84,34.42,22.82,29.02,82.68,113.07,112.92742857142856
2008-01-24,28.07,28.48,27.03,27.78,81.31,113.37,113.24
2008-01-25,26.19,29.76,25.93,29.08,79.0,112.64,112.51942857142856
2008-01-28,29.67,30.26,27.57,27.78,76.43,114.15,113.95400000000001
2008-01-29,26.61,27.96,26.55,27.32,77.46,113.82,113.70857142857143
2008-01-30,27.53,28.34,24.74,27.62,76.41,112.33,112.26885714285714
2008-01-31,28.78,28.81,25.45,26.2,75.21,106.43,
2008-02-01,25.66,25.75,24.02,24.02,73.94,114.86,114.81285714285714
2008-02-04,25.09,26.03,24.85,25.99,73.9,112.88,112.80714285714286
2008-02-05,27.2,28.49,27.2,28.24,75.06,112.01,111.90457142857143
2008-02-06,27.75,29.31,27.04,28.97,74.63,111.93,111.80142857142857
2008-02-07,29.51,29.7,26.78,27.66,72.0,112.71,112.554
2008-02-08,27.98,28.89,27.22,28.01,72.6,111.71,111.59314285714285
2008-02-11,29.14,29.57,27.32,27.6,71.41,114.57,
2008-02-12,26.56,27.17,25.25,26.33,72.52,113.97,
2008-02-13,25.67,26.06,24.57,24.88,71.44,116.25,
2008-02-14,24.64,25.64,23.98,25.54,69.23,114.19,
2008-02-15,25.58,25.67,24.45,25.02,74.72,112.03,
2008-02-19,25.39,26.59,24.73,25.59,69.6,113.57,
2008-02-20,25.6,26.95,24.21,24.4,71.29,112.24,
2008-02-21,24.42,25.45,23.74,25.12,69.65,112.44,112.49
2008-02-22,24.99,25.93,23.62,24.06,65.47,113.58,113.44035714285714
2008-02-25,24.06,25.07,22.69,23.03,68.92,113.42,113.47142857142858
2008-02-26,23.44,23.45,21.64,21.9,68.59,112.39,112.36571428571429
2008-02-27,21.9,23.01,21.83,22.69,67.56,111.61,111.51428571428572
2008-02-28,22.69,23.79,22.69,23.53,66.61,111.33,111.19500000000001
2008-02-29,23.54,26.91,23.54,26.54,69.81,110.19,110.09428571428572
2008-03-03,27.54,28.13,26.27,26.28,71.02,110.4,110.29892857142858
2008-03-04,27.19,27.42,25.51,25.52,69.95,110.07,109.94571428571429
2008-03-05,25.52,25.77,23.3,24.6,68.51,110.24,110.17071428571428
2008-03-06,25.45,27.9,25.04,27.55,74.53,110.46,110.315
2008-03-07,28.52,29.29,22.29,27.49,76.02,110.28,110.14321428571428
2008-03-10,28.13,29.73,27.92,29.38,77.45,109.89,109.72357142857143
2008-03-11,27.25,28.64,26.35,26.36,73.76,112.71,112.58892857142857
2008-03-12,26.39,27.25,24.9,27.22,73.94,111.47,111.29857142857144
2008-03-13,27.22,29.62,25.65,27.29,75.56,112.58,112.505
2008-03-14,27.31,32.89,26.02,31.16,80.99,110.59,110.915
2008-03-17,35.14,35.6,31.1,32.24,80.71,113.51,
2008-03-18,32.24,32.24,25.58,25.79,72.97,112.4,
2008-03-19,25.78,29.95,25.16,29.84,70.5,113.11,
2008-03-20,29.84,29.84,25.8,26.62,66.97,113.71,113.8
2008-03-24,26.64,27.04,24.75,25.73,68.82,114.56,114.64714285714285
2008-03-25,25.75,26.42,25.17,25.72,68.65,114.87,114.97892857142857
2008-03-26,25.75,26.85,25.51,26.08,69.56,112.08,112.11714285714285
2008-03-27,25.55,25.98,24.91,25.88,69.0,111.78,111.815
2008-03-28,25.81,25.96,25.04,25.71,68.79,110.78,110.81428571428572
2008-03-31,25.71,26.77,25.35,25.61,67.64,110.36,110.32392857142857
2008-04-01,25.61,25.61,22.52,22.68,66.96,111.31,111.24857142857144
2008-04-02,22.64,23.65,22.39,23.43,67.61,112.08,112.12535714285714
2008-04-03,23.84,24.15,23.0,23.21,66.11,111.88,111.945
2008-04-04,23.0,23.31,21.75,22.45,64.56,111.48,111.53892857142857
2008-04-07,22.45,22.73,21.21,22.42,67.4,111.57,111.67999999999999
2008-04-08,22.42,23.16,22.36,22.36,67.3,112.13,112.21892857142858
2008-04-09,22.36,23.57,22.36,22.81,75.24,110.96,111.03571428571428
2008-04-10,22.8,23.22,21.63,21.98,75.47,110.82,110.7625
2008-04-11,23.03,23.59,22.65,23.46,74.74,109.9,109.95214285714286
2008-04-14,23.46,24.35,23.46,23.82,72.39,109.62,
2008-04-15,23.84,23.99,22.72,22.78,68.15,109.9,
2008-04-16,22.03,22.09,20.5,20.53,66.36,112.47,
2008-04-17,21.13,21.54,20.35,20.37,65.09,113.52,113.55
2008-04-18,20.37,20.37,19.21,20.13,62.09,115.35,115.356
2008-04-21,20.15,21.12,20.15,20.5,63.43,115.31,115.31914285714285
2008-04-22,20.47,21.6,20.47,20.87,62.84,114.42,114.40285714285714
2008-04-23,20.63,20.95,19.88,20.26,59.74,113.33,113.29171428571429
2008-04-24,20.26,20.77,19.21,20.06,62.75,114.27,114.286
2008-04-25,19.6,20.36,19.28,19.59,65.99,114.49,114.48428571428572
2008-04-28,20.14,20.25,19.37,19.64,66.48,114.61,114.59857142857142
2008-04-29,19.86,20.54,19.63,20.24,65.42,114.58,114.56657142857144
2008-04-30,20.24,20.81,19.69,20.79,64.69,112.48,112.35428571428571
2008-05-01,20.78,20.83,18.87,18.88,63.06,116.0,115.922
2008-05-02,18.87,19.11,17.97,18.18,63.68,117.49,117.56
2008-05-05,18.68,19.29,18.68,18.9,70.1,115.32,115.21971428571429
2008-05-06,18.9,19.57,18.11,18.21,69.04,117.63,117.70171428571429
2008-05-07,18.48,19.98,18.42,19.73,72.82,116.24,116.29142857142857
2008-05-08,19.73,19.92,18.62,19.4,73.45,114.99,114.966
2008-05-09,19.98,20.01,19.3,19.41,73.79,117.77,117.91028571428572
2008-05-12,19.17,19.48,16.92,17.79,72.0,117.42,
2008-05-13,17.79,19.63,17.76,17.98,68.62,117.93,
2008-05-14,17.98,17.98,16.19,17.66,71.18,118.92,
2008-05-15,17.65,17.84,16.25,16.3,71.16,121.05,
2008-05-16,16.3,17.92,16.3,16.47,75.77,119.49,
2008-05-19,16.47,17.89,15.82,17.01,76.63,117.96,
2008-05-20,17.02,18.42,17.02,17.58,79.8,117.44,
2008-05-21,17.64,18.89,17.01,18.59,80.12,114.51,
2008-05-22,18.92,19.11,17.82,18.05,83.62,114.41,114.42
2008-05-23,18.58,19.8,18.38,19.55,79.63,113.11,113.01571428571428
2008-05-27,20.78,20.95,19.42,19.64,79.35,113.38,113.31821428571428
2008-05-28,19.64,20.03,19.01,19.07,77.7,113.93,113.82357142857143
2008-05-29,19.08,19.17,17.54,18.14,74.2,114.83,114.7325
2008-05-30,18.14,18.21,17.56,17.83,73.46,113.53,113.44000000000001
2008-06-02,17.83,20.45,17.83,19.83,78.6,114.39,114.29
2008-06-03,19.8,21.0,18.89,20.24,79.72,114.6,114.52142857142857
2008-06-04,20.64,21.31,19.76,20.8,81.04,114.37,114.22107142857143
2008-06-05,20.54,20.59,18.62,18.63,79.35,114.76,114.77000000000001
2008-06-06,18.63,23.79,18.63,23.56,88.78,113.55,113.39785714285715
2008-06-09,23.56,24.47,20.78,23.12,92.23,114.98,114.965
2008-06-10,24.37,24.42,22.31,23.18,91.98,114.3,114.19214285714285
2008-06-11,23.44,24.3,22.86,24.12,93.87,113.2,113.07142857142857
2008-06-12,23.61,23.98,19.46,23.33,92.41,113.97,113.85249999999999
2008-06-13,23.02,23.14,21.04,21.22,86.91,113.77,113.79714285714286
2008-06-16,21.22,22.84,20.73,20.95,84.17,114.71,
2008-06-17,20.96,21.42,20.02,21.13,80.89,115.71,
2008-06-18,21.67,22.86,21.26,22.24,81.56,112.74,
2008-06-19,22.24,22.61,20.91,21.58,77.91,113.44,113.47
2008-06-20,21.58,23.7,21.58,22.87,78.35,113.13,113.17285714285714
2008-06-23,22.89,23.14,22.52,22.64,78.37,113.59,113.66571428571429
2008-06-24,22.69,23.48,21.68,22.42,77.41,112.2,112.19285714285715
2008-06-25,22.42,22.42,20.34,21.14,76.01,110.7,110.5957142857143
2008-06-26,22.23,23.99,22.15,23.93,79.87,109.67,109.61500000000001
2008-06-27,23.75,24.56,23.3,23.44,79.54,110.52,110.44285714285715
2008-06-30,24.25,24.26,23.27,23.95,79.66,112.0,111.94
2008-07-01,25.14,25.57,23.64,23.65,79.44,112.69,112.67714285714285
2008-07-02,23.4,25.96,22.7,25.92,79.19,110.96,110.8782142857143
2008-07-03,25.92,26.08,24.44,24.79,76.44,111.72,111.64
2008-07-07,25.48,26.91,24.73,25.78,75.43,111.75,111.75642857142857
2008-07-08,25.72,26.05,23.02,23.15,76.03,112.21,111.975
2008-07-09,23.16,25.39,22.59,25.23,81.69,110.25,110.09285714285714
2008-07-10,25.22,26.62,25.07,25.59,79.94,110.91,110.75
2008-07-11,25.56,29.44,25.56,27.49,77.18,110.87,110.80214285714285
2008-07-14,27.49,29.3,26.9,28.48,78.83,111.11,
2008-07-15,28.47,30.81,27.01,28.54,73.07,110.81,
2008-07-16,28.19,38.84,24.87,25.1,73.22,111.93,
2008-07-17,24.58,25.5,23.99,25.01,72.46,113.93,113.88
2008-07-18,25.01,25.19,23.78,24.05,70.29,113.85,113.77057142857143
2008-07-21,24.05,24.58,23.04,23.05,71.6,114.1,114.06142857142858
2008-07-22,24.02,24.08,21.05,21.18,68.39,113.2,112.90285714285714
2008-07-23,21.23,22.08,20.73,21.31,67.25,115.06,115.07314285714286
2008-07-24,21.31,23.61,21.31,23.44,74.9,113.19,113.15
2008-07-25,23.45,23.45,22.31,22.91,73.7,113.9,113.83857142857143
2008-07-28,22.91,24.62,22.91,24.23,74.9,111.49,111.42514285714286
2008-07-29,24.2,24.22,21.96,22.03,71.03,112.18,112.10799999999999
2008-07-30,22.03,22.31,20.99,21.21,67.21,112.11,112.02371428571428
2008-07-31,22.33,22.96,21.45,22.94,72.95,110.66,110.636
2008-08-01,22.66,23.37,22.35,22.57,72.73,111.38,111.41857142857143
2008-08-04,23.53,23.86,22.94,23.49,73.17,111.2,111.20714285714286
2008-08-05,22.99,22.99,20.06,21.14,70.28,109.69,109.67428571428572
2008-08-06,21.66,21.66,19.75,20.23,71.6,113.22,113.33428571428571
2008-08-07,20.23,21.46,20.23,21.15,73.11,111.97,112.104
2008-08-08,21.15,21.69,20.11,20.66,73.05,113.33,113.46628571428572
2008-08-11,20.66,20.96,19.66,20.12,75.59,111.55,
2008-08-12,20.64,21.51,20.38,21.17,72.4,111.26,
2008-08-13,21.57,22.11,20.8,21.55,79.41,111.76,
2008-08-14,22.3,22.3,20.07,20.34,74.37,113.07,
2008-08-15,20.24,20.65,19.57,19.58,74.1,113.21,
2008-08-18,19.58,21.44,19.58,20.98,72.85,112.29,
2008-08-19,21.76,22.14,21.28,21.28,77.5,111.4,
2008-08-20,21.3,21.67,20.39,20.42,73.42,111.95,
2008-08-21,20.43,21.08,18.94,19.82,73.75,111.9,111.89
2008-08-22,19.83,19.83,18.64,18.81,73.56,111.8,111.84035714285714
2008-08-25,18.78,21.22,18.78,20.97,77.03,110.34,110.25428571428571
2008-08-26,20.98,21.27,20.48,20.49,73.14,110.8,110.71678571428572
2008-08-27,20.48,20.67,19.53,19.76,72.0,110.51,110.52499999999999
2008-08-28,19.36,19.66,19.22,19.43,68.05,111.21,111.245
2008-08-29,19.43,20.71,19.43,20.65,68.07,110.58,110.55
2008-09-02,20.65,22.3,20.47,21.99,69.65,110.38,110.39428571428572
2008-09-03,21.99,22.3,21.39,21.43,69.93,110.5,110.59607142857142
2008-09-04,22.02,24.15,21.91,24.03,72.38,110.48,110.47
2008-09-05,24.54,24.71,22.97,23.06,70.39,109.46,109.39535714285714
2008-09-08,22.22,24.06,22.12,22.64,67.94,109.1,109.12357142857142
2008-09-09,22.69,25.68,22.58,25.47,70.68,108.57,108.50428571428571
2008-09-10,25.47,25.48,23.8,24.52,70.63,109.49,109.43571428571428
2008-09-11,25.38,26.25,24.39,24.39,71.03,110.5,110.485
2008-09-12,24.8,26.67,24.8,25.66,70.26,110.15,110.12571428571428
2008-09-15,25.66,31.87,25.66,31.7,79.37,110.74,
2008-09-16,31.7,33.7,30.24,30.3,74.38,112.29,
2008-09-17,30.25,36.4,30.25,36.22,93.04,112.97,
2008-09-18,36.1,42.16,33.1,33.1,89.33,117.42,117.58
2008-09-19,33.07,33.08,27.95,32.07,79.37,114.48,114.46600000000001
2008-09-22,32.4,34.22,30.81,33.85,83.92,114.32,114.38942857142857
2008-09-23,33.85,36.08,32.63,35.72,84.77,111.63,111.63285714285715
2008-09-24,35.7,36.71,34.16,35.19,86.66,111.58,111.60257142857142
2008-09-25,35.19,35.19,32.45,32.82,82.96,112.53,112.568
2008-09-26,32.82,36.4,32.82,34.74,87.81,110.56,110.50742857142858
2008-09-29,36.92,48.4,36.92,46.72,99.86,111.33,111.306
2008-09-30,43.77,43.8,38.86,39.39,92.23,111.43,111.35142857142857
2008-10-01,39.39,42.38,39.39,39.81,89.76,112.14,112.02371428571428
2008-10-02,39.82,46.48,39.82,45.26,95.29,112.24,112.192
2008-10-03,45.22,45.52,41.51,45.14,94.68,114.17,114.16
2008-10-06,45.12,58.24,45.12,52.05,104.82,112.09,112.11885714285714
2008-10-07,52.05,54.19,47.03,53.68,106.47,110.2,110.20228571428572
2008-10-08,53.68,59.06,51.9,57.53,104.99,111.04,110.9657142857143
2008-10-09,57.57,64.92,52.54,63.92,108.05,109.58,109.5
2008-10-10,65.85,76.94,28.13,69.95,116.0,107.23,107.10228571428571
2008-10-13,69.95,71.42,54.69,54.99,110.07,109.73,
2008-10-14,55.1,59.81,46.35,55.13,105.64,113.55,
2008-10-15,55.69,69.47,55.69,69.25,114.93,118.94,
2008-10-16,69.21,81.17,66.51,67.61,119.48,113.18,
2008-10-17,67.65,74.48,59.82,70.33,117.45,118.81,
2008-10-20,70.4,70.4,52.7,52.97,115.98,124.83,
2008-10-21,52.95,56.37,50.91,53.11,114.28,120.38,
2008-10-22,63.12,72.56,53.0,69.65,123.31,119.34,
2008-10-23,68.03,79.43,51.83,67.8,121.61,120.69,120.96
2008-10-24,67.8,89.53,67.8,79.13,128.09,116.67,116.68392857142858
2008-10-27,79.13,81.65,71.29,80.06,134.87,116.94,117.00857142857143
2008-10-28,73.3,78.98,65.66,66.96,127.46,125.95,126.27571428571429
2008-10-29,66.96,71.14,62.72,69.96,124.73,120.15,120.28
2008-10-30,69.83,69.83,62.67,62.9,121.52,124.02,123.92999999999999
2008-10-31,62.93,65.85,56.73,59.89,116.94,122.19,122.36714285714285
2008-11-03,60.17,60.77,53.63,53.68,116.19,117.13,116.97428571428571
2008-11-04,53.68,53.68,44.25,47.73,116.29,117.78,117.52142857142857
2008-11-05,47.73,55.62,46.87,54.56,117.03,129.35,128.91071428571428
2008-11-06,56.71,64.78,55.6,63.68,125.0,122.15,121.725
2008-11-07,63.68,63.68,56.03,56.1,116.37,122.85,122.03392857142858
2008-11-10,56.09,62.09,54.63,59.98,116.53,126.27,125.72357142857143
2008-11-11,59.98,64.73,58.58,61.44,114.11,120.67,120.37071428571429
2008-11-12,61.52,67.19,61.52,66.46,123.26,121.11,120.77285714285715
2008-11-13,66.45,69.99,58.66,59.83,117.12,124.98,123.99249999999999
2008-11-14,62.6,66.31,59.75,66.31,118.34,118.59,117.8442857142857
2008-11-17,69.57,69.59,65.1,69.15,115.1,113.4,
2008-11-18,70.09,73.13,67.18,67.64,106.9,116.05,
2008-11-19,68.46,75.0,67.34,74.26,102.48,115.86,
2008-11-20,74.26,81.48,72.76,80.86,106.71,114.93,114.9
2008-11-21,80.74,80.74,71.63,72.67,99.48,118.88,118.875
2008-11-24,71.19,71.35,61.81,64.7,92.31,116.16,115.81571428571428
2008-11-25,64.76,65.49,60.25,60.9,90.28,114.1,113.60357142857143
2008-11-26,60.9,62.5,54.62,54.92,89.32,113.3,113.11428571428571
2008-11-28,56.02,56.82,50.5,55.84,88.41,113.12,112.94714285714286
2008-12-01,60.47,68.6,60.36,68.51,90.49,112.75,112.71357142857143
2008-12-02,66.68,67.01,62.31,62.98,87.08,112.2,112.01857142857142
2008-12-03,62.98,65.37,60.18,60.72,84.72,112.55,112.375
2008-12-04,62.19,65.08,60.21,63.64,83.94,111.77,111.50999999999999
2008-12-05,63.64,66.54,59.26,59.93,82.9,116.45,115.90821428571428
2008-12-08,58.86,59.87,57.35,58.49,82.1,120.77,120.13928571428572
2008-12-09,59.48,59.57,56.37,58.91,80.75,118.58,118.04714285714286
2008-12-10,58.91,58.91,53.79,55.73,86.46,119.51,118.79142857142857
2008-12-11,55.08,56.44,52.94,55.78,88.68,121.83,120.98
2008-12-12,55.78,58.84,54.26,54.28,86.27,116.24,115.81142857142856
2008-12-15,55.68,58.49,55.68,56.76,82.03,115.86,
2008-12-16,56.76,56.76,50.91,52.37,79.99,119.25,
2008-12-17,52.0,52.19,49.36,49.84,75.17,115.07,
2008-12-18,49.84,49.84,44.5,47.34,81.26,116.55,116.59
2008-12-19,46.01,46.01,41.29,44.93,87.69,118.73,118.91085714285714
2008-12-22,44.93,46.69,42.75,44.56,87.04,115.16,114.45942857142857
2008-12-23,43.19,45.39,41.68,45.02,86.39,112.01,111.92571428571429
2008-12-24,45.02,45.02,44.15,44.21,85.1,112.31,112.24514285714285
2008-12-26,44.27,44.36,42.92,43.38,83.74,112.56,112.56828571428571
2008-12-29,43.35,46.24,42.16,43.9,83.96,113.77,113.68771428571428
2008-12-30,43.99,44.29,41.63,41.63,80.89,116.08,116.03685714285714
2008-12-31,41.63,41.63,37.96,40.0,85.6,116.5,116.40485714285714
2009-01-02,39.58,39.82,36.88,39.19,84.41,124.21,123.5
2009-01-05,39.24,40.22,38.3,39.08,90.89,116.12,115.97
2009-01-06,38.06,39.33,37.34,38.56,90.33,115.49,115.26857142857143
2009-01-07,38.56,43.82,38.56,43.39,93.99,118.21,118.14285714285714
2009-01-08,43.38,44.6,42.56,42.56,93.14,118.24,117.872
2009-01-09,41.18,43.13,41.05,42.82,91.52,118.82,118.79171428571428
2009-01-12,42.06,46.62,41.94,45.84,93.26,118.36,
2009-01-13,45.84,47.08,43.23,43.27,92.5,118.22,
2009-01-14,46.24,51.55,46.14,49.14,99.88,119.99,
2009-01-15,49.14,55.16,49.14,51.0,96.44,124.7,
2009-01-16,51.0,51.0,45.96,46.11,98.79,126.05,
2009-01-20,50.12,57.36,49.27,56.65,104.02,119.17,
2009-01-21,51.52,54.12,46.15,46.42,100.81,120.58,
2009-01-22,50.65,51.76,46.51,47.29,98.87,117.76,117.19
2009-01-23,50.39,51.11,46.43,47.27,95.7,121.31,121.0182142857143
2009-01-26,47.89,47.93,44.29,45.69,96.17,120.65,120.84714285714286
2009-01-27,45.11,45.93,42.2,42.25,95.48,119.68,119.92928571428571
2009-01-28,42.25,42.25,33.48,39.66,98.22,122.39,122.32928571428572
2009-01-29,41.34,43.03,41.12,42.63,98.98,119.92,119.9375
2009-01-30,42.63,45.53,42.09,44.84,98.72,115.88,115.90857142857142
2009-02-02,49.42,49.54,45.26,45.52,96.48,123.95,123.51392857142858
2009-02-03,45.52,45.52,42.43,43.06,92.25,125.25,124.83857142857143
2009-02-04,43.06,44.52,41.39,43.85,91.57,127.68,127.345
2009-02-05,43.83,46.23,42.32,43.73,92.26,122.63,122.56
2009-02-06,43.71,43.71,41.2,43.37,94.01,122.27,121.98142857142857
2009-02-09,45.4,45.45,43.04,43.64,94.38,122.62,122.34714285714286
2009-02-10,45.14,48.12,44.18,46.67,95.98,118.94,118.92178571428572
2009-02-11,46.67,46.67,44.5,44.53,94.67,122.57,122.70142857142856
2009-02-12,44.52,48.63,41.21,41.25,91.04,114.51,114.30250000000001
2009-02-13,41.6,43.02,40.73,42.93,91.93,120.58,120.61785714285713
2009-02-17,48.14,51.18,46.96,48.66,95.07,118.1,
2009-02-18,48.66,50.29,46.0,48.46,89.11,127.01,
2009-02-19,48.54,48.54,44.81,47.08,88.27,119.41,119.37
2009-02-20,47.08,52.04,47.08,49.3,90.66,119.93,119.925
2009-02-23,49.3,53.16,48.97,52.62,93.02,116.63,116.62
2009-02-24,52.5,52.56,44.28,45.49,89.13,114.2,114.10571428571428
2009-02-25,45.73,47.23,42.84,44.67,88.93,114.97,114.93214285714285
2009-02-26,43.75,45.33,41.91,44.66,89.37,113.96,113.905
2009-02-27,44.66,47.34,44.46,46.35,91.08,114.25,114.09285714285714
2009-03-02,49.96,53.25,48.35,52.65,93.86,115.42,115.40857142857143
2009-03-03,52.65,52.76,48.5,50.93,90.75,113.77,113.67714285714287
2009-03-04,48.02,48.83,45.02,47.56,85.6,118.16,118.20428571428572
2009-03-05,47.56,51.95,46.98,50.17,89.88,113.73,113.74000000000001
2009-03-06,50.17,51.95,47.65,49.33,88.26,115.45,115.35785714285714
2009-03-09,49.35,51.34,48.4,49.68,90.09,113.11,112.95214285714286
2009-03-10,49.68,49.68,43.88,44.37,85.36,115.59,115.47428571428571
2009-03-11,43.35,44.26,42.36,43.61,85.35,112.71,112.60428571428571
2009-03-12,43.53,43.98,40.75,41.18,81.81,112.96,112.74249999999999
2009-03-13,40.99,43.52,40.03,42.36,78.13,113.94,113.88428571428572
2009-03-16,42.36,44.23,42.36,43.74,80.07,114.28,
2009-03-17,44.23,44.59,40.74,40.8,75.21,118.32,
2009-03-18,41.14,42.39,38.98,40.06,74.8,117.3,
2009-03-19,40.06,44.17,38.79,43.68,73.56,116.53,116.59
2009-03-20,43.6,47.63,43.07,45.89,73.11,117.06,116.99035714285714
2009-03-23,45.89,45.89,41.27,43.23,71.39,117.95,118.06
2009-03-24,43.24,44.0,41.63,42.93,70.16,112.12,111.94821428571429
2009-03-25,42.35,44.2,40.81,42.25,71.76,114.22,114.00785714285713
2009-03-26,42.25,42.25,40.17,40.36,70.97,113.75,113.7675
2009-03-27,40.36,42.13,40.36,41.04,71.68,111.09,110.9657142857143
2009-03-30,44.86,46.28,44.86,45.54,74.68,113.71,113.61285714285715
2009-03-31,45.54,45.54,42.27,44.14,72.71,112.87,112.74571428571429
2009-04-01,45.42,45.6,42.26,42.28,70.39,114.49,114.44821428571429
2009-04-02,42.28,42.68,40.3,42.04,69.61,111.9,111.975
2009-04-03,42.03,42.03,39.64,39.7,67.86,112.04,112.24035714285715
2009-04-06,41.96,43.02,40.83,40.93,68.26,114.39,114.36142857142858
2009-04-07,41.48,42.5,40.36,40.39,66.39,111.16,111.06
2009-04-08,40.39,40.86,38.7,38.85,68.72,111.49,111.49142857142857
2009-04-09,37.22,37.74,36.53,36.53,65.22,108.18,108.21000000000001
2009-04-13,38.32,38.91,37.51,37.81,67.51,110.39,
2009-04-14,37.95,38.5,36.88,37.67,65.79,109.23,
2009-04-15,37.85,38.06,36.1,36.17,64.95,108.62,
2009-04-16,36.04,36.8,34.88,35.79,69.72,114.45,114.55
2009-04-17,35.36,35.52,33.68,33.94,68.92,111.75,111.65857142857143
2009-04-20,33.94,39.58,33.94,39.18,75.48,113.99,114.07314285714286
2009-04-21,40.27,40.29,36.95,37.14,75.48,114.63,114.64428571428572
2009-04-22,37.14,38.19,36.01,38.1,75.52,112.72,112.70742857142858
2009-04-23,38.1,38.52,37.01,37.15,72.81,113.4,113.384
2009-04-24,36.86,37.53,36.37,36.82,72.04,114.6,114.62942857142858
2009-04-27,39.46,39.52,37.97,38.32,74.16,114.12,114.07371428571429
2009-04-28,39.43,39.64,37.42,37.95,74.22,114.13,114.10542857142858
2009-04-29,37.95,37.95,35.37,36.08,72.12,114.6,114.59171428571429
2009-04-30,36.09,36.71,34.5,36.5,71.42,114.86,114.874
2009-05-01,36.5,36.88,34.88,35.3,69.82,115.21,115.26285714285714
2009-05-04,35.3,36.24,34.31,34.53,70.36,115.4,115.43971428571429
2009-05-05,34.54,35.14,33.36,33.36,70.77,113.65,113.65542857142857
2009-05-06,33.36,33.7,32.43,32.45,71.15,113.34,113.32285714285715
2009-05-07,32.1,34.56,31.91,33.44,72.79,112.7,112.714
2009-05-08,32.36,32.72,31.19,32.05,74.66,114.96,115.11742857142856
2009-05-11,32.05,34.08,32.05,32.87,76.86,113.99,
2009-05-12,32.68,33.29,31.57,31.8,77.53,115.66,
2009-05-13,32.97,33.99,32.56,33.65,81.87,116.32,
2009-05-14,33.65,33.96,31.32,31.37,79.38,116.5,
2009-05-15,31.36,33.61,30.59,33.12,80.29,119.06,
2009-05-18,32.91,32.91,30.0,30.24,76.41,119.21,
2009-05-19,30.23,30.32,28.35,28.8,74.4,117.92,
2009-05-20,27.47,29.16,26.57,29.03,77.45,113.96,
2009-05-21,29.03,32.77,29.03,31.35,84.69,117.1,116.99
2009-05-22,31.36,32.71,30.57,32.63,87.28,118.81,118.78821428571428
2009-05-26,34.57,34.57,30.38,30.62,91.23,120.89,120.82178571428571
2009-05-27,30.8,32.53,29.62,32.36,90.86,120.04,120.01357142857144
2009-05-28,31.54,33.32,31.1,31.67,88.19,122.33,122.345
2009-05-29,31.67,31.67,28.85,28.92,83.91,122.99,123.14
2009-06-01,28.7,30.05,28.45,30.04,84.23,122.09,121.98785714285714
2009-06-02,30.04,30.13,28.3,29.63,83.82,120.94,120.89
2009-06-03,29.62,31.79,29.62,31.02,84.89,121.19,121.08035714285714
2009-06-04,31.02,31.02,29.92,30.18,81.26,119.37,119.25999999999999
2009-06-05,29.39,30.81,28.85,29.62,82.11,118.83,118.70071428571428
2009-06-08,30.84,31.82,29.33,29.77,82.69,119.44,119.35642857142858
2009-06-09,29.77,29.77,27.79,28.27,81.64,119.24,119.065
2009-06-10,26.9,29.74,26.9,28.46,86.92,121.61,121.55142857142857
2009-06-11,27.36,28.11,26.81,28.11,85.22,117.88,117.9675
2009-06-12,28.08,28.5,27.73,28.15,85.43,120.98,120.99785714285714
2009-06-15,29.7,31.09,29.64,30.81,85.05,118.2,
2009-06-16,30.81,32.75,30.07,32.68,88.49,125.05,
2009-06-17,31.19,32.77,30.64,31.54,86.49,123.17,
2009-06-18,31.54,31.54,29.6,30.03,83.87,123.72,123.78
2009-06-19,29.16,29.32,27.56,27.99,84.15,123.78,123.84428571428572
2009-06-22,30.4,32.05,30.3,31.17,86.1,116.79,116.64714285714285
2009-06-23,31.3,31.54,30.19,30.58,85.64,116.01,115.82714285714286
2009-06-24,30.58,30.58,28.79,29.05,83.96,116.97,116.92457142857143
2009-06-25,29.45,29.56,26.3,26.36,82.57,115.51,115.516
2009-06-26,27.09,27.22,25.76,25.93,77.6,115.72,115.72571428571429
2009-06-29,25.93,27.18,25.29,25.35,79.69,117.16,117.23657142857144
2009-06-30,25.36,27.38,25.02,26.35,79.6,117.03,116.89457142857144
2009-07-01,25.73,26.31,24.8,26.22,79.68,116.68,116.68285714285715
2009-07-02,26.22,28.62,26.22,27.95,81.32,115.08,114.922
2009-07-06,30.32,30.6,28.99,29.0,83.2,118.41,118.27057142857143
2009-07-07,29.0,30.94,28.9,30.85,85.63,116.35,116.17685714285714
2009-07-08,30.85,33.05,30.43,31.3,86.17,114.25,114.11714285714285
2009-07-09,30.23,30.49,29.28,29.78,82.88,115.2,115.11
2009-07-10,29.78,30.34,28.82,29.02,81.42,113.2,113.00999999999999
2009-07-13,28.36,29.24,25.42,26.31,80.58,113.3,
2009-07-14,26.31,26.84,24.99,25.02,81.52,115.44,
2009-07-15,25.05,26.06,23.83,25.89,85.64,115.75,
2009-07-16,25.96,26.18,24.51,25.42,83.64,116.89,
2009-07-17,25.42,25.55,23.88,24.34,82.49,116.43,
2009-07-20,25.06,25.42,24.26,24.4,80.98,116.31,
2009-07-21,24.28,25.14,23.81,23.87,80.45,116.79,
2009-07-22,24.05,24.14,23.24,23.47,75.3,112.41,
2009-07-23,23.71,24.05,23.21,23.43,72.8,112.07,112.08
2009-07-24,23.87,23.87,23.0,23.09,73.01,114.04,113.83214285714286
2009-07-27,24.06,24.86,24.02,24.28,74.35,114.05,113.85142857142857
2009-07-28,24.28,25.61,24.28,25.01,76.68,116.18,116.03357142857143
2009-07-29,25.47,26.18,25.41,25.61,77.1,116.74,116.66642857142857
2009-07-30,25.4,25.76,24.85,25.4,73.88,115.41,115.2625
2009-07-31,25.4,26.22,24.93,25.92,73.47,108.94,108.60857142857142
2009-08-03,25.92,26.49,25.56,25.56,72.79,114.03,114.05642857142857
2009-08-04,25.55,26.16,24.89,24.89,71.05,114.94,114.98571428571428
2009-08-05,24.91,25.85,24.86,24.9,70.13,117.11,116.91107142857143
2009-08-06,24.9,26.15,24.47,25.67,73.17,115.22,115.325
2009-08-07,24.71,24.95,23.98,24.76,71.53,113.77,113.89178571428572
2009-08-10,24.76,25.82,24.76,24.99,72.59,117.02,117.25142857142858
2009-08-11,24.98,26.98,24.98,25.99,75.6,117.61,117.84607142857142
2009-08-12,25.99,26.5,25.11,25.45,81.28,119.64,120.00857142857143
2009-08-13,25.34,26.15,24.71,24.71,79.96,121.85,122.1275
2009-08-14,24.77,25.94,24.26,24.27,80.45,118.75,118.98285714285714
2009-08-17,24.27,28.39,24.27,27.89,84.22,116.58,
2009-08-18,27.89,27.89,26.08,26.18,81.11,118.11,
2009-08-19,28.08,28.14,26.14,26.26,76.32,121.73,
2009-08-20,26.45,26.45,24.75,25.09,76.7,121.53,121.46
2009-08-21,24.49,25.06,23.91,25.01,76.55,122.9,123.07285714285713
2009-08-24,25.01,25.7,25.01,25.14,78.47,121.16,121.33428571428571
2009-08-25,25.13,25.13,23.68,24.92,77.76,119.05,119.11714285714285
2009-08-26,24.91,25.56,24.69,24.95,77.97,118.71,118.73642857142856
2009-08-27,25.13,25.89,24.43,24.68,75.59,117.71,117.63
2009-08-28,24.44,25.5,24.28,24.76,74.41,117.67,117.57571428571428
2009-08-31,24.76,27.01,24.76,26.01,77.12,120.14,120.24642857142857
2009-09-01,26.01,29.23,26.0,29.15,81.0,118.26,118.33428571428571
2009-09-02,29.14,29.57,28.41,28.9,77.07,118.41,118.50964285714286
2009-09-03,28.9,28.9,26.98,27.1,75.48,119.38,119.32
2009-09-04,26.98,26.98,24.86,25.26,77.51,119.73,119.66499999999999
2009-09-08,25.26,26.15,25.26,25.62,75.69,120.55,120.39928571428571
2009-09-09,25.66,25.93,24.23,24.32,76.17,120.83,120.65857142857143
2009-09-10,24.4,24.76,22.82,23.55,71.39,121.26,121.2075
2009-09-11,23.49,24.33,22.48,24.15,72.36,120.23,120.21571428571428
2009-09-14,25.39,25.39,23.32,23.86,71.14,121.0,
2009-09-15,23.9,24.27,23.07,23.42,72.25,118.46,
2009-09-16,23.29,23.92,22.78,23.69,71.7,113.62,
2009-09-17,23.99,24.07,22.79,23.65,69.36,118.95,118.87
2009-09-18,23.65,24.43,23.14,23.92,70.39,117.02,116.90314285714285
2009-09-21,25.34,25.51,23.71,24.06,71.0,119.14,119.2342857142857
2009-09-22,23.81,23.98,23.06,23.08,68.26,118.16,118.21714285714286
2009-09-23,22.9,23.69,22.19,23.49,68.18,117.44,117.48857142857143
2009-09-24,23.67,25.37,23.44,24.95,70.78,116.65,116.644
2009-09-25,25.18,26.34,24.81,25.61,71.74,118.01,118.01285714285714
2009-09-28,26.26,26.4,24.85,24.88,70.54,119.1,119.08142857142857
2009-09-29,24.88,25.28,24.54,25.19,68.99,119.84,119.87485714285715
2009-09-30,25.19,26.45,24.76,25.61,71.32,120.86,120.96457142857143
2009-10-01,25.98,28.42,25.98,28.27,76.25,117.81,117.834
2009-10-02,29.34,29.56,27.98,28.68,76.13,118.55,118.53285714285715
2009-10-05,29.34,29.34,26.57,26.84,73.56,118.5,118.33
2009-10-06,26.39,26.41,25.19,25.7,71.5,117.82,117.6662857142857
2009-10-07,25.78,25.82,24.57,24.68,71.01,117.65,117.42428571428572
2009-10-08,24.68,24.69,23.9,24.18,68.1,119.92,119.936
2009-10-09,24.39,24.54,22.99,23.12,65.54,120.87,121.02542857142858
2009-10-12,23.12,23.53,22.67,23.01,64.97,119.55,
2009-10-13,23.0,24.07,22.74,22.99,64.97,120.77,
2009-10-14,22.08,22.89,21.55,22.86,68.84,121.31,
2009-10-15,23.51,23.53,21.49,21.72,67.07,120.03,
2009-10-16,21.72,22.6,20.98,21.43,69.85,119.05,
2009-10-19,21.41,22.46,20.91,21.49,67.76,117.25,
2009-10-20,21.55,21.76,20.9,20.9,68.63,116.9,
2009-10-21,20.9,22.48,20.1,22.22,78.16,118.6,
2009-10-22,22.22,22.77,20.33,20.69,77.6,118.09,117.97
2009-10-23,20.7,22.59,20.34,22.27,79.88,117.51,117.43821428571428
2009-10-26,23.06,24.86,21.89,24.31,82.28,118.33,118.27714285714286
2009-10-27,24.38,25.22,24.03,24.83,80.41,118.9,118.91214285714287
2009-10-28,24.83,27.94,24.83,27.91,85.43,118.37,118.32071428571427
2009-10-29,27.16,27.19,24.68,24.76,78.1,120.82,120.77
2009-10-30,24.76,31.59,24.76,30.69,89.9,122.75,122.98
2009-11-02,30.7,31.84,28.07,29.78,91.98,121.9,121.96571428571428
2009-11-03,30.62,30.8,28.77,28.81,90.16,118.53,118.52857142857142
2009-11-04,28.81,28.81,26.61,27.72,85.97,119.75,119.74214285714285
2009-11-05,27.28,27.39,25.41,25.43,79.1,119.83,119.69999999999999
2009-11-06,26.17,26.17,24.06,24.19,73.72,120.14,119.98535714285714
2009-11-09,24.19,24.24,22.78,23.15,68.83,114.4,114.53857142857143
2009-11-10,23.15,23.53,22.78,22.84,68.49,119.65,119.54321428571428
2009-11-11,22.84,23.68,21.61,23.04,73.05,119.21,119.09285714285714
2009-11-12,23.04,24.61,22.91,24.24,80.77,118.38,118.3375
2009-11-13,24.25,24.43,23.22,23.36,80.28,120.72,120.77571428571429
2009-11-16,23.36,23.42,22.02,22.89,83.31,114.53,
2009-11-17,22.81,23.33,22.27,22.41,83.97,119.32,
2009-11-18,22.35,22.65,21.63,21.63,79.15,114.75,
2009-11-19,21.63,24.2,21.63,22.63,79.27,119.35,119.31
2009-11-20,23.45,23.45,22.14,22.19,75.56,120.59,120.73357142857144
2009-11-23,21.98,21.98,20.9,21.16,75.84,122.85,123.12571428571428
2009-11-24,21.28,21.87,20.35,20.47,75.05,122.47,122.85464285714286
2009-11-25,20.23,20.57,20.05,20.48,73.91,121.98,122.29571428571428
2009-11-27,25.75,25.93,23.12,24.85,83.24,120.82,121.14428571428572
2009-11-30,24.95,25.57,24.19,24.51,81.58,122.91,123.13571428571429
2009-12-01,24.51,24.51,21.88,21.92,80.74,122.96,123.21857142857142
2009-12-02,21.89,22.19,21.01,21.12,78.26,119.0,119.36857142857143
2009-12-03,21.15,22.5,20.61,22.46,78.52,117.04,117.175
2009-12-04,21.18,22.76,20.62,21.25,77.18,118.01,118.28607142857142
2009-12-07,22.32,22.46,21.6,22.1,77.75,117.17,117.55
2009-12-08,23.28,23.97,22.84,23.69,79.57,117.89,118.32928571428572
2009-12-09,23.21,24.2,22.54,22.66,84.93,118.75,119.13142857142857
2009-12-10,22.66,22.66,21.77,22.32,84.56,121.35,121.5875
2009-12-11,21.45,22.31,21.39,21.59,82.87,121.59,121.99642857142857
2009-12-14,21.59,21.59,20.57,21.15,81.64,125.3,
2009-12-15,21.09,21.87,20.91,21.49,80.99,123.84,
2009-12-16,21.5,21.5,20.46,20.54,82.05,117.13,
2009-12-17,21.89,22.86,21.4,22.51,83.56,121.83,122.04
2009-12-18,21.84,23.02,21.68,21.68,81.75,122.29,122.46771428571428
2009-12-21,21.46,21.51,20.28,20.49,79.62,124.33,124.59971428571428
2009-12-22,20.39,20.4,19.54,19.54,71.45,127.89,128.31571428571428
2009-12-23,19.54,19.97,19.35,19.71,69.81,127.15,127.55857142857143
2009-12-24,19.67,19.67,19.25,19.47,68.81,128.16,128.60399999999998
2009-12-28,20.29,20.53,19.9,19.93,69.89,125.79,126.2942857142857
2009-12-29,19.87,20.12,19.62,20.01,69.1,125.71,126.13342857142857
2009-12-30,20.36,20.44,19.93,19.96,70.36,125.65,126.11114285714285
2009-12-31,19.96,21.83,19.89,21.68,74.99,123.23,
2010-01-04,21.68,21.68,20.03,20.04,73.3,123.84,124.28571428571429
2010-01-05,20.05,20.13,19.34,19.35,70.36,122.99,123.41857142857143
2010-01-06,19.59,19.68,18.77,19.16,67.65,121.63,121.89999999999999
2010-01-07,19.68,19.71,18.7,19.06,67.15,120.17,120.38
2010-01-08,19.27,19.27,18.11,18.13,65.71,120.15,120.34914285714285
2010-01-11,16.93,17.74,16.86,17.55,64.87,119.1,
2010-01-12,17.95,19.46,17.95,18.25,70.42,120.66,
2010-01-13,17.94,18.72,17.56,17.85,75.53,125.89,
2010-01-14,18.16,18.27,17.38,17.63,74.52,125.06,
2010-01-15,17.63,19.02,17.63,17.91,74.27,124.32,
2010-01-19,18.63,18.85,17.33,17.58,73.5,124.28,
2010-01-20,18.51,19.69,18.44,18.68,80.36,124.1,
2010-01-21,18.59,22.3,18.27,22.27,88.82,121.99,122.05
2010-01-22,22.27,28.01,22.27,27.31,100.06,122.88,122.94642857142857
2010-01-25,27.32,27.32,24.61,25.41,90.58,122.54,122.58857142857143
2010-01-26,26.03,26.22,22.77,24.55,90.04,118.41,118.29142857142857
2010-01-27,24.81,25.69,23.14,23.14,85.86,118.98,118.89214285714286
2010-01-28,22.79,25.3,22.69,23.73,87.91,117.98,117.8925
2010-01-29,23.73,25.03,22.11,24.62,89.0,117.5,117.50714285714287
2010-02-01,24.33,24.33,22.58,22.59,83.73,119.22,119.13642857142858
2010-02-02,22.59,22.99,21.08,21.48,80.98,120.46,120.39571428571429
2010-02-03,22.11,22.11,21.33,21.6,80.55,119.95,119.96178571428571
2010-02-04,22.63,26.32,22.63,26.08,91.42,116.02,116.015
2010-02-05,25.69,29.22,25.37,26.11,88.22,118.75,118.71142857142857
2010-02-08,26.11,27.11,25.48,26.51,90.01,117.68,117.5657142857143
2010-02-09,26.51,26.56,24.78,26.0,88.8,120.43,120.17071428571428
2010-02-10,26.36,26.77,24.8,25.4,92.18,118.51,118.39285714285714
2010-02-11,25.82,26.11,23.87,23.96,89.59,120.13,119.9375
2010-02-12,23.96,25.54,22.73,22.73,88.16,113.71,113.69714285714285
2010-02-16,23.51,23.57,22.13,22.25,81.77,120.89,
2010-02-17,22.25,22.6,21.7,21.72,80.29,119.63,
2010-02-18,21.72,22.21,20.6,20.63,79.2,122.56,122.66
2010-02-19,21.07,21.14,19.71,20.02,77.97,118.53,118.4557142857143
2010-02-22,20.16,21.0,19.59,19.94,75.44,121.33,121.41714285714286
2010-02-23,20.39,21.94,20.06,21.37,77.82,120.82,120.985
2010-02-24,21.23,21.58,20.22,20.27,75.93,120.61,120.78857142857143
2010-02-25,22.03,22.68,20.06,20.1,75.3,121.28,121.45500000000001
2010-02-26,19.88,20.53,19.32,19.5,73.13,120.13,120.23142857142858
2010-03-01,19.93,19.94,19.18,19.26,73.24,120.8,121.01321428571428
2010-03-02,18.83,19.36,18.6,19.06,73.43,120.28,120.45857142857143
2010-03-03,18.95,19.3,18.42,18.83,72.61,119.03,119.09392857142858
2010-03-04,18.86,19.27,18.58,18.72,70.51,120.75,120.815
2010-03-05,18.06,18.15,17.23,17.42,71.06,118.03,118.06107142857142
2010-03-08,17.95,17.96,17.56,17.79,70.9,117.56,117.65
2010-03-09,18.18,18.19,17.51,17.92,71.49,116.64,116.75464285714285
2010-03-10,18.0,18.6,17.43,18.57,76.2,117.98,118.13
2010-03-11,18.9,19.34,18.06,18.06,76.16,117.48,117.7725
2010-03-12,17.97,18.53,17.58,17.58,73.74,118.96,119.25428571428571
2010-03-15,18.28,18.78,17.96,18.0,75.22,120.63,
2010-03-16,17.78,18.01,17.42,17.69,76.41,123.51,
2010-03-17,16.97,17.17,16.52,16.91,73.16,119.66,
2010-03-18,16.96,16.99,16.31,16.62,76.46,120.27,120.39
2010-03-19,16.17,17.57,16.17,16.97,76.68,121.97,122.16857142857143
2010-03-22,18.3,18.34,16.77,16.87,77.75,123.63,123.83971428571428
2010-03-23,16.84,17.09,16.21,16.35,78.31,121.18,121.35857142857144
2010-03-24,16.85,17.92,16.83,17.55,80.68,122.67,122.70228571428571
2010-03-25,17.07,18.54,16.62,18.4,83.82,122.14,122.242
2010-03-26,18.27,18.69,17.35,17.77,81.56,123.14,123.30971428571428
2010-03-29,18.17,18.28,17.57,17.59,78.75,123.2,123.38542857142856
2010-03-30,17.64,18.08,17.13,17.13,76.91,124.03,124.40628571428572
2010-03-31,17.66,17.92,17.29,17.59,77.49,123.7,123.86942857142857
2010-04-01,17.01,18.09,16.79,17.47,78.29,123.93,124.218
2010-04-05,17.96,18.16,17.02,17.02,76.97,123.78,124.06742857142856
2010-04-06,17.39,17.54,16.08,16.23,76.82,123.29,123.59028571428571
2010-04-07,16.72,17.21,16.16,16.62,78.16,123.27,123.54142857142858
2010-04-08,17.21,17.8,16.3,16.48,77.06,122.67,122.902
2010-04-09,16.32,16.65,16.06,16.14,78.24,124.36,124.72571428571428
2010-04-12,15.67,16.0,15.23,15.58,80.06,123.16,
2010-04-13,15.98,16.77,15.81,16.2,79.97,125.54,
2010-04-14,15.8,16.38,15.55,15.59,83.31,125.77,
2010-04-15,15.87,16.5,15.68,15.89,83.1,126.29,
2010-04-16,16.19,19.7,16.11,18.36,86.29,131.33,
2010-04-19,19.14,19.55,17.34,17.34,81.72,131.14,
2010-04-20,16.84,16.89,15.73,15.73,79.65,134.19,
2010-04-21,15.94,16.85,15.5,16.32,83.89,129.84,
2010-04-22,17.48,18.19,16.2,16.47,85.76,127.48,127.35
2010-04-23,16.62,16.71,16.12,16.62,88.14,126.13,126.29928571428572
2010-04-26,17.52,17.53,17.07,17.47,87.53,124.25,124.5
2010-04-27,18.13,23.2,17.94,22.81,103.23,124.98,125.28071428571428
2010-04-28,22.08,23.03,20.86,21.08,101.7,128.4,128.73
2010-04-29,20.37,20.37,18.44,18.44,92.44,129.28,129.515
2010-04-30,18.75,22.39,18.41,22.05,101.41,125.41,125.41714285714286
2010-05-03,22.41,22.41,19.61,20.19,95.68,125.35,125.41892857142857
2010-05-04,22.46,25.7,22.46,23.84,101.88,124.86,124.9657142857143
2010-05-05,25.96,27.23,23.75,24.91,105.59,122.82,122.94214285714285
2010-05-06,25.88,40.71,24.43,32.8,125.36,122.16,122.115
2010-05-07,32.76,42.15,31.71,40.95,135.38,123.86,123.875
2010-05-10,28.65,30.89,25.68,28.84,110.96,128.64,128.80214285714285
2010-05-11,31.04,31.04,25.86,28.32,113.95,127.09,126.74321428571427
2010-05-12,26.56,26.67,24.98,25.52,116.53,124.26,124.32571428571428
2010-05-13,26.17,26.85,24.3,26.68,123.17,126.2,126.0075
2010-05-14,28.4,33.24,28.4,31.24,128.34,128.47,128.39857142857142
2010-05-17,31.33,35.25,30.76,30.84,120.97,128.87,
2010-05-18,28.67,34.17,28.09,33.55,135.82,123.88,
2010-05-19,34.65,38.42,33.07,35.32,128.44,126.33,
2010-05-20,41.79,46.37,40.3,45.79,145.12,123.36,123.42
2010-05-21,47.66,48.2,38.95,40.1,130.67,125.56,125.67107142857144
2010-05-24,41.74,41.74,35.57,38.32,123.87,125.0,125.02
2010-05-25,43.15,43.74,34.59,34.61,119.36,123.28,123.23535714285714
2010-05-26,32.54,35.02,24.1,35.02,115.68,121.48,121.47785714285715
2010-05-27,30.24,31.03,29.54,29.68,107.64,125.73,125.62
2010-05-28,30.23,33.3,29.53,32.07,110.13,123.13,123.06714285714285
2010-06-01,34.87,35.68,31.82,35.54,109.92,119.63,119.39285714285714
2010-06-02,34.39,34.57,29.94,30.17,98.02,123.69,123.43392857142857
2010-06-03,29.65,31.2,29.12,29.46,95.61,123.83,123.57
2010-06-04,32.93,36.12,31.81,35.48,103.31,121.11,120.84214285714285
2010-06-07,35.66,36.8,34.43,36.57,102.76,119.21,119.00142857142858
2010-06-08,36.53,37.38,33.36,33.7,101.79,120.74,120.44714285714286
2010-06-09,32.33,34.12,30.23,33.73,111.77,119.97,119.70857142857143
2010-06-10,31.0,31.77,29.69,30.57,108.61,122.34,121.9175
2010-06-11,31.79,31.79,28.6,28.79,103.69,122.81,122.37142857142857
2010-06-14,27.94,28.72,26.98,28.58,99.92,121.69,
2010-06-15,27.68,27.84,25.68,25.87,99.0,124.8,
2010-06-16,26.72,26.72,25.34,25.92,93.67,121.48,
2010-06-17,25.59,26.64,25.05,25.05,89.65,122.13,121.97
2010-06-18,24.87,24.88,23.3,23.95,92.36,122.98,122.93742857142858
2010-06-21,22.9,25.64,22.87,24.88,96.01,121.73,121.52371428571429
2010-06-22,25.14,27.05,24.41,27.05,101.65,120.42,120.31857142857143
2010-06-23,26.93,28.55,26.54,26.91,98.93,119.84,119.66228571428572
2010-06-24,27.61,30.27,27.53,29.74,103.69,119.56,119.42999999999999
2010-06-25,29.64,30.41,28.07,28.53,97.51,119.37,119.21657142857143
2010-06-28,29.2,29.9,28.47,29.0,99.01,120.3,120.16114285714286
2010-06-29,31.22,35.39,31.22,34.13,104.0,118.13,118.02228571428572
2010-06-30,33.95,34.63,31.74,34.54,105.16,116.87,116.76657142857142
2010-07-01,34.41,37.58,32.72,32.86,100.69,116.76,116.568
2010-07-02,31.71,31.88,29.35,30.12,97.19,114.65,114.44142857142857
2010-07-06,28.82,31.15,27.96,29.65,97.58,116.01,115.81885714285714
2010-07-07,29.56,29.56,26.84,26.84,92.14,117.77,117.60285714285713
2010-07-08,26.5,27.42,24.22,25.71,89.85,117.22,116.968
2010-07-09,25.35,25.67,24.37,24.98,88.58,117.97,117.71714285714286
2010-07-12,24.66,25.14,23.53,24.43,91.75,118.72,
2010-07-13,23.29,24.57,23.12,24.56,90.8,119.33,
2010-07-14,24.61,25.8,24.18,24.89,96.13,120.07,
2010-07-15,25.08,27.24,24.74,25.14,97.75,118.58,
2010-07-16,25.77,28.16,25.71,26.25,101.57,118.67,
2010-07-19,27.02,27.3,25.12,25.97,102.58,118.78,
2010-07-20,27.35,27.4,23.79,23.93,98.89,119.07,
2010-07-21,23.61,26.63,23.59,25.64,97.02,117.29,
2010-07-22,24.37,24.85,23.72,24.63,93.2,118.22,118.02
2010-07-23,24.79,25.17,23.32,23.47,89.9,119.69,119.72107142857142
2010-07-26,24.37,24.61,22.7,22.73,88.55,119.29,119.33142857142856
2010-07-27,21.89,23.57,21.86,23.19,90.14,121.32,121.25178571428572
2010-07-28,23.93,24.54,22.24,24.25,90.71,121.91,121.81714285714285
2010-07-29,23.4,25.54,23.04,24.13,90.62,119.36,119.39
2010-07-30,25.47,27.32,23.35,23.5,89.55,119.53,119.57857142857142
2010-08-02,23.07,23.24,21.74,22.01,85.02,122.5,122.53464285714286
2010-08-03,22.44,23.06,21.98,22.63,85.04,121.39,121.41142857142857
2010-08-04,22.69,23.69,22.16,22.21,85.05,120.99,120.99714285714286
2010-08-05,23.04,23.13,22.07,22.1,86.52,120.43,120.45
2010-08-06,23.34,23.89,21.72,21.74,87.44,119.67,119.65428571428572
2010-08-09,21.85,22.87,21.36,22.14,87.86,123.75,123.50714285714285
2010-08-10,23.3,24.24,22.17,22.37,90.35,122.79,122.61535714285715
2010-08-11,24.96,26.1,24.96,25.39,102.65,118.45,118.27857142857142
2010-08-12,27.21,27.21,25.18,25.73,99.75,115.18,115.1825
2010-08-13,26.08,26.26,25.45,26.24,99.54,115.28,115.19142857142857
2010-08-16,27.41,28.1,25.38,26.1,98.73,121.1,
2010-08-17,24.72,24.89,23.71,24.33,93.25,121.96,
2010-08-18,24.3,25.23,23.4,24.59,91.3,121.26,
2010-08-19,24.48,26.78,24.26,26.44,91.96,120.26,120.35
2010-08-20,26.73,27.0,25.49,25.49,89.34,119.62,119.68892857142856
2010-08-23,25.97,25.97,24.62,25.66,87.66,118.38,118.35000000000001
2010-08-24,27.91,28.77,26.32,27.46,85.7,117.39,117.32428571428572
2010-08-25,28.3,28.92,26.46,26.7,82.64,117.01,117.0
2010-08-26,26.45,27.55,25.86,27.37,82.95,115.99,115.945
2010-08-27,26.5,28.11,24.41,24.45,79.0,116.03,116.02142857142857
2010-08-30,25.88,27.21,25.41,27.21,82.52,115.06,114.93714285714286
2010-08-31,27.58,27.83,25.93,26.05,81.49,115.02,115.01
2010-09-01,25.13,25.13,23.86,23.89,78.28,116.36,116.34071428571428
2010-09-02,24.23,24.31,23.15,23.19,79.05,116.74,116.655
2010-09-03,21.99,22.78,21.24,21.31,76.64,119.11,119.00642857142857
2010-09-07,22.77,23.94,22.77,23.8,78.98,118.73,118.52785714285714
2010-09-08,23.51,23.56,22.92,23.25,89.88,120.3,120.22714285714287
2010-09-09,22.22,23.24,22.14,22.81,87.97,119.31,119.32
2010-09-10,22.64,22.87,21.76,21.99,87.6,121.09,121.13857142857142
2010-09-13,21.06,22.05,20.93,21.21,87.33,121.89,
2010-09-14,21.69,21.97,20.85,21.56,87.95,120.98,
2010-09-15,22.55,22.8,22.1,22.1,88.4,119.74,
2010-09-16,22.65,22.83,21.71,21.72,87.63,124.32,124.43
2010-09-17,21.65,22.56,21.63,22.01,85.45,124.9,125.00971428571428
2010-09-20,22.47,22.58,21.25,21.5,81.5,124.88,124.946
2010-09-21,21.54,22.59,21.42,22.35,80.97,122.81,122.78285714285714
2010-09-22,22.56,23.19,21.91,22.51,81.86,121.75,121.72114285714287
2010-09-23,23.91,24.06,22.56,23.87,83.02,121.57,121.528
2010-09-24,22.61,22.61,21.71,21.71,80.0,123.0,122.97371428571428
2010-09-27,22.58,22.75,21.97,22.54,82.62,120.21,120.15828571428571
2010-09-28,22.92,24.28,22.4,22.6,83.62,121.69,121.65571428571428
2010-09-29,23.14,23.45,22.72,23.25,83.35,119.27,119.19371428571428
2010-09-30,22.85,24.52,22.39,23.7,86.49,120.48,120.47200000000001
2010-10-01,22.9,23.67,22.46,22.5,84.08,119.61,119.56428571428572
2010-10-04,23.63,24.34,23.3,23.53,86.22,118.29,118.25657142857143
2010-10-05,22.52,23.08,21.71,21.76,82.62,117.77,117.77028571428572
2010-10-06,21.82,22.13,21.46,21.49,81.05,116.57,116.58999999999999
2010-10-07,21.31,22.16,21.28,21.56,80.7,116.69,116.726
2010-10-08,21.58,21.64,20.29,20.71,81.41,117.96,118.09114285714286
2010-10-11,19.33,19.51,18.8,18.96,84.75,115.87,
2010-10-12,20.0,20.1,18.55,18.93,84.77,117.02,
2010-10-13,17.92,19.16,17.9,19.07,88.72,118.43,
2010-10-14,19.59,21.02,19.4,19.88,87.14,120.24,
2010-10-15,20.2,21.59,19.02,19.03,89.82,121.48,
2010-10-18,20.43,20.71,18.88,19.09,91.75,120.57,
2010-10-19,20.7,21.35,19.33,20.63,91.53,119.57,
2010-10-20,21.2,21.2,19.67,19.79,85.48,120.04,
2010-10-21,19.7,20.53,18.93,19.27,83.59,118.17,118.08
2010-10-22,19.36,19.36,18.76,18.78,81.97,117.38,117.28785714285715
2010-10-25,19.22,19.88,18.86,19.85,82.02,116.45,116.33714285714287
2010-10-26,20.52,21.01,20.22,20.22,82.79,116.51,116.3575
2010-10-27,21.11,22.37,20.69,20.71,80.42,116.97,116.94714285714286
2010-10-28,20.28,21.41,20.18,20.88,78.47,116.29,116.1625
2010-10-29,21.2,21.4,20.86,21.2,77.46,116.04,115.96714285714286
2010-11-01,21.65,22.54,20.92,21.83,79.72,116.83,116.78999999999999
2010-11-02,21.34,21.82,21.22,21.57,80.18,116.14,116.09857142857143
2010-11-03,21.66,22.02,19.54,19.56,76.57,118.21,118.13464285714285
2010-11-04,18.03,18.8,17.97,18.52,70.78,116.59,116.52000000000001
2010-11-05,18.07,18.44,17.92,18.26,74.02,116.98,116.84750000000001
2010-11-08,19.33,19.35,18.21,18.29,73.67,118.27,118.01357142857144
2010-11-09,18.51,19.39,17.83,19.08,76.49,119.61,119.61607142857143
2010-11-10,18.94,19.96,18.41,18.47,83.07,122.16,122.25142857142858
2010-11-11,19.44,19.75,18.48,18.64,,123.59,123.875
2010-11-12,19.59,21.23,19.29,20.61,88.18,121.72,121.93714285714286
2010-11-15,20.33,20.37,19.14,20.2,88.13,122.04,
2010-11-16,21.26,23.07,20.95,22.58,93.65,120.86,
2010-11-17,22.19,22.21,21.22,21.76,89.25,120.34,
2010-11-18,20.31,20.31,18.75,18.75,83.92,121.73,121.74
2010-11-19,19.15,19.72,17.76,18.04,84.73,121.26,121.35714285714286
2010-11-22,19.45,20.14,18.35,18.37,78.39,122.34,122.382
2010-11-23,20.25,21.45,20.24,20.63,87.44,119.86,119.88571428571429
2010-11-24,19.42,19.61,18.73,19.56,81.55,122.16,122.19628571428571
2010-11-26,21.17,22.22,20.28,22.22,90.55,119.02,119.04285714285714
2010-11-29,23.15,23.84,21.38,21.53,89.01,118.54,118.53942857142857
2010-11-30,23.27,23.79,22.42,23.54,95.73,116.71,116.65542857142857
2010-12-01,21.19,21.43,20.4,21.36,92.03,118.69,118.65257142857142
2010-12-02,21.13,21.13,19.1,19.39,87.74,120.88,120.81
2010-12-03,19.26,19.28,17.71,18.01,84.28,120.42,120.41428571428571
2010-12-06,18.8,18.85,17.95,18.02,82.6,121.15,121.06714285714285
2010-12-07,17.13,18.15,17.13,17.99,82.66,118.13,118.08542857142857
2010-12-08,17.97,18.32,17.69,17.74,81.8,119.53,119.45285714285714
2010-12-09,17.32,17.84,17.24,17.25,79.8,123.93,123.83
2010-12-10,17.06,17.63,17.06,17.61,79.36,123.01,123.05171428571428
2010-12-13,16.82,17.67,16.68,17.55,81.67,120.74,
2010-12-14,17.6,17.95,17.22,17.61,81.67,121.99,
2010-12-15,17.99,18.14,17.37,17.94,83.42,121.94,
2010-12-16,18.03,18.27,16.88,17.39,81.32,124.81,
2010-12-17,17.62,17.64,15.46,16.11,86.62,125.24,
2010-12-20,16.22,16.86,15.78,16.41,84.09,125.84,
2010-12-21,16.2,16.62,16.08,16.49,84.38,124.87,
2010-12-22,16.52,16.56,15.45,15.45,86.03,123.65,
2010-12-23,15.44,16.86,15.4,16.47,86.74,125.35,125.56
2010-12-27,18.26,18.32,17.66,17.67,87.44,123.86,124.03142857142858
2010-12-28,17.3,17.99,17.3,17.52,86.34,123.53,123.63285714285715
2010-12-29,17.49,17.49,17.02,17.28,85.71,122.4,122.44428571428571
2010-12-30,17.65,17.89,17.46,17.52,86.52,122.17,122.235
2010-12-31,17.91,18.13,17.75,17.75,86.36,120.74,120.82714285714286
2011-01-03,17.94,17.95,16.91,17.61,84.8,122.68,122.83785714285715
2011-01-04,17.34,18.24,17.33,17.38,85.25,121.96,122.16142857142857
2011-01-05,17.81,17.95,16.86,17.02,84.7,121.23,121.23642857142856
2011-01-06,16.8,17.56,16.79,17.4,84.6,121.01,121.03
2011-01-07,17.31,18.07,16.57,17.14,83.73,121.22,121.31821428571428
2011-01-10,18.35,18.63,17.54,17.54,81.65,121.47,121.59571428571428
2011-01-11,16.61,17.35,16.6,16.89,79.82,122.29,122.40857142857143
2011-01-12,16.26,16.5,16.17,16.24,77.94,121.94,121.85714285714286
2011-01-13,16.51,16.78,16.14,16.39,78.64,121.29,121.3175
2011-01-14,16.67,16.71,15.37,15.46,75.94,123.52,123.82285714285715
2011-01-18,16.19,16.2,15.71,15.87,79.77,128.16,
2011-01-19,15.89,17.67,15.86,17.31,83.7,123.41,
2011-01-20,17.81,18.85,17.65,17.99,82.69,126.19,126.38
2011-01-21,17.03,18.61,16.6,18.47,85.41,133.99,134.52642857142857
2011-01-24,18.78,18.93,17.56,17.65,82.97,131.86,132.17857142857144
2011-01-25,18.22,18.55,17.59,17.59,82.67,134.61,135.14464285714286
2011-01-26,17.0,17.42,16.59,16.64,79.43,131.76,132.01857142857145
2011-01-27,16.84,16.89,15.81,16.15,77.04,130.56,131.01999999999998
2011-01-28,15.94,20.08,15.92,20.04,91.52,128.23,128.61428571428573
2011-01-31,19.61,19.96,17.1,19.53,86.08,130.3,130.4425
2011-02-01,18.59,18.63,17.4,17.63,84.48,129.0,129.21428571428572
2011-02-02,17.82,17.84,17.28,17.3,83.16,127.52,127.82464285714286
2011-02-03,17.53,17.8,16.61,16.69,81.75,127.13,127.42500000000001
2011-02-04,16.64,16.74,15.89,15.93,81.11,127.45,127.92500000000001
2011-02-07,16.14,16.54,15.84,16.28,80.54,127.63,127.80571428571429
2011-02-08,16.29,16.6,14.86,15.81,78.93,129.54,129.8367857142857
2011-02-09,16.27,16.52,15.86,15.87,82.11,,129.78142857142856
2011-02-10,16.74,17.07,16.0,16.09,83.73,129.24,129.35750000000002
2011-02-11,16.53,16.53,15.55,15.69,84.5,131.31,131.73785714285714
2011-02-14,16.07,16.26,15.22,15.95,82.67,127.41,
2011-02-15,16.3,16.75,16.27,16.37,84.38,131.78,
2011-02-16,16.31,16.74,15.84,16.72,83.05,130.69,
2011-02-17,17.01,17.3,15.88,16.59,83.03,130.97,131.15
2011-02-18,16.59,16.91,15.54,16.43,85.47,136.43,136.875
2011-02-22,19.46,21.45,18.38,20.8,99.18,125.9,126.0575
2011-02-23,20.84,23.22,20.3,22.13,99.04,124.53,124.625
2011-02-24,22.28,22.71,20.81,21.32,94.07,124.68,124.76750000000001
2011-02-25,20.41,20.44,18.88,19.22,86.17,128.76,128.86
2011-02-28,19.12,19.27,18.14,18.35,81.78,129.37,129.56607142857143
2011-03-01,17.63,21.01,17.63,21.01,89.28,122.43,122.41428571428571
2011-03-02,20.73,21.14,19.62,20.7,87.55,123.06,123.09357142857142
2011-03-03,19.27,19.27,18.25,18.6,82.36,125.71,125.785
2011-03-04,18.56,20.33,18.31,19.06,81.48,125.9,126.08571428571429
2011-03-07,19.37,21.77,18.95,20.66,84.32,122.95,122.88214285714287
2011-03-08,20.58,21.06,19.15,19.82,80.84,123.37,123.32857142857144
2011-03-09,20.05,20.96,19.41,20.22,84.89,122.6,122.51571428571428
2011-03-10,21.37,22.25,20.34,21.88,88.16,119.26,119.1225
2011-03-11,21.72,21.75,19.97,20.08,83.21,118.54,118.7207142857143
2011-03-14,21.79,22.74,20.92,21.13,83.89,121.52,
2011-03-15,25.66,25.72,23.31,24.32,89.68,121.82,
2011-03-16,24.65,31.28,24.04,29.4,112.39,122.46,
2011-03-17,26.94,27.54,25.44,26.37,101.45,125.85,125.95
2011-03-18,23.9,24.85,23.09,24.44,96.28,126.81,126.98857142857142
2011-03-21,22.1,22.16,20.22,20.61,89.17,124.59,124.64342857142857
2011-03-22,20.53,20.59,19.97,20.21,87.39,120.83,120.74857142857142
2011-03-23,20.59,21.05,18.19,19.17,84.77,120.75,120.67942857142857
2011-03-24,18.45,18.99,17.87,18.0,84.17,119.97,119.956
2011-03-25,17.87,18.08,17.07,17.91,84.53,121.43,121.50314285714285
2011-03-28,18.31,19.44,17.96,19.44,89.94,122.68,122.72885714285715
2011-03-29,19.17,19.78,18.0,18.16,84.96,124.11,124.25942857142857
2011-03-30,17.82,17.89,17.25,17.71,82.75,123.5,123.60485714285714
2011-03-31,17.9,17.95,17.41,17.74,82.51,124.64,124.814
2011-04-01,16.68,17.62,16.44,17.4,81.98,128.64,128.91142857142856
2011-04-04,17.63,17.85,17.39,17.5,81.84,128.05,128.3197142857143
2011-04-05,17.87,17.87,16.5,17.25,81.44,128.02,128.39057142857143
2011-04-06,16.75,17.15,16.5,16.9,83.22,125.18,125.50142857142858
2011-04-07,16.92,17.77,16.49,17.11,82.39,126.46,126.838
2011-04-08,16.51,18.33,16.51,17.87,83.43,125.92,126.102
2011-04-11,16.74,17.05,16.22,16.59,84.16,122.94,
2011-04-12,17.58,18.46,16.88,17.09,85.36,121.94,
2011-04-13,16.33,17.38,16.2,16.92,86.04,124.55,
2011-04-14,17.77,18.08,16.08,16.27,86.07,125.09,
2011-04-15,15.97,15.98,14.92,15.32,85.72,130.45,
2011-04-18,18.3,19.07,16.81,16.96,89.11,129.37,
2011-04-19,16.62,16.72,15.69,15.83,85.73,129.4,
2011-04-20,14.31,15.39,14.3,15.07,86.21,131.13,
2011-04-21,14.71,15.23,14.4,14.69,87.71,131.78,131.75
2011-04-25,15.64,16.06,15.5,15.77,87.68,130.88,130.94571428571427
2011-04-26,15.36,15.66,15.07,15.62,85.72,127.45,127.46607142857142
2011-04-27,15.37,16.42,15.13,15.35,83.21,126.93,126.88285714285715
2011-04-28,15.54,15.54,14.27,14.62,82.89,124.99,125.3775
2011-04-29,14.56,14.99,14.49,14.75,83.98,127.45,127.66000000000001
2011-05-02,15.07,16.13,15.07,15.99,88.5,124.15,124.31928571428571
2011-05-03,16.35,17.29,16.13,16.7,90.62,127.49,127.82142857142857
2011-05-04,16.84,17.72,16.83,17.08,91.39,125.29,125.64999999999999
2011-05-05,17.68,19.11,16.74,18.2,95.08,124.89,125.21
2011-05-06,17.17,19.29,16.12,18.4,94.43,124.61,124.96035714285715
2011-05-09,18.59,18.59,17.04,17.16,90.86,124.67,124.87928571428571
2011-05-10,16.84,16.9,15.79,15.91,87.56,126.23,126.49642857142857
2011-05-11,16.27,17.49,16.23,16.95,96.25,121.79,121.90857142857143
2011-05-12,17.27,17.89,16.03,16.03,93.57,122.59,122.69
2011-05-13,16.02,17.56,15.98,17.07,93.86,121.9,122.0192857142857
2011-05-16,17.86,18.25,16.61,18.24,94.44,123.58,
2011-05-17,18.54,19.09,17.47,17.55,93.64,121.14,
2011-05-18,17.56,17.68,16.03,16.23,90.7,125.82,
2011-05-19,15.9,16.56,15.5,15.52,87.53,127.16,127.16
2011-05-20,15.88,17.43,15.7,17.43,90.23,129.15,129.50142857142856
2011-05-23,20.03,20.03,17.47,18.27,92.08,124.78,124.84714285714286
2011-05-24,18.07,18.19,17.0,17.82,88.47,123.13,123.06678571428571
2011-05-25,18.26,18.26,16.7,17.07,85.29,122.89,123.07142857142857
2011-05-26,17.17,17.46,15.9,16.09,81.48,125.43,125.39750000000001
2011-05-27,16.11,16.27,15.36,15.98,81.46,123.58,123.6842857142857
2011-05-31,15.85,16.5,15.15,15.45,80.92,123.91,124.02
2011-06-01,15.95,18.48,15.95,18.3,87.59,119.33,119.32535714285714
2011-06-02,17.92,18.72,17.39,18.09,85.22,119.2,119.245
2011-06-03,18.23,19.87,17.12,17.95,85.54,116.8,116.78535714285714
2011-06-06,18.42,18.65,17.65,18.49,88.15,116.02,115.95857142857143
2011-06-07,18.13,18.48,17.39,18.07,83.72,116.07,115.99107142857143
2011-06-08,18.15,18.83,17.72,18.79,88.98,118.76,118.64285714285715
2011-06-09,18.2,18.31,17.26,17.77,85.65,117.27,117.36
2011-06-10,17.93,19.16,17.93,18.86,93.34,122.65,122.50428571428571
2011-06-13,19.1,20.02,18.41,19.61,98.35,120.99,
2011-06-14,18.56,18.56,17.8,18.26,91.74,125.3,
2011-06-15,19.31,21.66,19.03,21.32,105.07,124.32,
2011-06-16,21.37,24.65,20.81,22.73,100.39,122.35,122.32
2011-06-17,21.56,22.39,20.35,21.85,95.31,120.06,119.96571428571428
2011-06-20,22.99,23.08,19.99,19.99,90.25,117.44,117.40285714285714
2011-06-21,19.46,19.46,17.72,18.86,90.55,116.52,116.44142857142857
2011-06-22,18.86,18.9,17.72,18.52,91.71,114.74,114.60114285714285
2011-06-23,20.23,21.5,19.22,19.29,93.09,116.79,116.742
2011-06-24,19.2,21.28,19.1,21.1,99.14,115.92,115.75914285714286
2011-06-27,21.6,21.82,20.27,20.56,94.29,119.46,119.38542857142858
2011-06-28,20.3,20.45,19.17,19.17,90.33,122.15,122.09514285714286
2011-06-29,18.62,18.83,16.32,17.27,85.9,128.73,129.23057142857144
2011-06-30,16.67,16.77,15.88,16.52,81.08,122.09,122.04599999999999
2011-07-01,16.06,16.29,15.12,15.87,78.64,119.63,119.70857142857143
2011-07-05,16.32,16.5,15.89,16.06,81.34,121.78,122.08971428571428
2011-07-06,16.46,17.08,16.32,16.34,82.69,121.51,121.78714285714285
2011-07-07,15.3,16.13,15.3,15.95,80.7,121.86,122.032
2011-07-08,17.14,17.14,15.95,15.95,80.82,119.68,119.78114285714285
2011-07-11,17.44,19.06,17.16,18.39,90.87,123.08,
2011-07-12,19.55,20.13,18.25,19.87,88.39,119.21,
2011-07-13,19.08,20.16,18.09,19.91,88.92,124.79,
2011-07-14,20.08,21.58,19.35,20.8,95.72,126.63,
2011-07-15,20.25,21.68,19.52,19.53,89.33,129.24,
2011-07-18,21.25,21.93,20.9,20.95,97.81,123.92,
2011-07-19,20.14,20.43,19.12,19.21,91.01,126.12,
2011-07-20,18.81,19.65,18.61,19.09,86.06,122.97,
2011-07-21,18.61,18.63,17.15,17.56,81.68,122.42,122.35
2011-07-22,17.22,17.95,17.14,17.52,82.45,121.59,121.42607142857142
2011-07-25,19.26,19.5,18.73,19.35,90.2,119.45,119.33857142857143
2011-07-26,19.75,20.5,19.56,20.23,93.35,120.12,120.03892857142857
2011-07-27,20.87,23.2,20.87,22.98,102.01,119.44,119.32285714285715
2011-07-28,22.83,23.99,21.2,23.74,105.62,120.36,120.31
2011-07-29,25.28,25.94,23.65,25.25,106.57,120.65,120.53142857142858
2011-08-01,22.63,25.63,22.46,23.66,95.89,118.64,118.5175
2011-08-02,24.22,24.79,22.65,24.79,102.01,116.08,116.00285714285714
2011-08-03,23.58,25.23,22.76,23.38,98.58,117.27,117.37892857142857
2011-08-04,24.57,32.07,24.31,31.66,121.76,113.17,113.02000000000001
2011-08-05,28.48,39.25,27.54,32.0,118.61,119.36,119.31857142857143
2011-08-08,36.9,48.0,35.29,48.0,134.63,121.06,121.09214285714286
2011-08-09,42.12,47.56,34.28,35.06,112.8,124.51,124.54785714285714
2011-08-10,39.33,44.41,37.34,42.99,132.86,118.65,118.71428571428571
2011-08-11,41.94,42.88,37.5,39.0,128.76,119.99,120.0175
2011-08-12,37.08,37.85,34.01,36.36,120.19,119.79,119.665
2011-08-15,34.73,34.83,31.47,31.87,109.0,121.76,
2011-08-16,33.36,34.49,31.68,32.85,104.66,122.41,
2011-08-17,32.09,33.32,30.81,31.58,104.62,126.16,
2011-08-18,36.77,45.28,36.69,42.67,106.66,124.44,124.52
2011-08-19,45.34,45.4,39.99,43.05,111.58,124.05,124.0322857142857
2011-08-22,38.8,43.58,38.78,42.44,111.25,119.4,119.31
2011-08-23,41.89,42.54,35.83,36.27,103.43,124.05,123.92428571428572
2011-08-24,37.12,37.38,34.55,35.9,104.54,123.37,123.09942857142858
2011-08-25,34.43,40.14,34.05,39.76,112.4,120.81,120.542
2011-08-26,41.18,43.84,34.33,35.59,104.72,122.97,122.71457142857143
2011-08-29,33.81,33.81,32.21,32.28,96.51,120.99,120.68857142857142
2011-08-30,32.97,33.55,31.55,32.89,96.16,119.9,119.598
2011-08-31,31.2,32.53,30.16,31.62,94.16,120.01,119.77971428571429
2011-09-01,31.91,32.38,30.76,31.82,92.31,120.23,120.062
2011-09-02,34.29,34.74,32.7,33.92,91.0,119.33,119.11142857142856
2011-09-06,39.84,39.86,37.0,37.0,97.01,121.04,120.93114285714286
2011-09-07,34.24,34.7,33.38,33.38,93.3,118.75,118.53142857142858
2011-09-08,34.41,34.71,32.79,34.32,93.45,118.59,118.314
2011-09-09,35.53,40.74,35.53,38.52,99.07,116.9,116.76371428571429
2011-09-12,42.56,43.18,38.58,38.59,97.07,117.23,
2011-09-13,38.68,39.43,36.69,36.91,96.14,118.05,
2011-09-14,36.59,37.76,33.4,34.6,100.22,115.73,
2011-09-15,33.43,33.98,31.75,31.97,96.69,120.0,
2011-09-16,31.81,32.48,30.43,30.98,93.67,123.27,
2011-09-19,34.8,35.33,32.35,32.73,95.95,120.76,
2011-09-20,32.42,33.14,31.45,32.86,92.9,120.61,
2011-09-21,33.0,37.32,32.45,37.32,98.58,120.18,
2011-09-22,41.0,43.87,39.33,41.35,103.91,119.37,119.33
2011-09-23,42.17,42.82,40.42,41.25,104.77,118.24,118.17214285714286
2011-09-26,40.99,43.34,39.02,39.02,102.89,120.34,120.27
2011-09-27,36.59,38.57,35.32,37.71,100.31,119.55,119.46428571428572
2011-09-28,37.7,41.24,36.65,41.08,104.3,118.21,118.14928571428571
2011-09-29,38.62,42.0,38.03,38.84,101.05,118.97,118.94
2011-09-30,40.93,42.99,39.88,42.96,101.08,114.83,114.63
2011-10-03,44.25,45.55,41.51,45.45,103.89,113.09,112.91714285714286
2011-10-04,46.18,46.88,40.02,40.82,99.31,115.28,115.00428571428571
2011-10-05,40.73,41.2,37.51,37.81,94.66,113.87,113.51285714285714
2011-10-06,38.24,38.74,36.15,36.27,93.52,115.42,115.11500000000001
2011-10-07,35.67,37.82,35.19,36.2,92.57,116.1,115.82678571428572
2011-10-10,35.45,35.45,32.96,33.02,89.39,116.81,116.595
2011-10-11,33.95,34.24,32.62,32.86,90.98,118.91,118.5625
2011-10-12,31.57,31.93,29.79,31.26,91.34,121.6,121.31571428571428
2011-10-13,31.99,32.76,30.48,30.7,95.1,121.98,121.70750000000001
2011-10-14,29.07,29.96,28.08,28.24,94.69,121.9,121.825
2011-10-17,30.35,33.39,30.12,33.39,103.55,124.46,
2011-10-18,33.37,34.71,29.69,31.56,100.21,127.99,
2011-10-19,32.92,35.47,31.91,34.44,103.29,122.57,
2011-10-20,34.44,36.87,34.16,34.78,102.97,122.57,125.4
2011-10-21,32.76,32.98,31.32,31.32,98.05,127.19,127.02535714285715
2011-10-24,31.67,31.7,28.84,29.26,97.13,124.85,124.72285714285714
2011-10-25,30.68,32.46,30.32,32.22,97.75,122.65,122.51107142857143
2011-10-26,30.44,33.3,29.63,29.86,97.74,122.65,122.78500000000001
2011-10-27,24.72,26.46,24.7,25.46,94.44,122.82,122.495
2011-10-28,26.02,26.02,24.44,24.53,94.19,121.18,120.80857142857143
2011-10-31,27.09,29.97,27.01,29.96,104.84,120.69,120.46535714285714
2011-11-01,36.03,37.53,33.87,34.77,113.15,126.65,126.39
2011-11-02,33.53,34.27,32.55,32.74,107.4,123.95,123.79107142857143
2011-11-03,31.38,34.65,30.21,30.5,104.28,124.19,123.89500000000001
2011-11-04,31.46,32.56,30.14,30.16,103.34,123.56,123.26107142857143
2011-11-07,31.4,32.15,29.85,29.85,103.35,124.93,124.60142857142857
2011-11-08,29.34,30.49,27.47,27.48,98.05,124.77,124.3717857142857
2011-11-09,31.32,36.43,30.98,36.16,122.73,122.87,122.63142857142857
2011-11-10,33.09,35.5,32.12,32.81,113.54,125.24,124.8625
2011-11-11,29.91,30.42,29.45,30.04,112.1,124.56,124.29071428571429
2011-11-14,31.42,32.85,31.13,31.13,112.35,124.56,
2011-11-15,31.74,32.55,30.4,31.22,107.55,124.97,
2011-11-16,32.66,33.51,30.54,33.51,111.18,122.92,
2011-11-17,33.15,36.46,32.89,34.51,111.86,121.59,121.56
2011-11-18,33.16,33.99,31.92,32.0,101.92,120.04,119.97257142857143
2011-11-21,34.59,35.29,32.53,32.91,99.6,115.15,114.96371428571429
2011-11-22,33.12,33.39,31.28,31.97,98.53,114.92,114.75714285714285
2011-11-23,32.91,34.57,32.68,33.98,101.46,116.78,116.68171428571429
2011-11-25,34.61,34.77,33.12,34.47,98.98,114.77,114.64857142857143
2011-11-28,31.93,33.11,31.57,32.13,96.23,118.63,118.05971428571428
2011-11-29,31.76,32.02,30.56,30.64,95.47,116.45,116.28885714285714
2011-11-30,27.72,28.5,27.03,27.8,92.22,116.56,116.37714285714286
2011-12-01,27.63,27.89,26.64,27.41,90.88,116.9,116.71
2011-12-02,26.26,27.62,25.29,27.52,92.46,116.31,116.17714285714285
2011-12-05,26.74,28.31,26.0,27.84,92.97,116.14,115.97142857142858
2011-12-06,27.91,28.13,27.41,28.13,92.21,115.16,114.96257142857142
2011-12-07,28.61,29.58,28.44,28.67,92.84,115.87,115.57714285714286
2011-12-08,29.63,30.91,29.02,30.59,94.97,115.37,115.046
2011-12-09,29.61,29.61,26.29,26.38,90.92,116.83,116.47742857142858
2011-12-12,26.78,27.73,25.64,25.67,93.21,120.26,
2011-12-13,24.72,26.28,23.27,25.41,94.55,119.44,
2011-12-14,26.16,27.55,25.76,26.04,99.63,120.66,
2011-12-15,24.38,25.28,24.14,25.11,97.71,122.35,
2011-12-16,24.16,25.02,23.51,24.29,94.28,119.22,
2011-12-19,25.14,25.38,24.38,24.92,90.27,116.58,
2011-12-20,23.56,23.58,22.54,23.22,88.64,120.66,
2011-12-21,22.52,23.94,21.12,21.43,85.54,115.16,
2011-12-22,21.08,21.33,20.34,21.16,86.18,115.56,115.46
2011-12-23,21.1,21.21,20.72,20.73,86.54,117.14,117.06107142857142
2011-12-27,22.58,22.66,21.68,21.91,88.13,116.53,116.41571428571429
2011-12-28,22.12,23.56,22.11,23.52,94.08,116.32,116.21928571428572
2011-12-29,23.52,23.52,22.65,22.65,91.8,116.57,116.4675
2011-12-30,22.86,23.46,22.65,23.4,91.7,116.21,115.99857142857142
2012-01-03,22.95,23.1,22.54,22.97,91.39,117.1,116.92285714285714
2012-01-04,23.44,23.73,22.22,22.22,88.89,117.63,117.41857142857143
2012-01-05,22.75,23.09,21.34,21.48,87.69,117.76,117.53999999999999
2012-01-06,21.24,21.72,20.58,20.63,86.95,118.29,118.07857142857142
2012-01-09,21.67,21.78,21.0,21.07,87.8,119.07,118.88642857142858
2012-01-10,20.14,20.69,20.05,20.69,88.82,118.99,118.78392857142856
2012-01-11,21.18,21.22,20.98,21.05,93.17,120.2,119.98857142857143
2012-01-12,21.01,22.03,20.46,20.47,90.51,120.78,120.64
2012-01-13,21.41,22.43,20.91,20.91,93.55,121.92,121.77142857142857
2012-01-17,20.9,22.25,20.69,22.2,93.66,125.63,
2012-01-18,23.2,23.44,20.78,20.89,90.09,130.78,
2012-01-19,20.49,20.87,19.45,19.87,88.73,129.6,129.66
2012-01-20,19.91,19.94,18.16,18.28,89.24,129.24,129.31535714285712
2012-01-23,19.22,19.31,18.55,18.67,89.59,125.83,125.86571428571429
2012-01-24,19.76,20.0,18.63,18.91,89.01,127.38,127.47035714285714
2012-01-25,19.35,19.55,17.15,18.31,86.01,125.22,125.14642857142857
2012-01-26,17.96,19.17,16.8,18.57,88.92,122.96,122.81750000000001
2012-01-27,19.16,19.16,18.26,18.53,87.44,121.5,121.18
2012-01-30,20.33,20.33,19.38,19.4,89.86,121.99,121.94607142857143
2012-01-31,19.07,19.84,18.13,19.44,88.51,121.96,121.81714285714285
2012-02-01,18.68,18.82,17.99,18.55,85.78,121.39,121.21535714285714
2012-02-02,18.38,18.5,17.98,17.98,84.1,122.26,122.185
2012-02-03,16.84,17.32,16.1,17.1,84.04,122.14,122.07892857142858
2012-02-06,17.98,18.02,16.11,17.76,85.38,123.63,123.46928571428572
2012-02-07,17.93,18.1,17.5,17.65,83.79,123.02,122.96071428571429
2012-02-08,17.79,18.46,17.53,18.16,97.01,124.76,124.68714285714286
2012-02-09,18.12,18.72,18.07,18.63,100.76,126.48,126.405
2012-02-10,20.1,21.98,19.02,20.79,104.15,129.59,129.56857142857143
2012-02-13,19.64,19.68,17.92,19.04,102.45,127.89,
2012-02-14,19.45,20.76,18.95,19.54,107.82,129.96,
2012-02-15,19.74,21.77,19.44,21.14,114.65,128.88,
2012-02-16,21.59,21.76,19.22,19.22,110.41,130.29,130.34
2012-02-17,18.73,18.79,17.54,17.78,108.56,129.54,129.62885714285713
2012-02-21,18.41,18.94,17.65,18.19,107.71,128.46,128.5157142857143
2012-02-22,18.85,18.94,17.74,18.19,100.81,127.7,127.71085714285714
2012-02-23,18.73,18.97,16.64,16.8,94.44,127.81,127.8
2012-02-24,16.68,17.62,16.42,17.31,99.43,128.72,128.72742857142856
2012-02-27,19.1,19.25,17.58,18.19,101.68,126.98,127.01914285714285
2012-02-28,18.67,18.67,17.88,17.96,99.13,125.65,125.74114285714286
2012-02-29,17.8,18.75,17.53,18.43,101.6,124.59,124.56742857142856
2012-03-01,18.02,18.03,17.26,17.26,97.43,127.63,127.684
2012-03-02,17.65,17.65,17.14,17.29,96.94,125.2,125.12857142857143
2012-03-05,18.27,18.9,18.02,18.05,98.18,126.23,126.24828571428571
2012-03-06,20.57,21.24,20.3,20.87,105.11,126.49,126.47514285714286
2012-03-07,20.43,20.44,19.07,19.07,100.46,126.02,126.02285714285715
2012-03-08,18.08,18.46,17.76,17.95,97.19,125.08,124.922
2012-03-09,17.16,17.54,16.63,17.11,97.98,124.78,124.65828571428571
2012-03-12,15.79,16.67,15.23,15.64,98.61,139.25,
2012-03-13,14.0,16.08,13.99,14.8,98.47,122.89,
2012-03-14,14.42,16.19,14.39,15.31,106.63,118.82,
2012-03-15,15.32,16.06,14.58,15.42,108.42,136.51,
2012-03-16,14.43,15.24,13.66,14.47,105.78,138.43,
2012-03-19,15.42,15.43,14.54,15.04,106.49,128.85,
2012-03-20,15.82,15.95,15.11,15.58,109.38,128.02,
2012-03-21,14.72,15.31,14.19,15.13,104.65,124.6,
2012-03-22,16.04,16.58,15.56,15.57,102.53,121.17,121.18
2012-03-23,15.65,16.39,14.69,14.82,98.6,122.98,123.14178571428572
2012-03-26,14.51,15.03,14.26,14.26,96.08,118.02,117.94
2012-03-27,14.52,15.59,14.14,15.59,101.15,121.13,121.16571428571429
2012-03-28,15.58,17.27,15.4,15.47,102.74,121.61,121.64642857142857
2012-03-29,16.84,17.2,15.39,15.48,101.94,121.69,121.6875
2012-03-30,14.88,15.98,14.67,15.5,100.28,124.97,125.01285714285714
2012-04-02,16.35,16.58,15.02,15.64,100.38,123.13,123.25964285714286
2012-04-03,15.61,16.65,15.56,15.66,98.37,123.84,124.01
2012-04-04,17.07,17.74,16.31,16.44,99.73,121.0,121.03785714285715
2012-04-05,17.02,17.13,16.29,16.7,99.47,120.61,120.63499999999999
2012-04-09,18.94,18.94,17.93,18.81,104.59,119.05,118.995
2012-04-10,19.1,21.06,18.62,20.39,109.13,119.27,119.25
2012-04-11,19.22,20.12,18.73,20.02,111.19,118.43,118.38714285714285
2012-04-12,19.63,19.74,17.2,17.2,104.27,119.87,119.99000000000001
2012-04-13,17.95,19.62,17.85,19.55,110.76,118.19,118.155
2012-04-16,18.87,20.42,18.6,19.55,110.97,116.67,
2012-04-17,18.66,18.66,17.58,18.46,107.01,121.83,
2012-04-18,19.02,19.17,17.7,18.64,106.06,119.5,
2012-04-19,18.51,19.69,17.69,18.36,103.96,117.6,117.34
2012-04-20,17.92,18.05,16.97,17.44,101.08,118.05,117.89607142857143
2012-04-23,20.22,20.27,18.95,18.97,104.01,117.19,117.19142857142857
2012-04-24,19.22,19.22,18.09,18.1,99.84,118.36,118.41357142857143
2012-04-25,17.05,17.38,16.82,16.82,93.28,122.53,122.76928571428572
2012-04-26,16.97,17.04,15.75,16.24,89.65,121.03,121.2275
2012-04-27,15.83,16.47,15.83,16.32,88.62,120.08,120.22142857142858
2012-04-30,17.04,17.41,16.92,17.15,89.32,119.83,119.67821428571429
2012-05-01,17.27,17.49,16.01,16.6,87.06,120.18,120.16142857142857
2012-05-02,17.25,17.63,16.78,16.88,86.29,119.94,119.99642857142857
2012-05-03,16.9,17.92,16.73,17.56,88.35,116.18,116.1
2012-05-04,18.03,19.28,17.81,19.16,91.31,115.83,115.72749999999999
2012-05-07,19.8,19.87,18.41,18.94,90.91,116.68,116.56785714285715
2012-05-08,19.44,20.91,17.95,19.05,91.33,117.23,117.00107142857142
2012-05-09,20.65,21.59,19.38,20.08,102.07,115.05,114.83142857142857
2012-05-10,19.25,19.88,18.77,18.83,98.65,115.11,114.9925
2012-05-11,19.93,19.94,18.62,19.89,100.12,114.7,114.53714285714285
2012-05-14,21.47,21.87,20.94,21.87,105.85,119.18,
2012-05-15,21.43,22.7,20.76,21.97,109.61,120.04,
2012-05-16,21.54,22.69,20.83,22.27,109.22,118.47,
2012-05-17,21.99,24.51,21.87,24.49,112.84,119.54,119.49
2012-05-18,23.27,25.14,23.07,25.1,117.44,119.28,119.17085714285714
2012-05-21,24.88,24.88,22.01,22.01,108.5,119.56,119.41285714285715
2012-05-22,21.76,23.19,19.98,22.48,110.48,119.31,119.09714285714286
2012-05-23,23.32,24.62,21.99,22.33,107.48,119.52,119.722
2012-05-24,22.0,23.22,21.48,21.54,104.52,120.64,120.448
2012-05-25,22.05,22.29,21.3,21.76,103.1,120.38,120.19314285714286
2012-05-29,21.7,22.47,20.99,21.03,100.98,122.39,122.26
2012-05-30,22.68,24.14,22.66,24.14,109.73,118.54,118.29114285714286
2012-05-31,23.83,25.46,22.78,24.06,108.75,119.32,119.136
2012-06-01,25.87,26.71,23.94,26.66,111.41,116.35,116.15714285714286
2012-06-04,26.35,27.73,25.72,26.12,107.04,116.66,116.39999999999999
2012-06-05,25.9,25.9,24.5,24.68,102.78,117.07,116.83828571428572
2012-06-06,23.76,23.89,21.8,22.16,97.71,119.66,119.34857142857143
2012-06-07,21.0,22.48,20.74,21.72,98.36,120.01,119.71000000000001
2012-06-08,22.54,23.1,20.29,21.23,96.6,122.09,121.71085714285714
2012-06-11,19.87,23.56,19.63,23.56,105.51,119.28,
2012-06-12,23.15,23.9,22.09,22.09,103.22,121.82,
2012-06-13,22.93,24.93,22.66,24.27,110.6,120.37,
2012-06-14,24.19,24.81,21.55,21.68,107.78,115.05,
2012-06-15,22.47,23.09,20.61,21.11,108.23,126.08,
2012-06-18,21.76,21.98,18.24,18.32,99.3,121.2,
2012-06-19,17.66,18.62,17.36,18.38,98.13,123.09,
2012-06-20,17.96,20.05,17.09,17.24,96.41,122.06,
2012-06-21,16.89,20.48,16.77,20.08,105.47,118.4,118.33
2012-06-22,18.65,19.37,17.9,18.11,104.13,116.37,116.23
2012-06-25,20.47,21.36,19.89,20.38,104.46,116.29,116.11142857142858
2012-06-26,20.01,20.57,19.42,19.72,100.66,114.69,114.38499999999999
2012-06-27,19.55,20.12,19.38,19.45,98.11,115.85,115.55142857142857
2012-06-28,20.33,21.19,19.6,19.71,97.21,116.9,116.86500000000001
2012-06-29,17.52,19.71,16.87,17.08,89.59,119.09,118.98142857142857
2012-07-02,17.62,18.19,16.66,16.8,85.61,118.89,118.91464285714285
2012-07-03,16.67,16.92,16.27,16.66,84.59,118.33,118.24857142857142
2012-07-05,17.61,18.22,17.18,17.5,89.43,117.91,117.82
2012-07-06,18.2,18.25,16.95,17.1,90.1,118.45,118.42714285714285
2012-07-09,18.17,18.32,17.73,17.98,92.85,119.62,119.45785714285714
2012-07-10,17.51,19.19,17.29,18.72,94.91,119.34,119.18857142857144
2012-07-11,17.98,19.17,17.84,17.95,96.25,117.3,117.21142857142857
2012-07-12,18.82,19.51,17.75,18.33,95.22,116.13,116.02
2012-07-13,17.78,17.82,16.36,16.74,91.1,119.13,118.95571428571428
2012-07-16,17.31,17.32,16.46,17.11,94.21,115.09,
2012-07-17,16.72,17.46,16.09,16.48,93.49,117.22,
2012-07-18,16.81,16.81,15.69,16.16,94.03,116.59,
2012-07-19,16.06,16.7,15.45,15.45,93.73,114.19,114.06
2012-07-20,16.65,17.05,15.97,16.27,100.61,116.52,116.46885714285715
2012-07-23,20.41,20.49,18.34,18.62,107.32,120.26,120.13799999999999
2012-07-24,18.38,21.0,18.37,20.47,111.65,119.13,119.02714285714286
2012-07-25,19.79,20.67,18.99,19.34,106.53,118.58,118.54314285714285
2012-07-26,17.68,18.47,17.07,17.53,98.59,116.92,116.794
2012-07-27,17.11,17.3,16.52,16.7,93.08,114.4,114.21828571428571
2012-07-30,17.55,18.08,17.23,18.03,94.74,114.86,114.50257142857143
2012-07-31,18.4,19.09,18.26,18.93,96.11,113.99,113.73371428571429
2012-08-01,18.8,19.18,18.2,18.96,94.23,114.59,114.41771428571428
2012-08-02,19.05,19.25,17.56,17.57,89.63,114.35,114.108
2012-08-03,16.05,16.45,15.64,15.64,84.5,120.25,120.58714285714285
2012-08-06,15.85,16.27,15.82,15.95,84.47,114.79,114.7582857142857
2012-08-07,15.55,16.03,15.48,15.99,86.87,113.55,113.38571428571429
2012-08-08,16.46,16.47,15.27,15.32,85.18,115.36,115.38571428571429
2012-08-09,15.39,15.67,15.28,15.28,83.91,119.84,119.70400000000001
2012-08-10,15.34,15.5,14.73,14.74,84.83,117.89,118.16171428571428
2012-08-13,14.09,14.67,13.67,13.7,89.58,121.65,
2012-08-14,13.91,15.06,13.91,14.85,94.33,122.05,
2012-08-15,14.82,14.98,14.36,14.63,97.95,119.89,
2012-08-16,14.88,15.15,14.28,14.29,95.65,121.94,
2012-08-17,14.23,14.3,13.3,13.45,95.02,123.79,
2012-08-20,14.11,14.78,13.99,14.02,96.64,125.84,
2012-08-21,14.1,15.44,14.04,15.02,97.41,129.99,
2012-08-22,15.32,15.52,14.75,15.11,99.14,125.32,
2012-08-23,15.0,16.45,15.0,15.96,98.4,122.41,122.58
2012-08-24,15.99,16.0,15.18,15.18,94.99,123.74,123.83357142857143
2012-08-27,16.15,16.38,15.75,16.35,94.89,121.53,121.70857142857143
2012-08-28,16.32,16.92,16.01,16.49,94.43,120.28,120.46535714285714
2012-08-29,16.61,17.06,16.5,17.06,94.71,120.55,120.73142857142857
2012-08-30,17.48,18.05,17.44,17.83,96.33,119.0,119.15
2012-08-31,17.25,18.04,16.92,17.47,93.3,120.78,120.78
2012-09-04,18.65,18.96,17.85,17.98,93.71,119.59,119.68857142857142
2012-09-05,17.38,17.84,16.99,17.74,90.15,120.49,120.38142857142857
2012-09-06,17.3,17.3,15.6,15.6,83.65,119.31,119.47999999999999
2012-09-07,15.6,15.6,14.33,14.38,82.24,120.7,120.8
2012-09-10,14.27,16.28,13.97,16.28,92.77,122.37,122.44571428571429
2012-09-11,16.11,16.41,15.78,16.41,92.39,122.82,122.96607142857142
2012-09-12,15.59,16.31,15.43,15.8,93.94,123.38,123.28571428571429
2012-09-13,15.6,16.54,13.91,14.05,87.81,115.69,116.055
2012-09-14,13.82,14.71,13.51,14.51,93.04,117.26,117.78214285714286
2012-09-17,14.67,14.92,14.38,14.59,92.95,122.69,
2012-09-18,14.51,14.88,14.17,14.18,90.13,127.38,
2012-09-19,13.95,14.08,13.61,13.88,88.61,122.44,
2012-09-20,14.63,14.67,14.07,14.07,88.72,128.03,128.09
2012-09-21,13.94,14.18,13.69,13.98,87.9,130.6,130.86357142857142
2012-09-24,15.06,15.06,13.87,14.15,85.88,129.12,129.35714285714286
2012-09-25,14.19,15.72,14.03,15.43,92.79,125.45,125.54249999999999
2012-09-26,15.83,17.08,15.83,16.81,95.05,124.06,124.13285714285715
2012-09-27,16.38,16.5,14.83,14.84,88.24,127.56,127.6225
2012-09-28,15.23,15.77,14.95,15.73,90.49,125.87,125.99285714285715
2012-10-01,16.03,16.53,15.13,16.32,92.51,128.17,127.97749999999999
2012-10-02,15.85,16.5,15.7,15.71,90.25,127.1,127.01142857142857
2012-10-03,15.63,16.02,15.13,15.43,87.56,125.4,125.21035714285713
2012-10-04,15.23,15.33,14.53,14.55,83.51,120.39,120.685
2012-10-05,13.68,14.78,13.67,14.33,83.1,123.85,124.05464285714285
2012-10-08,15.19,15.46,15.04,15.11,85.85,122.06,122.05285714285715
2012-10-09,15.28,16.4,15.18,16.37,88.53,121.21,121.36607142857143
2012-10-10,16.52,16.79,16.13,16.29,94.36,120.46,120.44714285714285
2012-10-11,15.33,15.8,15.31,15.59,90.74,120.83,121.0075
2012-10-12,15.41,16.18,14.96,16.14,91.87,120.97,121.19785714285715
2012-10-15,16.05,16.21,15.23,15.27,92.92,122.45,
2012-10-16,14.84,15.23,14.5,15.22,90.31,122.52,
2012-10-17,15.43,15.63,14.9,15.07,85.6,124.95,
2012-10-18,15.25,15.5,14.68,15.03,86.51,124.58,124.71
2012-10-19,14.91,17.6,14.9,17.06,92.63,125.39,125.50657142857142
2012-10-22,17.44,17.98,16.62,16.62,92.48,122.99,122.99514285714287
2012-10-23,18.23,19.65,18.17,18.83,99.66,120.16,120.12571428571428
2012-10-24,18.22,18.67,17.93,18.33,96.39,119.33,119.21028571428572
2012-10-25,17.56,18.64,17.3,18.12,91.86,120.89,120.71
2012-10-26,18.03,18.64,17.52,17.81,89.43,119.31,119.1782857142857
2012-10-31,17.68,18.84,17.56,18.6,90.23,115.04,114.87685714285715
2012-11-01,17.77,17.79,16.45,16.69,81.7,117.85,117.606
2012-11-02,16.06,17.6,16.05,17.59,87.84,115.78,115.59428571428572
2012-11-05,18.33,18.7,18.13,18.42,90.75,115.52,115.30771428571428
2012-11-06,18.16,18.17,17.19,17.58,87.56,116.34,116.10371428571429
2012-11-07,17.72,19.4,17.62,19.08,94.75,116.1,115.92857142857143
2012-11-08,18.69,18.69,17.96,18.49,93.39,116.69,116.544
2012-11-09,18.8,18.81,17.67,18.61,94.02,115.4,115.412
2012-11-12,18.15,18.15,16.45,16.68,90.54,114.23,
2012-11-13,17.36,17.38,16.12,16.65,87.84,114.81,
2012-11-14,16.32,18.05,15.93,17.92,94.66,113.23,
2012-11-15,17.74,18.64,17.62,17.99,94.54,113.65,
2012-11-16,17.65,18.5,16.41,16.41,90.27,115.85,
2012-11-19,15.88,15.98,15.1,15.24,88.43,113.46,
2012-11-20,15.11,15.65,15.06,15.08,85.93,117.25,
2012-11-21,14.96,15.43,14.77,15.31,85.85,116.62,
2012-11-23,15.0,15.26,15.0,15.14,82.86,117.82,117.71892857142858
2012-11-26,15.63,15.84,15.47,15.5,82.45,116.96,116.85
2012-11-27,15.3,15.93,15.01,15.92,84.17,116.65,116.52678571428571
2012-11-28,16.43,16.98,15.47,15.51,80.39,116.12,116.06142857142856
2012-11-29,15.21,15.51,15.02,15.06,78.42,117.35,117.16499999999999
2012-11-30,15.26,16.17,14.89,15.87,78.59,117.07,117.03285714285714
2012-12-03,15.81,16.69,15.76,16.64,84.07,115.98,115.95392857142858
2012-12-04,16.66,17.37,16.38,17.12,86.18,115.31,115.21285714285715
2012-12-05,16.95,17.53,16.27,16.46,82.98,114.55,114.50750000000001
2012-12-06,16.59,16.85,16.31,16.58,84.15,115.74,115.91499999999999
2012-12-07,16.12,16.65,15.73,15.9,80.74,115.23,115.32785714285714
2012-12-10,16.47,16.47,15.96,16.05,81.56,114.77,114.86785714285715
2012-12-11,15.94,16.01,15.42,15.57,78.7,115.92,116.04071428571429
2012-12-12,15.6,16.09,15.41,15.95,83.02,116.49,116.56285714285714
2012-12-13,15.87,16.67,15.71,16.56,86.74,116.24,116.405
2012-12-14,16.68,17.15,16.61,17.0,86.39,118.92,119.30428571428571
2012-12-17,17.2,17.2,16.21,16.34,82.1,118.06,
2012-12-18,16.39,16.43,15.46,15.57,79.36,117.86,
2012-12-19,16.05,17.46,16.04,17.36,83.33,120.76,
2012-12-20,17.26,17.96,17.11,17.67,83.06,124.47,124.66
2012-12-21,19.85,19.93,17.76,17.84,87.7,127.08,127.2782142857143
2012-12-24,18.46,18.66,17.84,17.84,89.27,124.47,124.55857142857143
2012-12-26,18.71,19.63,18.61,19.48,92.17,122.18,122.21357142857143
2012-12-27,19.39,20.9,19.11,19.47,90.89,119.6,119.6675
2012-12-28,20.32,23.23,19.94,22.72,104.72,118.38,118.43714285714286
2012-12-31,22.14,22.72,17.88,18.02,92.5,121.27,121.25178571428572
2013-01-02,15.24,15.93,14.6,14.68,78.77,121.77,121.88428571428572
2013-01-03,14.77,14.92,14.24,14.56,77.02,117.93,117.96000000000001
2013-01-04,14.23,14.31,13.64,13.83,75.18,115.53,115.31928571428571
2013-01-07,14.53,14.53,13.71,13.79,76.77,116.78,116.80857142857143
2013-01-08,13.88,14.29,13.62,13.62,78.37,118.15,118.15821428571428
2013-01-09,13.32,13.93,13.22,13.81,78.51,117.89,117.99714285714286
2013-01-10,13.33,13.88,13.33,13.49,77.49,118.53,118.6625
2013-01-11,13.55,13.79,13.22,13.36,78.52,119.14,119.27642857142857
2013-01-14,13.66,13.85,13.41,13.52,78.28,117.19,
2013-01-15,13.97,13.99,13.33,13.55,77.84,120.9,
2013-01-16,13.7,13.76,13.2,13.42,77.26,120.13,
2013-01-17,13.45,13.7,13.16,13.57,78.77,120.53,120.61
2013-01-18,13.52,13.53,12.29,12.46,73.43,124.79,124.95964285714285
2013-01-22,13.28,13.32,12.43,12.43,73.87,126.73,126.94571428571429
2013-01-23,12.67,12.67,12.3,12.46,71.86,126.58,126.75999999999999
2013-01-24,12.73,13.5,12.4,12.69,76.17,125.47,125.3925
2013-01-25,12.63,12.99,12.5,12.89,76.92,124.71,124.69
2013-01-28,13.29,13.91,13.29,13.57,78.16,122.95,122.79357142857143
2013-01-29,13.87,13.88,13.04,13.31,73.61,123.95,123.85142857142857
2013-01-30,13.64,14.33,13.6,14.32,77.34,121.92,121.81607142857143
2013-01-31,14.43,14.43,14.04,14.28,76.72,121.64,121.565
2013-02-01,13.37,13.38,12.72,12.9,73.29,122.55,122.70785714285715
2013-02-04,14.0,14.75,13.8,14.67,77.79,122.6,122.53071428571428
2013-02-05,14.21,14.21,13.39,13.72,75.07,123.22,123.1825
2013-02-06,14.06,14.08,13.34,13.41,77.24,122.45,122.60142857142857
2013-02-07,13.47,14.41,13.43,13.5,76.86,125.35,125.5175
2013-02-08,13.2,13.2,12.89,13.02,74.42,125.67,126.05642857142857
2013-02-11,13.37,13.42,12.91,12.94,76.1,125.53,
2013-02-12,12.82,13.13,12.63,12.64,73.83,126.12,
2013-02-13,12.88,13.19,12.67,12.98,73.25,126.68,
2013-02-14,13.3,13.32,12.64,12.66,72.99,127.19,127.28
2013-02-15,12.47,12.89,12.24,12.46,72.55,130.46,130.6374285714286
2013-02-19,12.81,12.85,12.08,12.31,70.45,130.15,130.34142857142857
2013-02-20,12.32,14.68,12.32,14.68,79.65,124.47,124.56028571428571
2013-02-21,14.68,16.21,14.67,15.22,80.83,122.58,122.608
2013-02-22,14.6,15.02,14.16,14.17,78.66,125.37,125.49771428571428
2013-02-25,13.69,19.28,13.57,18.99,94.34,121.5,121.4057142857143
2013-02-26,17.5,18.23,16.75,16.87,90.23,122.92,122.88942857142857
2013-02-27,16.57,16.6,14.42,14.73,82.29,124.96,124.87685714285715
2013-02-28,15.0,15.6,14.16,15.51,86.57,126.86,126.844
2013-03-01,16.1,16.82,15.14,15.36,87.83,128.19,128.23285714285714
2013-03-04,16.16,16.16,14.01,14.01,82.27,128.65,128.6582857142857
2013-03-05,13.44,13.66,13.24,13.48,79.32,126.62,126.58657142857143
2013-03-06,13.18,13.77,13.17,13.53,78.78,124.73,124.64142857142858
2013-03-07,13.45,13.56,13.03,13.06,77.16,125.28,125.21799999999999
2013-03-08,12.67,13.3,12.49,12.59,76.65,124.46,124.27028571428572
2013-03-11,12.31,12.34,11.5,11.56,77.32,125.21,
2013-03-12,11.79,12.93,11.74,12.27,79.99,128.66,
2013-03-13,12.18,12.55,11.79,11.83,84.36,127.13,
2013-03-14,11.7,11.75,11.05,11.3,83.5,128.96,
2013-03-15,11.52,11.99,11.21,11.3,85.72,129.12,
2013-03-18,13.47,13.64,12.57,13.36,93.07,126.17,
2013-03-19,13.03,15.4,12.92,14.39,94.39,127.08,
2013-03-20,13.18,13.18,12.3,12.67,89.45,123.73,
2013-03-21,13.07,14.21,12.62,13.99,93.98,121.69,121.79
2013-03-22,13.34,13.85,13.19,13.57,91.78,122.18,122.29357142857143
2013-03-25,12.85,14.61,12.39,13.74,88.86,122.03,122.20428571428572
2013-03-26,12.95,13.21,12.69,12.77,85.14,122.47,122.6775
2013-03-27,13.72,13.97,12.97,13.15,85.32,121.99,122.22071428571428
2013-03-28,12.91,13.07,12.54,12.7,83.2,122.93,123.0
2013-04-01,13.46,14.05,13.26,13.58,84.23,121.21,121.36857142857143
2013-04-02,13.11,13.18,12.76,12.78,80.49,122.84,123.00285714285714
2013-04-03,12.65,14.66,12.62,14.21,85.23,120.92,120.93321428571429
2013-04-04,14.1,14.79,13.89,13.89,83.12,120.79,120.88
2013-04-05,15.64,15.65,13.86,13.92,84.49,118.34,118.35464285714286
2013-04-08,14.04,14.5,13.19,13.19,82.12,119.21,119.24357142857143
2013-04-09,13.11,13.68,12.75,12.84,82.04,118.63,118.72642857142857
2013-04-10,12.66,12.88,12.32,12.36,82.75,118.34,118.39
2013-04-11,12.55,12.62,12.15,12.24,83.37,117.24,117.3125
2013-04-12,12.61,13.12,11.99,12.06,82.39,117.84,118.14214285714286
2013-04-15,13.12,17.27,12.66,17.27,104.62,119.92,
2013-04-16,14.72,14.87,13.91,13.96,88.19,124.1,
2013-04-17,15.35,17.9,14.98,16.51,105.26,120.7,
2013-04-18,16.34,18.2,16.32,17.56,107.65,121.28,121.27
2013-04-19,16.67,16.98,14.87,14.97,95.52,122.61,122.62771428571429
2013-04-22,15.08,16.0,14.04,14.39,90.91,120.52,120.49685714285715
2013-04-23,13.81,14.87,13.46,13.48,85.16,121.56,121.5442857142857
2013-04-24,13.57,13.75,13.36,13.61,84.99,119.84,119.93485714285714
2013-04-25,13.61,13.87,13.13,13.62,85.89,119.83,119.91
2013-04-26,13.94,14.18,13.49,13.61,85.09,118.86,118.9342857142857
2013-04-29,13.72,13.94,13.36,13.71,84.42,118.85,118.87085714285715
2013-04-30,13.71,14.28,13.51,13.52,83.46,119.05,118.93171428571429
2013-05-01,13.88,14.67,13.87,14.49,88.11,118.05,118.06657142857144
2013-05-02,14.48,14.48,13.58,13.59,83.82,117.95,118.018
2013-05-03,12.92,13.15,12.77,12.85,80.91,118.18,118.28
2013-05-06,13.06,13.19,12.66,12.66,79.78,116.93,116.89800000000001
2013-05-07,12.63,12.96,12.49,12.83,78.86,119.76,119.72171428571428
2013-05-08,12.87,13.04,12.62,12.66,79.81,117.35,117.45571428571428
2013-05-09,12.91,13.53,12.78,13.13,81.14,119.08,119.17999999999999
2013-05-10,13.08,13.45,12.54,12.59,80.45,117.97,118.13771428571428
2013-05-13,12.57,12.87,12.49,12.55,,119.16,
2013-05-14,12.61,13.21,12.54,12.77,80.45,116.16,
2013-05-15,12.98,13.43,12.78,12.81,83.15,119.41,
2013-05-16,13.07,13.46,12.79,13.07,84.5,121.22,
2013-05-17,12.73,12.94,12.26,12.45,84.0,127.85,
2013-05-20,13.28,13.28,12.84,13.02,85.01,117.67,
2013-05-21,13.08,13.44,12.89,13.37,88.04,117.08,
2013-05-22,13.45,14.45,13.05,13.82,88.23,117.16,
2013-05-23,14.94,15.11,13.87,14.07,87.4,116.92,116.96
2013-05-24,14.59,14.79,13.99,13.99,83.88,118.17,118.21142857142857
2013-05-28,13.67,14.56,13.56,14.48,82.65,112.47,112.12642857142858
2013-05-29,15.3,15.65,14.59,14.83,81.72,116.2,116.17285714285714
2013-05-30,14.9,14.98,14.27,14.53,80.22,117.75,117.8025
2013-05-31,15.02,16.35,14.36,16.3,84.87,119.51,119.50999999999999
2013-06-03,16.4,17.58,16.15,16.28,86.99,119.16,119.28928571428571
2013-06-04,16.16,17.25,15.82,16.27,87.39,116.87,116.89571428571428
2013-06-05,16.86,17.84,16.57,17.5,93.18,116.57,116.60642857142857
2013-06-06,17.7,18.51,16.6,16.63,91.91,117.64,117.72
2013-06-07,15.9,16.21,14.96,15.14,84.19,116.2,116.09821428571429
2013-06-10,15.16,15.6,15.1,15.44,82.94,116.2,115.98428571428572
2013-06-11,16.91,17.14,16.0,17.07,92.32,116.98,116.93785714285714
2013-06-12,16.51,18.6,16.43,18.59,101.77,115.56,115.37571428571428
2013-06-13,18.38,18.58,16.37,16.41,95.08,117.28,117.155
2013-06-14,16.63,17.26,16.03,17.15,93.87,116.29,116.28642857142857
2013-06-17,16.53,17.62,16.33,16.8,90.45,116.74,
2013-06-18,16.81,16.95,16.46,16.61,89.99,118.7,
2013-06-19,16.89,17.18,15.36,16.64,88.59,117.84,
2013-06-20,18.4,21.32,18.01,20.49,100.98,117.52,117.47
2013-06-21,18.97,20.93,18.25,18.9,96.1,117.36,117.30678571428571
2013-06-24,20.87,21.91,18.58,20.11,100.93,116.08,115.94285714285715
2013-06-25,18.65,19.22,17.82,18.47,94.83,115.23,115.05464285714285
2013-06-26,17.23,18.06,17.08,17.21,90.76,115.81,115.69642857142858
2013-06-27,16.6,16.97,16.34,16.86,86.05,116.01,115.945
2013-06-28,17.25,17.69,16.19,16.86,86.54,116.53,116.48714285714286
2013-07-01,16.9,16.9,16.0,16.37,84.89,114.85,114.84464285714286
2013-07-02,16.49,16.93,15.88,16.44,83.7,115.22,115.21285714285715
2013-07-03,17.22,17.32,16.2,16.2,82.72,113.13,113.01107142857143
2013-07-05,15.59,16.28,14.89,14.89,77.41,117.12,117.08964285714285
2013-07-08,14.66,15.27,14.66,14.78,75.49,117.13,117.0642857142857
2013-07-09,14.33,14.65,14.26,14.35,75.92,115.19,115.15107142857143
2013-07-10,14.46,14.62,14.06,14.21,79.54,117.08,117.03571428571429
2013-07-11,13.57,14.2,13.57,14.01,77.16,115.53,115.2975
2013-07-12,13.9,14.04,13.74,13.84,76.14,113.27,113.06785714285715
2013-07-15,13.98,14.11,13.5,13.79,76.22,114.42,
2013-07-16,13.78,14.56,13.78,14.42,80.84,115.26,
2013-07-17,14.2,14.44,13.76,13.78,77.06,115.27,
2013-07-18,13.63,13.8,13.2,13.77,74.68,115.58,115.63
2013-07-19,13.89,13.97,12.54,12.54,73.64,113.07,113.02085714285715
2013-07-22,13.23,13.37,12.29,12.29,72.49,112.9,112.79542857142857
2013-07-23,12.15,13.06,12.07,12.66,75.05,113.14,113.06428571428572
2013-07-24,12.69,13.49,12.69,13.18,76.8,118.72,118.8437142857143
2013-07-25,13.47,13.54,12.91,12.97,76.74,117.85,118.02199999999999
2013-07-26,13.41,13.73,12.71,12.72,76.54,118.23,118.40942857142856
2013-07-29,13.54,13.86,13.38,13.39,76.65,118.93,119.17
2013-07-30,13.45,14.14,13.35,13.39,74.35,119.39,119.60971428571429
2013-07-31,13.55,13.83,12.94,13.45,73.08,117.85,118.03857142857143
2013-08-01,12.89,13.25,12.82,12.94,71.1,115.06,115.14399999999999
2013-08-02,12.66,12.74,11.98,11.98,70.36,116.89,117.10142857142857
2013-08-05,12.29,12.42,11.83,11.84,69.74,116.53,116.73142857142858
2013-08-06,12.19,12.93,12.06,12.72,75.53,119.09,119.40542857142857
2013-08-07,13.17,13.91,12.96,12.98,76.57,118.31,118.54142857142857
2013-08-08,12.5,13.13,12.37,12.73,75.41,118.47,118.722
2013-08-09,12.88,13.66,12.71,13.41,77.33,122.3,122.9722857142857
2013-08-12,13.52,13.57,12.8,12.81,78.77,115.44,
2013-08-13,12.86,13.37,12.29,12.31,78.94,115.81,
2013-08-14,12.48,13.09,12.35,13.04,80.22,119.33,
2013-08-15,14.14,14.85,13.91,14.73,86.21,115.82,
2013-08-16,14.56,14.88,13.62,14.37,84.09,117.21,
2013-08-19,14.94,15.2,14.35,15.1,86.91,118.15,
2013-08-20,15.22,15.25,14.29,14.91,89.08,118.07,
2013-08-21,16.0,16.56,14.67,15.94,90.38,117.17,
2013-08-22,15.26,15.26,14.66,14.76,84.52,119.21,119.28
2013-08-23,14.29,14.82,13.98,13.98,80.02,120.13,120.23821428571428
2013-08-26,14.37,15.01,13.9,14.99,83.06,118.69,118.76857142857143
2013-08-27,16.56,17.13,15.82,16.77,92.36,118.07,118.12321428571428
2013-08-28,16.96,17.11,16.1,16.49,91.46,117.51,117.57285714285715
2013-08-29,16.79,16.98,15.99,16.81,91.49,117.21,117.2875
2013-08-30,16.75,17.81,16.7,17.01,92.6,117.48,117.43428571428572
2013-09-03,16.47,17.37,16.11,16.61,90.66,116.72,116.76428571428572
2013-09-04,16.88,17.01,15.77,15.88,88.28,116.97,116.98928571428571
2013-09-05,16.12,16.12,15.63,15.77,85.8,117.37,117.28
2013-09-06,15.35,16.81,15.17,15.85,86.51,118.67,118.62857142857142
2013-09-09,15.86,16.02,15.22,15.63,83.46,119.0,118.88714285714286
2013-09-10,14.89,15.09,14.5,14.53,79.25,119.94,119.72035714285714
2013-09-11,14.74,14.74,13.82,13.82,78.4,120.68,120.44142857142857
2013-09-12,13.93,14.39,13.73,14.29,80.97,119.67,119.49
2013-09-13,14.27,14.55,14.11,14.16,79.73,120.12,120.02499999999999
2013-09-16,14.1,14.49,13.87,14.38,80.09,118.84,
2013-09-17,14.44,14.61,14.28,14.53,79.49,121.59,
2013-09-18,14.68,14.68,13.23,13.59,74.65,114.22,
2013-09-19,13.02,13.39,13.02,13.16,73.22,115.69,115.6
2013-09-20,13.3,13.47,12.52,13.12,76.89,115.87,115.7317857142857
2013-09-23,14.04,14.71,14.02,14.31,77.56,119.08,119.13714285714286
2013-09-24,14.17,14.37,13.75,14.08,74.78,119.31,119.35571428571428
2013-09-25,14.24,14.62,13.89,14.01,73.08,117.45,117.26928571428572
2013-09-26,13.8,14.4,13.58,14.06,69.96,122.03,122.0575
2013-09-27,14.62,15.79,14.62,15.46,74.93,124.48,124.58714285714287
2013-09-30,17.49,17.49,16.16,16.6,81.67,123.46,123.59035714285714
2013-10-01,16.31,16.46,15.47,15.54,76.43,123.74,123.78
2013-10-02,16.4,16.81,16.13,16.6,85.73,123.52,123.63678571428572
2013-10-03,16.63,18.71,16.63,17.67,93.79,122.31,122.485
2013-10-04,17.72,17.87,16.66,16.74,88.71,123.98,124.20964285714287
2013-10-07,18.76,19.41,18.08,19.41,103.08,123.23,123.30214285714285
2013-10-08,19.01,21.01,18.98,20.34,106.55,120.72,120.82857142857142
2013-10-09,20.19,21.34,19.04,19.6,111.43,122.62,122.78142857142858
2013-10-10,17.66,17.92,16.29,16.48,95.31,120.25,120.6075
2013-10-11,16.31,16.38,15.46,15.72,90.85,130.97,131.73214285714286
2013-10-14,17.08,17.74,15.8,16.07,91.8,129.14,
2013-10-15,16.41,18.67,16.16,18.66,103.37,131.01,
2013-10-16,17.14,17.15,14.67,14.71,85.7,125.24,
2013-10-17,14.52,14.59,12.89,13.48,72.7,126.68,126.53
2013-10-18,12.86,13.53,12.34,13.04,73.42,131.35,131.25
2013-10-21,13.34,13.63,13.07,13.16,75.02,130.67,130.562
2013-10-22,12.99,13.92,12.93,13.33,74.13,129.17,129.14285714285714
2013-10-23,13.71,14.21,13.42,13.42,72.43,134.47,134.63514285714285
2013-10-24,13.5,13.62,13.15,13.2,70.84,135.42,135.59
2013-10-25,13.16,13.44,13.08,13.09,70.03,135.06,135.23857142857142
2013-10-28,13.62,13.72,13.22,13.31,70.16,133.27,133.35228571428573
2013-10-29,13.25,13.63,13.06,13.41,68.52,127.58,127.766
2013-10-30,13.72,21.26,13.64,13.65,69.56,127.95,128.23685714285713
2013-10-31,13.83,14.02,13.28,13.75,69.44,132.33,132.618
2013-11-01,13.46,13.92,13.22,13.28,68.94,129.84,130.10142857142856
2013-11-04,13.35,13.67,12.91,12.93,67.09,125.57,125.79085714285715
2013-11-05,13.22,13.64,12.86,13.27,67.41,122.98,122.93571428571428
2013-11-06,13.01,13.33,12.67,12.67,67.41,118.69,118.82857142857144
2013-11-07,12.99,14.14,12.93,13.91,71.74,123.83,123.698
2013-11-08,13.76,13.8,12.84,12.9,69.39,126.37,126.66857142857143
2013-11-11,12.85,12.93,12.4,12.53,69.39,125.55,
2013-11-12,12.8,13.06,12.63,12.82,69.39,129.66,
2013-11-13,13.35,13.35,12.46,12.52,71.37,131.01,
2013-11-14,12.8,12.94,12.28,12.37,71.91,133.03,
2013-11-15,12.12,12.45,11.99,12.19,73.58,133.46,
2013-11-18,12.41,13.22,12.41,13.1,75.06,137.06,
2013-11-19,13.03,13.68,12.88,13.39,74.45,133.62,
2013-11-20,13.56,13.94,12.97,13.4,69.05,133.25,
2013-11-21,13.09,13.09,12.44,12.66,64.95,124.63,124.59
2013-11-22,12.69,12.91,12.24,12.26,63.77,133.76,134.07392857142855
2013-11-25,12.55,12.92,12.49,12.79,64.88,134.23,134.26285714285714
2013-11-26,12.84,12.99,12.49,12.81,65.14,133.64,133.7485714285714
2013-11-27,12.81,12.98,12.44,12.98,64.81,133.82,133.96714285714285
2013-11-29,13.06,13.78,12.93,13.7,64.81,130.82,131.25428571428571
2013-12-02,13.91,14.31,13.78,14.23,69.59,131.64,132.16071428571428
2013-12-03,14.74,15.04,14.43,14.55,73.21,132.38,132.92000000000002
2013-12-04,15.03,15.71,14.22,14.7,72.73,131.63,132.11785714285713
2013-12-05,14.82,15.38,14.7,15.08,75.8,128.01,128.36
2013-12-06,13.97,14.09,13.62,13.79,70.45,132.32,132.58714285714285
2013-12-09,13.97,14.07,13.49,13.49,70.45,126.09,126.78357142857142
2013-12-10,14.14,14.22,13.69,13.91,70.45,126.68,127.35428571428571
2013-12-11,13.98,15.43,13.98,15.42,80.55,126.74,126.98142857142858
2013-12-12,15.44,16.09,15.21,15.54,83.38,125.09,124.9075
2013-12-13,15.17,15.8,15.06,15.76,85.39,126.22,126.17285714285715
2013-12-16,15.64,16.08,15.3,16.03,83.2,128.21,
2013-12-17,16.04,16.67,15.81,16.21,82.23,128.75,
2013-12-18,15.95,16.75,13.74,13.8,67.17,135.58,
2013-12-19,13.59,14.21,12.89,14.15,67.03,137.86,138.21
2013-12-20,13.61,13.87,13.12,13.79,68.0,143.2,143.67685714285716
2013-12-23,13.37,13.53,13.02,13.04,63.49,138.11,138.49114285714285
2013-12-24,12.85,12.89,12.48,12.48,63.49,137.88,138.2057142857143
2013-12-26,12.48,12.5,11.69,12.33,62.71,136.65,137.262
2013-12-27,12.21,12.59,12.2,12.46,66.67,136.72,137.12485714285714
2013-12-30,12.87,13.58,12.83,13.56,69.71,134.36,134.71314285714286
2013-12-31,13.43,14.35,13.38,13.72,70.83,133.63,133.92371428571428
2014-01-02,14.32,14.59,14.0,14.23,73.14,133.73,134.072
2014-01-03,14.06,14.22,13.57,13.76,70.03,134.46,134.8057142857143
2014-01-06,13.41,14.0,13.22,13.55,68.33,131.99,132.21285714285713
2014-01-07,12.38,13.28,12.16,12.92,68.33,129.1,129.0257142857143
2014-01-08,13.04,13.24,12.86,12.87,68.33,129.46,129.4414285714286
2014-01-09,12.83,13.26,12.83,12.89,68.33,130.87,130.778
2014-01-10,12.6,12.9,12.14,12.14,67.74,126.15,125.66942857142858
2014-01-13,12.18,13.65,11.82,13.28,75.71,130.59,
2014-01-14,12.89,12.9,11.96,12.28,69.31,133.43,
2014-01-15,12.15,12.4,11.81,12.28,69.56,132.69,
2014-01-16,12.32,12.66,12.28,12.53,73.98,136.35,
2014-01-17,12.34,12.93,12.04,12.44,75.72,139.62,
2014-01-21,12.63,13.42,12.61,12.87,77.78,138.77,
2014-01-22,12.57,13.12,12.55,12.84,74.46,138.92,
2014-01-23,13.67,14.66,13.67,13.77,78.25,135.71,136.07
2014-01-24,14.95,18.14,14.92,18.14,97.71,131.61,131.92107142857142
2014-01-27,17.29,18.99,16.85,17.42,93.5,128.73,129.00142857142856
2014-01-28,17.27,17.28,15.8,15.8,83.96,128.3,128.59821428571428
2014-01-29,17.95,18.04,16.71,17.35,92.47,126.71,126.95142857142856
2014-01-30,16.37,17.39,15.96,17.29,92.35,127.91,128.19
2014-01-31,18.71,18.99,17.27,18.41,99.66,128.37,128.40285714285716
2014-02-03,18.57,21.48,18.34,21.44,106.78,126.17,126.39464285714287
2014-02-04,19.99,20.07,18.44,19.11,100.4,127.26,127.61714285714285
2014-02-05,19.59,20.72,19.13,19.95,102.87,127.79,127.95428571428572
2014-02-06,19.09,19.09,17.09,17.23,92.58,124.68,124.735
2014-02-07,16.15,16.31,15.09,15.29,83.17,129.01,129.12142857142857
2014-02-10,15.63,15.76,15.1,15.26,79.89,126.26,126.17285714285714
2014-02-11,15.29,15.29,14.08,14.51,78.64,126.7,126.41821428571428
2014-02-12,14.31,14.64,14.02,14.3,79.56,127.84,127.8
2014-02-13,15.24,15.24,13.98,14.14,78.41,128.57,128.6175
2014-02-14,14.21,14.22,13.44,13.57,77.49,129.25,128.87857142857143
2014-02-18,13.95,14.51,13.77,13.87,75.82,124.25,
2014-02-19,14.85,15.73,14.12,15.5,86.23,129.12,
2014-02-20,15.28,15.8,14.59,14.79,79.83,134.37,134.65
2014-02-21,14.74,14.79,14.19,14.68,78.96,138.79,139.2442857142857
2014-02-24,14.83,14.83,13.97,14.23,77.84,134.47,134.74428571428572
2014-02-25,14.17,14.83,13.66,13.67,76.46,121.92,121.74857142857142
2014-02-26,13.83,14.54,13.73,14.35,79.42,132.22,132.46857142857144
2014-02-27,14.56,14.69,13.92,14.04,78.94,137.24,137.44
2014-02-28,14.22,14.79,13.49,14.0,81.45,137.17,136.5757142857143
2014-03-03,16.47,16.78,15.38,16.0,92.84,129.12,127.66321428571428
2014-03-04,14.53,14.54,14.0,14.1,82.14,131.65,131.94714285714286
2014-03-05,14.13,14.32,13.81,13.89,80.52,129.49,129.5664285714286
2014-03-06,13.82,14.42,13.73,14.21,79.55,133.46,133.32
2014-03-07,13.51,14.43,13.51,14.11,83.07,130.49,130.49535714285713
2014-03-10,14.76,15.28,14.2,14.2,82.35,131.35,131.31857142857143
2014-03-11,14.22,14.93,13.84,14.8,85.12,130.08,130.04928571428573
2014-03-12,15.37,15.64,14.43,14.47,83.45,132.33,132.4857142857143
2014-03-13,14.28,16.66,14.24,16.22,92.14,127.66,127.9
2014-03-14,16.74,18.22,16.09,17.82,97.11,126.26,126.29
2014-03-17,16.39,16.4,15.37,15.64,87.79,131.87,
2014-03-18,15.42,15.47,14.16,14.52,81.89,129.37,
2014-03-19,14.56,15.95,13.89,15.12,81.35,132.74,
2014-03-20,15.58,15.62,14.5,14.52,77.03,134.02,134.11
2014-03-21,13.96,15.17,13.77,15.0,78.64,132.82,132.74714285714285
2014-03-24,14.7,16.07,14.56,15.09,77.29,132.7,133.1342857142857
2014-03-25,14.16,15.05,13.96,14.02,74.77,121.81,121.63964285714286
2014-03-26,13.64,15.28,13.46,14.93,76.27,119.05,118.80642857142857
2014-03-27,15.0,15.63,14.49,14.62,74.71,117.96,117.74249999999999
2014-03-28,14.15,14.86,13.73,14.41,74.86,124.98,124.9557142857143
2014-03-31,13.88,14.16,13.57,13.88,72.2,123.25,123.0142857142857
2014-04-01,13.43,13.56,13.06,13.1,67.51,128.08,127.92714285714285
2014-04-02,13.17,13.35,12.92,13.09,67.33,127.3,127.14428571428572
2014-04-03,13.02,13.7,13.02,13.37,67.73,128.13,128.245
2014-04-04,12.88,14.55,12.6,13.96,69.53,126.61,126.81142857142856
2014-04-07,14.96,16.01,14.57,15.57,74.51,123.92,123.85642857142857
2014-04-08,15.59,16.2,14.81,14.89,71.43,124.34,124.11571428571428
2014-04-09,14.58,14.94,13.7,13.82,69.19,130.79,131.04142857142858
2014-04-10,13.98,16.38,13.81,15.89,78.56,125.11,125.21000000000001
2014-04-11,16.66,17.85,15.89,17.03,83.94,122.59,122.42285714285714
2014-04-14,16.14,17.4,16.1,16.11,82.2,123.76,
2014-04-15,16.14,17.5,15.47,15.61,80.67,129.24,
2014-04-16,14.89,15.27,14.05,14.18,72.08,125.43,
2014-04-17,14.09,14.17,13.07,13.36,70.08,127.93,128.12
2014-04-21,14.1,14.11,13.17,13.25,68.62,119.11,118.88
2014-04-22,13.13,13.26,12.9,13.19,66.74,126.51,126.60857142857142
2014-04-23,13.35,13.75,13.27,13.27,66.22,126.11,126.142
2014-04-24,13.36,14.08,13.09,13.32,68.75,124.79,124.94800000000001
2014-04-25,13.93,14.67,13.91,14.06,70.49,121.95,122.0022857142857
2014-04-28,14.27,15.28,13.82,13.97,67.63,123.69,123.79628571428572
2014-04-29,13.88,14.24,13.61,13.71,65.47,123.44,123.51771428571429
2014-04-30,14.05,14.18,13.34,13.41,64.49,124.53,124.592
2014-05-01,13.64,13.75,13.1,13.25,64.5,124.9,124.968
2014-05-02,13.15,13.5,12.83,12.91,64.54,124.13,124.35142857142857
2014-05-05,13.95,14.2,13.08,13.29,64.4,123.56,123.586
2014-05-06,13.65,13.9,13.28,13.8,64.93,121.18,121.09085714285715
2014-05-07,13.64,14.49,13.39,13.4,62.64,123.27,123.31571428571428
2014-05-08,13.69,13.88,12.92,13.43,62.16,123.93,124.044
2014-05-09,13.55,14.03,12.87,12.92,61.76,125.6,125.8617142857143
2014-05-12,12.46,12.58,11.88,12.23,61.76,125.28,
2014-05-13,12.36,12.74,12.05,12.13,61.76,124.3,
2014-05-14,12.42,12.51,12.03,12.17,69.03,122.75,
2014-05-15,12.73,13.77,12.72,13.17,71.6,123.6,
2014-05-16,13.31,13.66,12.26,12.44,68.72,127.23,
2014-05-19,13.17,13.21,12.28,12.42,67.58,128.18,
2014-05-20,12.69,13.3,12.32,12.96,68.77,127.47,
2014-05-21,12.38,12.46,11.8,11.91,66.56,123.89,
2014-05-22,11.93,12.09,11.68,12.03,68.06,123.68,123.83
2014-05-23,11.96,11.97,11.36,11.36,66.86,125.13,125.30892857142858
2014-05-27,11.69,11.84,11.5,11.51,64.95,123.64,123.725
2014-05-28,11.6,11.86,11.5,11.68,67.37,124.18,124.29642857142858
2014-05-29,11.58,11.82,11.41,11.57,66.93,125.81,126.035
2014-05-30,11.66,11.7,11.32,11.4,67.95,124.23,124.32857142857144
2014-06-02,11.69,12.17,11.29,11.58,68.76,123.33,123.39357142857143
2014-06-03,12.03,12.13,11.72,11.87,68.19,121.79,121.78857142857143
2014-06-04,12.15,12.33,11.91,12.08,67.67,121.48,121.43142857142858
2014-06-05,12.09,12.34,11.44,11.68,65.47,122.21,122.195
2014-06-06,11.32,11.39,10.73,10.73,67.08,122.88,122.85464285714286
2014-06-09,11.23,11.51,10.99,11.15,70.88,124.67,124.76214285714285
2014-06-10,11.3,11.66,10.93,10.99,70.5,125.38,125.65
2014-06-11,11.42,11.87,11.19,11.6,74.21,126.71,127.01428571428572
2014-06-12,11.81,12.81,11.71,12.56,79.97,127.82,128.14499999999998
2014-06-13,12.45,12.69,11.89,12.18,79.81,127.78,128.2892857142857
2014-06-16,12.65,12.87,12.28,12.65,81.5,127.67,
2014-06-17,12.81,12.89,12.06,12.06,78.41,130.18,
2014-06-18,11.8,11.91,10.57,10.61,71.76,129.53,
2014-06-19,10.53,10.82,10.42,10.62,73.41,138.61,139.04
2014-06-20,10.4,11.02,10.34,10.85,73.33,143.26,143.8489285714286
2014-06-23,11.26,11.35,10.92,10.98,72.58,139.41,139.8842857142857
2014-06-24,11.02,12.27,10.87,12.13,75.24,134.65,134.93428571428572
2014-06-25,12.31,12.33,11.37,11.59,72.31,131.82,131.93214285714285
2014-06-26,11.51,12.51,11.5,11.63,72.86,132.81,133.025
2014-06-27,11.72,12.04,11.19,11.26,72.72,135.36,135.71857142857144
2014-06-30,11.75,11.81,11.3,11.57,71.56,139.35,140.0142857142857
2014-07-01,11.28,11.42,10.92,11.15,69.28,139.36,139.95285714285714
2014-07-02,11.18,11.18,10.56,10.82,68.15,140.37,140.9917857142857
2014-07-03,10.47,10.76,10.28,10.32,68.35,142.28,143.01
2014-07-07,11.15,11.54,11.01,11.33,71.66,137.76,138.455
2014-07-08,11.72,12.51,11.72,11.98,73.21,134.2,134.8089285714286
2014-07-09,11.74,12.05,11.5,11.65,76.28,135.8,136.34142857142857
2014-07-10,13.22,13.23,12.05,12.59,82.14,134.43,135.225
2014-07-11,12.5,12.68,12.07,12.08,79.91,138.74,139.70857142857142
2014-07-14,11.6,11.83,11.4,11.82,77.29,139.94,
2014-07-15,11.53,12.47,11.46,11.96,78.92,136.92,
2014-07-16,10.81,11.45,10.59,11.0,75.81,134.86,
2014-07-17,11.35,15.38,10.85,14.54,89.96,131.65,131.96
2014-07-18,13.34,13.55,12.04,12.06,80.37,141.19,141.78942857142857
2014-07-21,12.85,13.62,12.46,12.81,81.41,138.75,139.32857142857142
2014-07-22,11.97,12.24,11.69,12.24,75.22,136.37,136.98714285714286
2014-07-23,11.54,12.16,11.41,11.52,76.64,132.55,132.96314285714286
2014-07-24,11.43,12.06,11.43,11.84,77.66,133.8,134.29399999999998
2014-07-25,12.03,12.75,12.03,12.69,81.08,135.26,135.84799999999998
2014-07-28,12.93,13.64,12.54,12.56,81.21,135.02,135.58657142857143
2014-07-29,12.35,13.35,12.12,13.28,81.72,132.35,132.84971428571427
2014-07-30,12.63,14.07,12.53,13.33,83.58,130.54,130.8422857142857
2014-07-31,14.35,17.11,14.26,16.95,97.42,128.71,128.99
2014-08-01,16.67,17.57,15.52,17.03,101.11,128.93,129.17000000000002
2014-08-04,16.64,16.8,14.69,15.12,93.12,126.86,126.87457142857143
2014-08-05,15.54,17.14,15.1,16.87,98.32,124.62,124.64171428571429
2014-08-06,17.22,17.3,15.7,16.37,96.38,124.41,124.32142857142857
2014-08-07,15.5,17.25,15.44,16.66,97.4,124.68,124.82
2014-08-08,16.43,17.09,15.53,15.77,91.84,120.36,120.442
2014-08-11,15.16,15.16,13.72,14.23,87.54,124.24,
2014-08-12,14.42,14.74,13.76,14.13,85.98,123.69,
2014-08-13,13.57,13.93,12.84,12.9,81.27,126.93,
2014-08-14,13.05,13.13,12.42,12.42,78.48,132.46,
2014-08-15,11.91,14.94,11.89,13.15,82.2,135.43,
2014-08-18,12.85,12.85,12.26,12.32,81.02,138.46,
2014-08-19,12.14,12.46,11.91,12.21,80.84,138.69,
2014-08-20,12.23,12.24,11.6,11.78,79.9,135.46,
2014-08-21,11.93,13.51,11.52,11.76,79.61,135.75,136.12
2014-08-22,11.88,12.48,11.47,11.47,79.58,135.1,135.66107142857143
2014-08-25,11.58,11.77,11.24,11.7,79.33,135.42,135.7514285714286
2014-08-26,11.33,11.93,11.33,11.63,79.39,133.54,133.83892857142857
2014-08-27,11.69,11.93,11.54,11.78,78.85,135.41,135.86357142857142
2014-08-28,12.38,12.73,12.05,12.05,80.53,137.95,138.535
2014-08-29,11.86,12.44,11.78,11.98,81.11,127.01,127.42571428571429
2014-09-02,12.32,13.41,12.23,12.25,82.41,131.72,132.6042857142857
2014-09-03,12.03,12.55,11.91,12.36,80.77,131.55,132.47464285714287
2014-09-04,12.4,12.99,11.7,12.64,79.99,130.15,130.805
2014-09-05,12.37,13.18,11.96,12.09,77.33,137.49,138.79714285714286
2014-09-08,12.64,13.09,12.4,12.66,77.84,132.91,133.94642857142858
2014-09-09,12.7,13.91,12.7,13.5,79.3,136.88,137.32392857142858
2014-09-10,13.36,14.06,12.86,12.88,82.12,130.53,131.27285714285716
2014-09-11,13.53,13.67,12.66,12.8,83.1,132.72,133.3925
2014-09-12,12.85,14.27,12.85,13.31,89.25,127.37,127.92714285714285
2014-09-15,13.54,14.19,13.54,14.12,91.58,127.09,
2014-09-16,14.48,14.53,12.72,12.73,84.52,126.81,
2014-09-17,13.06,14.53,11.73,12.65,81.52,138.13,
2014-09-18,12.55,12.58,11.98,12.03,77.47,142.1,142.56
2014-09-19,11.73,12.61,11.52,12.11,77.7,146.08,146.6762857142857
2014-09-22,13.14,13.98,13.13,13.69,87.41,139.85,140.38685714285714
2014-09-23,14.82,14.94,13.83,14.93,91.9,132.46,132.64999999999998
2014-09-24,14.62,14.93,13.24,13.27,86.21,126.9,126.76685714285713
2014-09-25,14.11,16.69,14.03,15.64,96.72,132.24,132.52
2014-09-26,15.77,15.98,14.31,14.85,90.63,130.49,130.61371428571428
2014-09-29,16.96,17.08,15.45,15.98,95.02,131.67,131.69114285714286
2014-09-30,15.49,16.43,15.18,16.31,92.47,127.73,127.89142857142858
2014-10-01,16.44,17.56,16.08,16.71,98.12,123.17,123.248
2014-10-02,16.7,17.98,15.9,16.16,93.75,125.35,125.264
2014-10-03,15.16,15.43,14.44,14.55,87.77,122.53,122.52428571428571
2014-10-06,14.46,15.77,14.05,15.46,88.73,126.96,126.906
2014-10-07,16.18,17.46,15.97,17.2,99.2,120.85,120.49057142857143
2014-10-08,17.35,18.03,14.97,15.11,89.08,128.08,128.0157142857143
2014-10-09,15.64,19.38,15.34,18.76,102.13,123.58,123.53
2014-10-10,19.11,22.06,18.14,21.24,113.38,130.82,131.57485714285716
2014-10-13,21.16,24.64,20.52,24.64,131.57,130.36,
2014-10-14,23.77,24.55,21.48,22.79,120.61,127.78,
2014-10-15,26.36,31.06,24.64,26.25,129.01,111.31,
2014-10-16,29.26,29.41,24.61,25.2,121.94,127.97,
2014-10-17,21.68,23.08,20.23,21.99,118.84,131.71,
2014-10-20,22.11,22.16,18.51,18.57,108.83,120.62,
2014-10-21,17.72,17.75,16.03,16.08,104.09,129.18,
2014-10-22,16.06,18.43,15.56,17.87,108.82,127.04,
2014-10-23,16.07,17.06,15.68,16.53,102.05,128.77,129.22
2014-10-24,16.43,18.06,16.09,16.11,104.38,125.57,125.83928571428571
2014-10-27,17.24,17.87,16.0,16.04,100.75,123.77,124.06
2014-10-28,15.69,15.78,14.39,14.39,95.89,127.56,128.0314285714286
2014-10-29,14.61,16.28,14.19,15.15,99.34,124.18,124.43142857142857
2014-10-30,15.31,15.75,14.07,14.52,98.52,121.02,120.985
2014-10-31,13.84,14.83,13.72,14.03,94.1,124.75,124.51142857142858
2014-11-03,14.41,14.99,14.23,14.73,93.19,124.64,124.90857142857143
2014-11-04,15.05,15.93,14.83,14.89,92.44,124.19,124.42571428571429
2014-11-05,14.15,14.99,14.15,14.17,87.08,125.66,125.97749999999999
2014-11-06,14.46,15.08,13.67,13.67,83.42,124.93,125.19999999999999
2014-11-07,13.71,14.16,13.01,13.12,80.44,127.08,127.56142857142858
2014-11-10,13.16,13.25,12.38,12.67,79.7,130.51,131.95357142857142
2014-11-11,12.71,13.18,12.6,12.92,79.79,127.11,127.67357142857144
2014-11-12,13.76,13.76,12.99,13.02,83.1,125.71,126.22571428571428
2014-11-13,13.33,14.31,12.87,13.79,86.29,128.96,129.7975
2014-11-14,13.79,14.15,13.31,13.31,85.58,128.68,129.59642857142856
2014-11-17,14.7,14.73,13.84,13.99,84.79,123.69,
2014-11-18,13.86,13.99,13.13,13.86,82.6,132.03,
2014-11-19,14.01,14.78,13.83,13.96,81.06,124.66,
2014-11-20,14.66,15.74,13.58,13.58,79.14,136.35,136.64
2014-11-21,13.16,13.8,12.9,12.9,79.34,138.46,138.91785714285714
2014-11-24,12.92,13.02,12.43,12.62,79.25,140.18,140.78285714285713
2014-11-25,12.55,13.02,12.23,12.25,77.93,140.11,140.92357142857142
2014-11-26,12.27,12.4,11.91,12.07,77.04,139.86,140.6357142857143
2014-11-28,12.64,13.49,12.36,13.33,79.84,131.89,132.01142857142858
2014-12-01,14.16,14.75,13.94,14.29,86.84,127.95,128.20357142857142
2014-12-02,14.1,14.17,12.85,12.85,83.47,121.64,121.65142857142857
2014-12-03,12.75,12.88,12.21,12.47,86.45,134.44,134.21785714285716
2014-12-04,12.7,13.23,12.09,12.38,85.17,128.73,129.32999999999998
2014-12-05,12.08,12.28,11.53,11.82,85.41,131.41,132.2675
2014-12-08,13.05,14.67,12.55,14.21,94.45,137.62,137.61214285714286
2014-12-09,16.23,16.68,14.84,14.89,97.13,136.69,136.89678571428573
2014-12-10,15.56,18.92,15.4,18.53,117.32,130.88,130.53142857142856
2014-12-11,17.68,20.13,15.94,20.08,132.4,130.73,130.3825
2014-12-12,20.51,23.06,18.34,21.08,138.6,131.47,131.2864285714286
2014-12-15,19.59,24.83,17.77,20.42,128.22,135.12,
2014-12-16,23.55,25.2,19.6,23.57,132.94,131.21,
2014-12-17,23.9,24.61,19.26,19.44,114.37,125.48,
2014-12-18,17.14,18.51,16.07,16.81,107.24,126.24,126.16
2014-12-19,16.57,17.2,16.11,16.49,99.17,138.63,138.9835294117647
2014-12-22,16.32,16.88,15.03,15.25,99.69,136.61,137.02058823529413
2014-12-23,14.47,15.21,14.32,14.8,94.73,136.93,137.34911764705882
2014-12-24,14.52,14.54,14.01,14.37,95.29,135.65,136.0335294117647
2014-12-26,14.6,14.84,14.13,14.5,92.28,135.03,135.3905882352941
2014-12-29,16.04,16.14,15.06,15.06,94.86,127.6,127.56058823529412
2014-12-30,15.9,16.2,15.48,15.92,97.84,136.39,136.68941176470588
2014-12-31,15.91,19.91,15.86,19.2,113.08,133.84,133.92294117647057
2015-01-02,17.76,20.14,17.05,17.79,112.55,128.66,128.46676470588235
2015-01-05,19.19,21.29,19.19,19.92,121.87,127.79,127.76941176470588
2015-01-06,20.33,22.9,19.52,21.12,118.45,125.27,125.20411764705882
2015-01-07,20.15,20.72,19.04,19.31,107.69,123.56,123.46941176470588
2015-01-08,17.93,18.09,16.99,17.01,98.44,124.77,124.6770588235294
2015-01-09,16.44,18.42,16.44,17.55,103.77,121.69,121.52235294117646
2015-01-12,18.02,20.44,18.02,19.6,109.04,121.09,
2015-01-13,18.21,21.58,17.65,20.56,109.22,122.2,
2015-01-14,22.87,23.34,21.32,21.48,113.5,132.66,
2015-01-15,21.23,23.31,20.86,22.39,117.07,120.77,
2015-01-16,22.8,23.43,20.95,20.95,111.32,131.39,
2015-01-20,20.07,21.37,19.58,19.89,108.4,123.63,
2015-01-21,20.92,21.28,18.64,18.85,98.62,134.3,134.19
2015-01-22,17.98,19.23,16.07,16.4,93.25,139.13,139.05142857142857
2015-01-23,16.79,17.09,15.81,16.66,96.33,132.09,131.97071428571428
2015-01-26,16.96,17.43,15.52,15.52,91.94,135.02,135.08285714285714
2015-01-27,17.6,18.41,16.67,17.22,96.11,128.43,128.4707142857143
2015-01-28,16.97,20.44,16.92,20.44,108.68,123.76,123.6275
2015-01-29,20.46,21.56,18.66,18.76,100.7,130.45,130.32142857142856
2015-01-30,20.23,22.18,19.24,20.97,108.99,125.36,125.32428571428571
2015-02-02,20.89,22.81,19.35,19.43,106.74,129.98,129.89285714285714
2015-02-03,18.41,18.89,17.2,17.33,101.03,129.78,129.8057142857143
2015-02-04,17.82,18.38,16.82,18.33,103.74,126.2,126.19
2015-02-05,17.29,17.43,16.67,16.85,98.56,127.54,127.53428571428572
2015-02-06,16.29,18.74,16.06,17.29,101.69,125.62,125.55571428571427
2015-02-09,19.16,19.28,18.21,18.55,104.19,129.85,129.72071428571428
2015-02-10,17.72,18.36,16.97,17.23,97.33,126.51,126.43428571428572
2015-02-11,17.43,17.81,16.82,16.96,98.73,128.39,128.345
2015-02-12,16.39,16.47,15.28,15.34,93.24,129.95,129.97714285714284
2015-02-13,15.11,15.64,14.69,14.69,92.74,126.04,126.03785714285713
2015-02-17,15.86,16.33,15.53,15.8,92.95,127.42,
2015-02-18,16.74,16.74,15.44,15.45,89.38,135.0,134.95
2015-02-19,16.11,16.22,15.1,15.29,87.6,131.3,131.21642857142857
2015-02-20,15.73,16.29,14.27,14.3,85.78,125.24,125.205
2015-02-23,15.05,15.48,14.49,14.56,86.13,134.66,134.58285714285714
2015-02-24,14.5,14.63,13.53,13.69,82.65,136.26,136.33928571428572
2015-02-25,13.64,14.06,12.86,13.84,86.57,136.33,136.3525
2015-02-26,13.55,14.57,13.55,13.91,86.93,126.2,126.10857142857142
2015-02-27,14.07,14.17,13.29,13.34,85.23,126.4,126.4325
2015-03-02,13.9,13.9,12.87,13.04,81.84,126.01,125.88714285714285
2015-03-03,13.35,14.69,13.25,13.86,85.05,123.09,123.03214285714286
2015-03-04,14.31,15.33,14.13,14.23,84.1,127.89,127.83
2015-03-05,14.01,14.58,13.88,14.04,81.26,127.26,127.235
2015-03-06,14.61,15.83,14.18,15.2,86.88,124.65,124.60857142857144
2015-03-09,15.72,15.76,14.71,15.06,85.55,124.16,124.10142857142857
2015-03-10,16.47,16.91,16.03,16.69,91.89,123.53,123.45714285714286
2015-03-11,16.44,17.19,16.29,16.87,97.28,123.72,123.6275
2015-03-12,16.45,16.45,15.3,15.42,89.48,121.53,121.45071428571428
2015-03-13,15.47,16.74,15.32,16.0,93.12,120.6,120.51464285714286
2015-03-16,15.78,15.89,15.36,15.61,90.54,122.83,
2015-03-17,16.31,16.37,15.66,15.66,88.25,125.44,
2015-03-18,14.6,16.29,13.38,13.97,81.22,128.51,128.52
2015-03-19,14.68,14.97,13.84,14.07,81.61,127.95,127.96357142857141
2015-03-20,13.52,13.53,12.54,13.02,80.49,131.09,131.1192857142857
2015-03-23,13.52,13.53,12.89,13.41,79.98,127.12,127.125
2015-03-24,13.36,13.68,12.59,13.62,80.04,126.82,126.83785714285715
2015-03-25,13.26,15.55,13.2,15.44,83.52,122.96,122.975
2015-03-26,16.64,17.19,15.23,15.8,87.03,122.86,122.85285714285715
2015-03-27,15.73,15.83,14.19,15.07,86.5,121.8,121.8
2015-03-30,14.76,14.76,14.08,14.51,82.16,122.69,122.66714285714286
2015-03-31,14.97,15.74,14.33,15.29,84.01,120.35,120.2957142857143
2015-04-01,15.32,16.66,15.08,15.11,82.82,120.76,120.72
2015-04-02,15.3,15.51,14.27,14.67,80.21,119.92,119.8825
2015-04-06,15.75,15.76,14.04,14.74,80.3,120.05,119.9725
2015-04-07,14.57,14.81,14.01,14.78,79.7,121.34,121.27857142857142
2015-04-08,14.59,14.77,13.75,13.98,84.76,124.24,124.1625
2015-04-09,14.14,14.59,13.09,13.09,80.71,125.87,125.835
2015-04-10,13.2,13.26,12.51,12.58,78.91,127.22,127.22428571428571
2015-04-13,13.17,14.31,12.71,13.94,83.8,117.46,
2015-04-14,14.34,14.74,13.64,13.67,81.91,123.64,
2015-04-15,13.58,13.58,12.83,12.84,79.83,119.71,119.67
2015-04-16,13.27,13.35,12.5,12.6,79.78,120.37,120.34485714285714
2015-04-17,13.97,15.02,13.73,13.89,85.97,122.24,122.24742857142857
2015-04-20,13.67,13.67,12.83,13.3,81.48,124.16,124.14571428571429
2015-04-21,12.75,13.51,12.66,13.25,81.29,122.77,122.77171428571428
2015-04-22,12.97,13.8,12.57,12.71,79.7,124.07,124.06400000000001
2015-04-23,12.96,12.96,12.12,12.48,78.17,123.26,123.206
2015-04-24,12.21,13.02,12.16,12.29,76.43,119.95,119.91971428571428
2015-04-27,12.34,13.4,12.33,13.12,81.22,122.84,122.79171428571428
2015-04-28,13.26,14.23,12.41,12.41,77.68,124.02,123.97142857142858
2015-04-29,13.44,14.34,12.61,13.39,82.27,125.36,125.314
2015-04-30,13.89,15.29,12.49,14.55,87.08,115.96,115.91428571428571
2015-05-01,13.98,13.98,12.68,12.7,79.64,122.37,122.41371428571428
2015-05-04,13.12,13.18,12.1,12.85,78.56,121.68,121.67685714285714
2015-05-05,13.21,14.41,12.97,14.31,84.45,122.22,122.12285714285714
2015-05-06,13.93,16.36,13.89,15.15,90.8,119.74,119.764
2015-05-07,15.48,15.97,14.81,15.13,89.21,120.73,120.73885714285714
2015-05-08,13.36,13.42,12.7,12.86,79.44,122.93,122.98571428571428
2015-05-11,13.35,13.85,13.0,13.85,83.11,115.96,
2015-05-12,14.73,15.13,13.73,13.86,84.64,123.92,
2015-05-13,13.63,14.04,13.06,13.76,84.45,126.04,
2015-05-14,13.14,13.29,12.72,12.74,82.34,127.63,
2015-05-15,12.46,13.09,12.35,12.38,80.93,127.56,
2015-05-18,13.08,13.22,12.55,12.73,82.06,126.91,
2015-05-19,12.95,13.13,12.55,12.85,77.53,126.28,
2015-05-20,12.9,13.27,12.62,12.88,77.03,125.01,124.97
2015-05-21,13.03,13.09,12.09,12.11,73.18,121.11,121.01535714285716
2015-05-22,12.37,12.37,11.82,12.13,75.98,124.86,124.89714285714287
2015-05-26,13.45,14.63,13.34,14.06,81.94,123.06,123.07714285714286
2015-05-27,14.16,14.41,13.05,13.27,77.79,123.6,123.58
2015-05-28,13.49,13.99,13.31,13.31,77.35,125.37,125.39857142857143
2015-05-29,13.59,14.43,13.4,13.84,79.07,122.5,122.47285714285715
2015-06-01,13.92,14.86,13.47,13.97,78.89,122.43,122.42571428571428
2015-06-02,14.72,15.05,13.59,14.24,80.61,121.17,121.15964285714286
2015-06-03,13.73,14.2,13.4,13.66,79.27,124.59,124.47
2015-06-04,14.57,15.49,13.99,14.71,87.99,121.98,121.975
2015-06-05,15.01,15.65,14.21,14.21,84.1,119.62,119.62285714285714
2015-06-08,14.84,15.5,14.67,15.29,86.5,118.33,118.33178571428572
2015-06-09,15.18,15.74,14.47,14.47,84.34,119.4,119.41
2015-06-10,14.24,14.37,12.96,13.22,81.6,120.83,120.84
2015-06-11,13.04,13.22,12.56,12.85,79.53,125.32,125.265
2015-06-12,13.31,14.02,13.3,13.78,85.55,119.26,119.23535714285714
2015-06-15,15.48,15.57,14.91,15.39,96.12,119.25,
2015-06-16,15.62,15.62,14.81,14.81,95.96,120.23,
2015-06-17,14.66,15.49,14.07,14.5,93.19,119.09,119.06
2015-06-18,14.03,14.03,12.54,13.19,89.2,120.17,120.13628571428572
2015-06-19,13.35,14.0,12.96,13.96,92.16,119.5,119.48599999999999
2015-06-22,13.42,13.46,12.43,12.74,83.87,120.52,120.50999999999999
2015-06-23,12.5,12.68,11.93,12.11,78.85,122.78,122.77914285714286
2015-06-24,12.57,13.33,12.01,13.26,82.53,119.52,119.492
2015-06-25,12.96,14.16,12.92,14.01,83.51,122.68,122.67828571428572
2015-06-26,14.13,14.91,13.64,14.02,83.09,123.07,123.07114285714286
2015-06-29,16.7,19.5,15.82,18.85,117.0,124.54,124.49714285714286
2015-06-30,17.6,19.8,17.49,18.23,110.17,123.88,123.84285714285714
2015-07-01,16.63,17.26,15.65,16.09,97.6,120.14,120.11
2015-07-02,15.43,17.48,15.39,16.79,105.14,121.52,121.47428571428571
2015-07-06,18.65,18.95,16.57,17.01,105.97,118.68,118.62514285714286
2015-07-07,17.22,19.2,15.93,16.09,99.35,117.37,117.30714285714285
2015-07-08,17.38,19.76,16.94,19.66,111.67,118.25,118.186
2015-07-09,17.46,20.05,17.2,19.97,115.36,120.34,120.30371428571429
2015-07-10,17.45,18.17,16.6,16.83,101.19,118.52,118.43171428571428
2015-07-13,15.29,15.36,13.82,13.9,85.95,121.57,
2015-07-14,13.91,13.95,12.9,13.37,87.35,123.11,
2015-07-15,13.35,13.97,12.81,13.23,90.81,123.06,
2015-07-16,12.59,12.61,11.87,12.11,87.12,124.67,
2015-07-17,11.77,12.22,11.77,11.95,85.32,127.91,
2015-07-20,12.25,12.37,11.71,12.25,84.38,125.06,
2015-07-21,12.42,12.79,12.21,12.22,82.56,124.9,
2015-07-22,12.77,12.83,12.05,12.12,78.89,130.42,130.48
2015-07-23,12.06,13.08,11.73,12.64,81.44,123.18,123.16964285714286
2015-07-24,12.87,14.73,12.86,13.74,88.36,126.32,126.31214285714286
2015-07-27,15.6,16.27,15.03,15.6,97.32,126.67,126.62892857142857
2015-07-28,14.87,15.62,13.32,13.44,84.77,123.52,123.52
2015-07-29,13.57,13.59,11.85,12.5,82.94,121.03,121.005
2015-07-30,12.72,13.42,12.09,12.13,80.65,122.06,122.03999999999999
2015-07-31,12.03,12.63,11.82,12.12,81.77,124.2,124.18535714285714
2015-08-03,12.85,13.55,12.32,12.56,79.43,119.32,119.31
2015-08-04,12.66,13.22,12.29,13.0,80.82,119.79,119.8
2015-08-05,12.02,12.72,10.88,12.51,80.1,119.1,119.055
2015-08-06,12.2,14.25,12.16,13.77,84.36,126.09,126.04821428571428
2015-08-07,13.57,14.58,13.29,13.39,82.57,117.82,117.79857142857142
2015-08-10,12.73,12.78,12.18,12.23,80.21,121.54,121.60035714285713
2015-08-11,13.24,14.33,13.02,13.71,85.22,124.37,124.34
2015-08-12,15.19,16.28,13.45,13.61,88.13,119.97,120.025
2015-08-13,13.87,14.33,13.06,13.49,88.36,119.96,120.00785714285713
2015-08-14,13.69,13.87,12.8,12.83,89.38,119.37,119.30464285714287
2015-08-17,14.32,14.52,13.01,13.02,87.35,120.27,
2015-08-18,13.41,13.94,13.17,13.79,88.84,124.34,
2015-08-19,14.84,15.96,13.73,15.25,91.84,122.14,122.09
2015-08-20,16.55,19.24,16.13,19.14,108.75,118.76,118.70464285714286
2015-08-21,22.55,28.38,20.8,28.03,138.57,130.04,129.9857142857143
2015-08-24,28.03,53.29,28.03,40.74,168.75,129.46,129.4942857142857
2015-08-25,31.13,38.06,28.08,36.02,152.42,126.78,126.73142857142857
2015-08-26,31.13,35.62,28.67,30.32,134.31,124.35,124.35749999999999
2015-08-27,27.11,29.9,24.49,26.1,128.59,126.31,126.12571428571428
2015-08-28,26.69,29.2,25.77,26.05,127.18,130.38,130.24857142857144
2015-08-31,27.03,29.37,26.63,28.43,127.28,129.36,129.35714285714286
2015-09-01,31.91,33.82,29.91,31.4,128.94,125.35,125.20892857142857
2015-09-02,29.14,30.45,24.77,26.09,114.43,125.35,125.62
2015-09-03,25.21,26.31,23.45,25.61,118.16,132.43,132.42642857142857
2015-09-04,27.43,29.47,25.68,27.8,123.15,142.19,142.04571428571427
2015-09-08,25.05,26.25,24.13,24.9,117.62,132.37,132.12285714285716
2015-09-09,22.39,26.82,21.51,26.23,131.3,137.03,136.95749999999998
2015-09-10,26.87,27.22,23.53,24.37,127.06,131.42,131.31857142857143
2015-09-11,25.38,25.81,23.15,23.2,119.09,118.18,118.10464285714285
2015-09-14,24.03,25.32,23.64,24.25,118.01,142.93,
2015-09-15,23.28,23.77,22.13,22.54,109.34,136.0,
2015-09-16,22.57,22.94,21.09,21.35,107.02,142.16,142.03
2015-09-17,21.54,23.33,17.87,21.14,118.09,137.49,137.33085714285713
2015-09-18,23.07,23.99,20.98,22.28,116.26,119.47,119.47885714285714
2015-09-21,21.97,22.48,20.05,20.14,103.4,135.45,135.3242857142857
2015-09-22,22.97,26.29,22.25,22.44,111.36,135.94,135.75
2015-09-23,22.09,23.2,21.14,22.13,105.86,136.71,136.54
2015-09-24,23.53,25.3,21.81,23.47,110.12,134.03,133.86371428571428
2015-09-25,21.12,24.29,20.81,23.62,110.54,135.16,135.01914285714284
2015-09-28,25.02,28.33,24.94,27.63,115.31,134.18,134.05514285714287
2015-09-29,26.57,28.2,25.76,26.83,110.99,136.71,136.57714285714286
2015-09-30,24.64,25.88,23.25,24.5,103.28,113.9,113.86
2015-10-01,23.14,25.23,22.55,22.55,98.27,124.81,124.55857142857143
2015-10-02,23.99,24.47,20.35,20.94,95.07,115.75,115.66771428571428
2015-10-05,20.31,20.42,19.14,19.54,92.29,132.83,132.63542857142858
2015-10-06,19.54,20.32,18.82,19.4,92.46,129.32,129.16714285714286
2015-10-07,18.96,19.73,18.33,18.4,89.43,132.39,132.254
2015-10-08,18.62,19.02,16.34,17.42,88.42,136.69,136.4382857142857
2015-10-09,17.15,18.2,16.89,17.08,89.08,134.66,134.48085714285713
2015-10-12,17.68,17.81,16.15,16.17,88.27,137.25,
2015-10-13,17.08,17.7,16.14,17.67,98.35,133.81,
2015-10-14,17.67,18.78,17.3,18.03,102.29,135.82,
2015-10-15,17.62,17.85,16.04,16.05,96.61,144.72,
2015-10-16,15.64,16.86,15.05,15.05,97.58,135.04,
2015-10-19,15.68,16.23,14.82,14.98,94.38,139.92,
2015-10-20,15.17,16.34,14.72,15.75,97.11,140.7,
2015-10-21,14.98,16.7,14.41,16.7,106.02,133.07,132.89
2015-10-22,15.02,15.92,14.45,14.45,97.07,121.02,120.72655172413793
2015-10-23,13.46,15.12,13.24,14.46,97.21,135.62,135.53172413793104
2015-10-26,14.76,15.43,14.68,15.29,98.1,132.29,132.1193103448276
2015-10-27,15.75,15.99,14.78,15.43,95.21,132.17,132.0751724137931
2015-10-28,15.14,15.73,12.8,14.33,88.28,134.43,134.28931034482758
2015-10-29,14.8,15.46,14.33,14.61,88.6,134.64,134.4451724137931
2015-10-30,14.6,15.39,14.0,15.07,90.27,125.77,125.66931034482758
2015-11-02,15.41,15.51,13.67,14.15,86.75,138.78,138.41896551724136
2015-11-03,14.33,14.73,13.81,14.54,87.34,137.4,136.83137931034483
2015-11-04,14.04,15.88,13.96,15.51,89.46,134.44,133.99379310344827
2015-11-05,15.39,16.39,15.0,15.05,87.68,135.21,134.9406896551724
2015-11-06,14.91,16.0,14.32,14.33,85.03,137.75,137.40896551724137
2015-11-09,15.34,17.09,15.14,16.52,92.97,134.34,133.96206896551723
2015-11-10,16.69,16.96,15.24,15.29,86.96,132.24,131.5051724137931
2015-11-11,15.07,16.15,15.02,16.06,91.25,132.44,132.16551724137932
2015-11-12,17.06,18.5,16.65,18.37,98.19,136.93,136.4955172413793
2015-11-13,18.68,20.67,18.2,20.08,106.06,139.5,139.5755172413793
2015-11-16,20.51,20.55,17.25,18.16,96.71,131.77,
2015-11-17,17.82,19.59,16.86,18.84,100.37,136.97,
2015-11-18,19.01,19.45,16.8,16.85,93.47,136.86,
2015-11-19,16.25,18.26,16.0,16.99,96.18,139.17,138.38
2015-11-20,16.13,16.38,15.47,15.47,90.79,126.86,125.44888888888889
2015-11-23,16.15,16.74,15.38,15.62,88.55,139.51,139.24555555555554
2015-11-24,16.53,17.21,15.48,15.93,89.64,138.17,137.71666666666667
2015-11-25,15.55,15.89,15.05,15.19,86.14,139.45,139.17444444444445
2015-11-27,15.31,16.09,15.12,15.12,88.35,137.66,137.31296296296296
2015-11-30,15.55,16.57,15.52,16.13,90.84,127.25,127.05962962962963
2015-12-01,15.61,16.34,14.63,14.67,87.32,135.57,135.3111111111111
2015-12-02,15.04,16.49,14.71,15.91,92.94,132.66,132.28740740740741
2015-12-03,15.87,19.35,15.86,18.11,101.8,135.26,134.79333333333332
2015-12-04,17.43,17.65,14.69,14.81,89.19,136.31,135.96666666666667
2015-12-07,15.65,17.18,15.58,15.84,94.3,136.77,136.43666666666667
2015-12-08,17.69,18.33,16.52,17.6,99.16,131.25,130.9
2015-12-09,18.05,20.13,15.72,19.61,113.83,134.26,133.83851851851853
2015-12-10,19.25,19.72,18.13,19.34,113.8,134.94,134.55444444444444
2015-12-11,21.36,25.27,20.88,24.39,131.09,146.53,146.06703703703704
2015-12-14,24.7,26.81,21.47,22.73,122.22,140.92,
2015-12-15,20.76,21.62,20.02,20.95,114.37,143.35,
2015-12-16,19.25,20.24,17.12,17.86,108.93,135.5,135.28
2015-12-17,16.18,19.05,16.13,18.94,113.52,131.2,130.9902857142857
2015-12-18,19.34,23.3,18.75,20.7,118.32,140.84,140.52485714285714
2015-12-21,19.64,20.21,18.7,18.7,109.44,125.18,124.84714285714286
2015-12-22,17.61,18.22,16.6,16.6,100.91,133.63,133.45371428571428
2015-12-23,15.86,16.25,15.33,15.57,99.61,134.69,134.488
2015-12-24,15.44,15.88,14.45,15.74,99.88,128.78,128.88400000000001
2015-12-28,17.65,18.13,16.88,16.91,99.24,136.29,136.178
2015-12-29,15.91,16.48,15.63,16.08,95.13,139.26,139.12942857142858
2015-12-30,16.5,17.42,16.5,17.29,100.82,143.0,142.822
2015-12-31,17.97,20.39,17.51,18.21,100.2,124.43,124.41142857142857
2016-01-04,22.48,23.36,20.67,20.7,107.69,140.0,139.79714285714286
2016-01-05,20.75,21.06,19.25,19.34,101.84,135.07,134.87142857142857
2016-01-06,21.67,21.86,19.8,20.59,103.06,128.31,128.056
2016-01-07,23.22,25.86,22.4,24.99,116.55,135.94,135.79457142857143
2016-01-08,22.96,27.08,22.48,27.01,116.46,138.83,138.69685714285714
2016-01-11,25.58,27.39,23.83,24.3,109.63,142.52,
2016-01-12,22.97,23.93,21.91,22.47,104.52,138.67,
2016-01-13,21.72,26.11,21.44,25.22,117.14,145.88,
2016-01-14,24.75,26.28,23.07,23.95,110.07,138.79,
2016-01-15,28.96,30.95,26.67,27.02,116.41,145.03,
2016-01-19,25.4,27.59,25.21,26.05,113.76,137.9,
2016-01-20,27.78,32.09,26.59,27.59,112.88,134.82,134.64
2016-01-21,27.79,28.43,25.01,26.69,108.38,132.99,132.78535714285715
2016-01-22,24.21,24.55,22.22,22.34,98.92,133.64,133.32214285714286
2016-01-25,23.3,24.31,22.38,24.15,102.88,132.27,131.97285714285715
2016-01-26,23.75,24.02,22.33,22.5,98.4,129.53,129.30214285714285
2016-01-27,22.88,27.22,20.42,23.11,100.04,129.06,128.8525
2016-01-28,22.15,23.81,21.9,22.42,96.56,129.23,128.96571428571428
2016-01-29,21.59,21.74,19.5,20.2,89.95,120.86,120.7532142857143
2016-02-01,21.32,23.66,19.61,19.98,89.65,126.38,126.05714285714286
2016-02-02,21.34,22.42,21.06,21.98,97.6,119.83,119.65964285714286
2016-02-03,21.49,27.7,21.42,21.65,97.32,122.04,121.91
2016-02-04,22.29,23.14,21.24,21.84,95.22,122.69,122.55928571428572
2016-02-05,22.09,24.11,21.91,23.38,100.55,119.01,118.85285714285715
2016-02-08,25.89,27.72,25.56,26.0,104.53,120.25,120.10535714285714
2016-02-09,28.3,28.31,25.99,26.54,103.06,120.74,120.59428571428572
2016-02-10,25.75,26.6,24.47,26.29,106.19,120.36,120.2075
2016-02-11,29.01,30.9,26.67,28.14,107.21,122.38,122.20071428571428
2016-02-12,27.16,27.57,24.92,25.4,103.25,117.75,117.65571428571428
2016-02-16,24.96,25.52,23.32,24.11,94.2,125.77,
2016-02-17,23.4,24.16,21.83,22.31,88.96,124.99,124.95
2016-02-18,22.16,22.53,21.29,21.64,87.53,125.33,125.28214285714286
2016-02-19,22.39,23.44,20.52,20.53,86.25,123.61,123.57571428571428
2016-02-22,20.14,20.35,19.02,19.38,86.19,117.46,117.35678571428572
2016-02-23,19.75,21.16,19.54,20.98,89.67,119.67,119.60285714285715
2016-02-24,22.28,22.87,20.26,20.72,86.74,119.46,119.395
2016-02-25,20.54,21.26,19.1,19.11,83.51,122.02,121.95428571428572
2016-02-26,18.89,20.13,18.46,19.81,83.72,118.65,118.61714285714287
2016-02-29,20.49,20.81,18.38,20.55,85.06,117.68,117.59
2016-03-01,19.84,20.17,17.66,17.7,79.45,119.81,119.72642857142857
2016-03-02,17.98,18.41,16.78,17.09,78.84,122.35,122.3
2016-03-03,17.25,17.56,16.32,16.7,79.41,125.27,125.13964285714286
2016-03-04,16.48,17.35,16.05,16.86,81.97,121.65,121.50571428571428
2016-03-07,17.98,18.04,16.87,17.35,82.3,124.01,123.90071428571429
2016-03-08,18.38,18.89,17.82,18.67,87.46,123.53,123.40857142857142
2016-03-09,18.56,19.11,18.31,18.34,92.86,123.47,123.3475
2016-03-10,18.17,19.59,17.06,18.05,94.77,130.04,129.88857142857142
2016-03-11,17.09,17.27,16.28,16.5,92.35,128.99,128.86428571428573
2016-03-14,17.01,17.67,16.69,16.92,89.74,133.3,
2016-03-15,17.6,17.85,16.84,16.84,90.34,132.45,
2016-03-16,15.96,16.33,14.89,14.99,84.37,125.42,125.41
2016-03-17,15.34,15.38,13.82,14.44,84.71,126.65,126.61057142857143
2016-03-18,14.05,14.36,13.75,14.02,86.2,126.75,126.71714285714286
2016-03-21,14.57,14.73,13.79,13.79,87.78,129.35,129.32857142857142
2016-03-22,14.57,14.76,13.75,14.17,85.04,130.99,131.01628571428571
2016-03-23,14.57,15.03,14.33,14.94,86.06,129.67,129.656
2016-03-24,16.3,16.44,14.71,14.74,84.2,119.02,118.916
2016-03-28,15.65,16.04,14.89,15.24,83.29,127.74,127.71542857142857
2016-03-29,15.74,15.89,13.79,13.82,81.39,132.61,132.57628571428572
2016-03-30,13.69,13.89,13.06,13.56,80.33,128.67,128.758
2016-03-31,13.73,14.28,13.49,13.95,82.94,122.03,121.99571428571429
2016-04-01,15.23,15.28,13.0,13.1,81.57,124.03,124.00485714285713
2016-04-04,13.88,14.24,13.66,14.12,84.43,125.23,125.212
2016-04-05,15.39,15.72,14.93,15.42,89.11,120.27,120.19
2016-04-06,15.61,15.98,14.0,14.09,85.59,125.06,125.04599999999999
2016-04-07,15.14,16.77,14.68,16.16,92.74,125.13,125.11942857142857
2016-04-08,15.34,15.93,14.84,15.36,89.73,113.84,113.812
2016-04-11,15.34,16.26,14.83,16.26,92.81,119.13,
2016-04-12,15.98,16.57,14.84,14.85,89.78,126.17,
2016-04-13,14.49,14.53,13.6,13.84,87.89,127.13,
2016-04-14,13.9,14.12,13.38,13.72,87.92,126.23,
2016-04-15,13.77,14.19,13.58,13.62,90.27,123.1,
2016-04-18,14.87,14.94,13.23,13.35,86.57,120.55,
2016-04-19,13.18,13.88,12.98,13.24,86.98,126.19,
2016-04-20,13.39,13.5,12.5,13.28,87.97,126.2,126.19
2016-04-21,13.2,14.14,13.16,13.95,87.07,127.06,127.06214285714285
2016-04-22,13.7,14.19,13.15,13.22,84.1,123.25,123.20714285714286
2016-04-25,14.07,14.76,13.86,14.08,85.77,126.78,126.77571428571429
2016-04-26,14.01,14.43,13.66,13.96,84.51,127.4,127.41428571428571
2016-04-27,14.15,14.95,13.5,13.77,83.1,126.09,126.0875
2016-04-28,14.53,15.61,13.3,15.22,87.36,125.44,125.42571428571429
2016-04-29,15.21,17.09,14.91,15.7,91.68,126.49,126.47035714285714
2016-05-02,16.33,16.5,14.48,14.68,89.49,127.67,127.67999999999999
2016-05-03,14.92,16.42,14.91,15.6,91.66,125.94,125.92892857142857
2016-05-04,15.47,16.85,15.39,16.05,91.86,124.31,124.28
2016-05-05,15.54,16.45,15.22,15.91,91.58,123.74,123.70964285714285
2016-05-06,16.2,16.58,14.71,14.72,88.86,120.82,120.69285714285714
2016-05-09,15.2,15.39,14.17,14.57,86.42,123.17,123.13821428571428
2016-05-10,13.98,14.35,13.55,13.63,85.92,124.1,124.06428571428572
2016-05-11,13.92,14.69,13.29,14.69,91.53,122.19,122.1425
2016-05-12,14.55,15.42,13.95,14.41,91.25,123.52,123.48214285714286
2016-05-13,15.15,15.47,13.97,15.04,94.0,121.46,121.37785714285715
2016-05-16,15.72,15.98,14.28,14.68,90.61,124.13,
2016-05-17,14.57,16.12,14.48,15.57,91.76,122.96,
2016-05-18,15.72,16.47,14.86,15.95,89.99,122.22,122.19
2016-05-19,16.37,17.65,16.28,16.33,90.46,123.66,123.63642857142857
2016-05-20,16.13,16.3,15.11,15.2,85.46,125.61,125.58142857142857
2016-05-23,16.33,16.47,15.4,15.82,84.12,124.74,124.70214285714286
2016-05-24,16.03,16.06,14.36,14.42,79.48,124.74,124.62785714285715
2016-05-25,14.19,14.33,13.64,13.9,78.54,127.13,127.0125
2016-05-26,13.8,14.11,13.43,13.43,77.48,129.28,129.17
2016-05-27,13.49,13.76,13.04,13.12,76.17,129.61,129.5207142857143
2016-05-31,13.94,15.0,13.45,14.19,79.43,127.7,127.66321428571429
2016-06-01,14.45,15.25,14.18,14.2,78.93,132.46,132.375
2016-06-02,14.42,14.92,13.62,13.63,79.54,134.15,134.03428571428572
2016-06-03,13.78,14.66,12.9,13.47,79.08,125.04,124.90285714285714
2016-06-06,13.84,14.27,13.42,13.65,80.71,125.57,125.42357142857142
2016-06-07,12.77,14.05,12.72,14.05,82.3,128.54,128.45000000000002
2016-06-08,13.84,14.27,13.7,14.08,86.61,129.23,129.1225
2016-06-09,14.01,14.85,13.99,14.64,89.98,129.31,129.20857142857145
2016-06-10,14.89,17.33,14.85,17.03,103.78,133.67,133.62821428571428
2016-06-13,18.24,21.01,17.89,20.97,124.56,137.49,
2016-06-14,21.28,22.16,20.27,20.5,116.44,138.02,
2016-06-15,20.25,20.45,18.63,20.14,114.23,140.91,140.76
2016-06-16,20.8,22.89,19.24,19.37,115.47,142.5,142.3017142857143
2016-06-17,19.42,20.03,18.71,19.41,115.72,137.94,137.73399999999998
2016-06-20,17.42,18.55,16.59,18.37,112.4,137.81,137.59142857142857
2016-06-21,17.67,18.96,16.91,18.48,113.46,135.92,135.94942857142857
2016-06-22,18.26,21.22,17.83,21.17,122.94,136.48,136.2
2016-06-23,19.54,19.79,17.25,17.25,104.71,145.7,145.29228571428573
2016-06-24,26.06,26.24,19.48,25.76,125.13,142.92,142.43114285714285
2016-06-27,24.38,26.72,22.93,23.85,115.6,136.43,136.04742857142855
2016-06-28,21.76,22.07,18.75,18.75,108.0,153.66,153.362
2016-06-29,18.12,18.27,16.48,16.64,98.6,136.46,136.25
2016-06-30,16.91,16.99,15.29,15.63,94.23,140.58,140.27285714285713
2016-07-01,15.59,15.86,14.61,14.77,91.7,128.53,128.50342857142857
2016-07-05,16.05,16.62,15.49,15.58,91.85,125.35,125.28571428571429
2016-07-06,15.87,17.04,14.96,14.96,89.24,123.14,123.008
2016-07-07,14.8,15.98,14.33,14.76,89.5,124.72,124.62771428571428
2016-07-08,14.64,14.75,13.19,13.2,84.72,127.2,127.11342857142857
2016-07-11,13.25,13.67,13.0,13.54,84.78,125.03,
2016-07-12,12.93,13.93,12.75,13.55,84.98,126.1,
2016-07-13,13.32,13.79,12.92,13.04,84.18,127.29,
2016-07-14,12.5,13.37,12.14,12.82,86.03,128.28,
2016-07-15,13.12,13.22,12.27,12.67,89.04,129.76,
2016-07-18,12.75,13.12,12.33,12.44,87.2,125.38,
2016-07-19,12.53,12.83,11.94,11.97,89.03,129.92,
2016-07-20,11.94,11.97,11.4,11.77,87.09,128.49,128.49
2016-07-21,11.8,13.06,11.69,12.74,92.84,128.01,127.99357142857143
2016-07-22,12.8,12.88,11.97,12.02,89.51,128.36,128.35785714285714
2016-07-25,12.64,13.72,12.39,12.87,91.95,129.65,129.5992857142857
2016-07-26,12.88,13.5,12.8,13.05,91.44,130.02,130.00714285714287
2016-07-27,12.61,13.74,12.5,12.83,91.23,125.68,125.66
2016-07-28,12.51,13.52,12.36,12.72,89.81,128.51,128.50857142857143
2016-07-29,12.85,12.9,11.77,11.87,90.84,128.25,128.25
2016-08-01,11.89,12.98,11.86,12.44,90.68,128.01,128.0257142857143
2016-08-02,12.39,14.24,12.35,13.37,93.89,129.25,129.27642857142857
2016-08-03,13.53,13.91,12.73,12.86,88.59,129.99,130.05
2016-08-04,12.73,12.98,11.79,12.42,88.14,127.06,127.05428571428571
2016-08-05,12.08,12.26,11.18,11.39,85.23,130.6,130.58
2016-08-08,11.66,11.78,11.41,11.5,84.5,132.94,132.93142857142857
2016-08-09,11.4,11.92,11.02,11.66,86.65,135.56,135.6
2016-08-10,11.55,12.5,11.37,12.05,89.4,133.25,133.245
2016-08-11,11.93,12.11,11.38,11.68,97.36,131.28,131.27499999999998
2016-08-12,11.61,12.0,11.28,11.55,94.49,132.13,132.12285714285713
2016-08-15,11.81,12.17,11.58,11.81,91.67,134.45,
2016-08-16,12.04,12.78,11.87,12.64,91.86,132.27,
2016-08-17,12.57,13.71,12.14,12.19,84.84,136.71,136.74
2016-08-18,12.2,12.53,11.42,11.43,82.83,134.87,134.87114285714284
2016-08-19,11.67,12.28,11.33,11.34,82.44,136.58,136.58914285714286
2016-08-22,12.53,13.02,11.94,12.27,83.13,135.2,135.12
2016-08-23,12.15,12.44,11.72,12.38,83.45,131.79,131.79285714285714
2016-08-24,12.7,14.01,12.3,13.45,85.37,130.43,130.41
2016-08-25,13.62,14.09,13.29,13.63,85.43,131.06,131.03485714285713
2016-08-26,13.54,14.93,12.13,13.65,88.62,132.4,132.37085714285715
2016-08-29,14.09,14.43,12.9,12.94,85.83,131.3,131.26714285714286
2016-08-30,12.94,13.6,12.7,13.12,84.44,136.14,136.1522857142857
2016-08-31,13.14,14.34,12.97,13.42,84.87,129.25,129.22
2016-09-01,13.07,14.61,12.99,13.48,84.9,129.83,129.82714285714286
2016-09-02,13.47,13.9,11.9,11.98,81.35,128.4,128.39771428571427
2016-09-06,12.42,12.93,11.85,12.02,82.14,131.16,131.17714285714285
2016-09-07,11.89,12.45,11.77,11.94,83.08,130.94,130.942
2016-09-08,11.74,12.6,11.65,12.51,85.57,129.74,129.74542857142856
2016-09-09,12.52,17.54,12.52,17.5,110.02,125.25,125.20942857142857
2016-09-12,20.13,20.51,14.76,15.16,99.53,134.18,
2016-09-13,15.98,18.97,15.83,17.85,110.02,131.56,
2016-09-14,17.63,18.14,16.34,18.14,113.15,127.4,
2016-09-15,17.97,18.07,15.74,16.3,109.27,130.57,
2016-09-16,16.41,17.1,15.28,15.37,102.59,125.25,
2016-09-19,15.14,15.96,14.6,15.53,101.58,125.81,
2016-09-20,14.98,16.09,14.69,15.92,101.98,126.85,
2016-09-21,15.07,15.65,12.98,13.3,92.59,122.13,122.11
2016-09-22,13.39,13.39,11.76,12.02,89.22,124.29,124.2507142857143
2016-09-23,12.0,12.58,11.93,12.29,90.4,125.13,125.10714285714286
2016-09-26,13.26,14.63,13.26,14.5,96.24,121.72,121.69107142857143
2016-09-27,13.36,14.76,12.97,13.1,88.94,123.74,123.71857142857144
2016-09-28,12.9,13.57,12.24,12.39,87.55,126.85,126.84
2016-09-29,12.53,15.69,12.14,14.02,93.78,122.67,122.65
2016-09-30,14.91,15.2,12.53,13.29,91.42,124.58,124.56357142857144
2016-10-03,13.75,14.42,13.42,13.57,91.51,122.86,122.83571428571429
2016-10-04,13.4,14.57,12.92,13.63,89.94,119.67,119.62178571428572
2016-10-05,13.56,13.68,12.7,12.99,89.88,121.54,121.48
2016-10-06,13.11,13.84,12.8,12.84,89.86,120.48,120.41607142857143
2016-10-07,13.52,14.15,12.21,13.48,90.86,119.95,119.9
2016-10-10,14.19,14.36,13.29,13.38,90.66,123.84,123.82392857142858
2016-10-11,13.71,16.47,13.69,15.36,95.43,119.79,119.73571428571428
2016-10-12,15.53,16.34,15.26,15.91,102.02,122.34,122.2125
2016-10-13,16.88,17.95,16.14,16.69,103.4,123.32,123.23142857142858
2016-10-14,16.49,16.5,15.25,16.12,101.01,121.86,121.74071428571429
2016-10-17,17.01,17.11,16.13,16.21,99.34,124.08,
2016-10-18,15.82,15.85,15.03,15.28,96.87,122.76,
2016-10-19,15.45,15.68,13.87,14.41,93.9,122.56,122.48
2016-10-20,14.43,14.72,13.74,13.75,89.72,123.91,123.84321428571428
2016-10-21,14.04,14.53,13.27,13.34,87.34,123.0,122.91428571428573
2016-10-24,13.19,13.26,12.83,13.02,85.81,124.6,124.51535714285714
2016-10-25,12.91,13.86,12.73,13.46,86.23,122.83,122.70928571428571
2016-10-26,13.66,14.8,13.66,14.24,86.9,123.31,123.21
2016-10-27,14.37,15.43,13.6,15.36,91.21,122.35,122.24428571428572
2016-10-28,15.67,17.35,14.65,16.19,99.44,126.35,126.2875
2016-10-31,16.31,17.63,16.25,17.06,102.82,126.12,126.02571428571429
2016-11-01,16.54,20.43,16.51,18.56,108.26,124.46,124.3267857142857
2016-11-02,19.09,19.82,18.56,19.32,112.39,126.15,126.0
2016-11-03,19.85,22.57,18.84,22.08,120.24,141.18,141.0532142857143
2016-11-04,21.86,23.01,19.2,22.51,120.23,133.03,132.82999999999998
2016-11-07,19.78,19.86,18.39,18.71,107.84,134.91,134.7185714285714
2016-11-08,18.92,19.91,17.7,18.74,108.67,135.6,135.4742857142857
2016-11-09,20.7,21.48,14.33,14.38,96.14,134.61,134.5725
2016-11-10,14.01,16.3,13.26,14.74,102.67,127.0,127.02499999999999
2016-11-11,14.83,16.0,14.15,14.17,97.22,121.71,121.67964285714285
2016-11-14,14.69,15.56,14.39,14.48,98.22,122.71,
2016-11-15,14.16,14.65,13.3,13.37,91.77,119.79,
2016-11-16,13.51,14.49,13.51,13.72,92.45,123.77,123.68
2016-11-17,13.37,13.55,12.97,13.35,87.58,123.06,122.97628571428571
2016-11-18,13.56,13.74,12.85,12.85,86.4,126.38,126.31485714285714
2016-11-21,13.27,13.44,12.16,12.42,80.75,124.01,123.90857142857143
2016-11-22,12.26,12.83,12.2,12.41,83.4,127.98,127.9
2016-11-23,12.34,13.01,12.19,12.43,82.45,125.33,125.234
2016-11-25,12.52,12.74,12.31,12.34,82.65,126.27,126.16714285714285
2016-11-28,13.4,13.5,12.74,13.15,86.17,125.75,125.706
2016-11-29,13.07,13.55,12.62,12.9,86.28,128.31,128.25714285714287
2016-11-30,12.6,13.42,12.23,13.33,88.99,126.39,126.35799999999999
2016-12-01,13.4,14.72,13.05,14.07,97.79,128.37,128.32142857142858
2016-12-02,14.16,14.48,12.39,14.12,98.07,128.99,128.94342857142857
2016-12-05,13.75,13.77,12.14,12.14,88.88,128.35,128.394
2016-12-06,12.19,12.3,11.54,11.79,88.12,130.92,130.98285714285714
2016-12-07,11.59,12.24,11.33,12.22,89.11,123.61,123.566
2016-12-08,12.1,13.4,11.3,12.64,91.27,119.08,118.98714285714286
2016-12-09,12.59,12.72,11.67,11.75,89.4,119.51,119.43171428571428
2016-12-12,12.23,12.78,12.07,12.64,91.87,123.28,
2016-12-13,12.46,13.42,12.34,12.72,93.32,119.34,
2016-12-14,12.88,13.39,12.48,13.19,96.82,125.43,
2016-12-15,13.07,13.24,12.46,12.79,93.08,129.44,
2016-12-16,12.88,12.95,12.15,12.2,93.79,131.95,
2016-12-19,12.5,12.52,11.67,11.71,90.51,130.47,
2016-12-20,11.65,11.75,11.38,11.45,88.26,122.09,
2016-12-21,11.44,11.49,10.93,11.27,87.97,124.9,124.87
2016-12-22,11.32,11.67,11.14,11.43,89.72,128.02,128.02285714285713
2016-12-23,11.38,11.81,11.35,11.44,87.64,120.51,120.45142857142856
2016-12-27,12.26,12.33,11.84,11.99,86.37,123.65,123.61428571428571
2016-12-28,11.89,13.04,11.85,12.95,89.17,122.37,122.325
2016-12-29,13.15,13.71,12.95,13.37,88.87,124.57,124.55714285714286
2016-12-30,13.2,14.68,13.05,14.04,91.6,127.26,127.19142857142857
2017-01-03,14.07,14.07,12.85,12.85,85.37,125.79,125.79214285714285
2017-01-04,12.78,12.8,11.63,11.85,82.27,124.4,124.39500000000001
2017-01-05,11.96,12.09,11.4,11.67,81.33,128.21,128.18321428571429
2017-01-06,11.7,11.74,10.98,11.32,80.59,123.67,123.59428571428572
2017-01-09,11.71,12.08,11.46,11.56,83.47,122.59,122.4517857142857
2017-01-10,11.59,11.79,11.31,11.49,86.36,121.84,121.70857142857143
2017-01-11,11.56,12.23,11.21,11.26,86.72,123.06,122.965
2017-01-12,11.48,12.6,11.32,11.54,90.44,126.22,126.20285714285714
2017-01-13,11.45,11.62,10.94,11.23,92.9,132.32,132.43857142857144
2017-01-17,12.2,12.75,11.79,11.87,92.39,131.55,
2017-01-18,11.79,12.81,11.69,12.48,87.06,143.43,143.48
2017-01-19,12.58,13.28,12.17,12.78,86.84,141.03,141.05642857142857
2017-01-20,12.58,12.59,11.53,11.54,83.63,146.33,146.39214285714286
2017-01-23,12.3,12.62,11.59,11.77,84.51,137.78,137.78964285714284
2017-01-24,11.82,11.89,11.04,11.07,79.05,138.16,138.20642857142857
2017-01-25,10.79,11.05,10.51,10.81,78.66,128.8,128.82
2017-01-26,10.61,11.01,10.6,10.63,79.65,129.58,129.5742857142857
2017-01-27,10.57,10.82,10.3,10.58,83.63,129.95,129.94
2017-01-30,11.1,12.9,11.1,11.88,92.04,134.32,134.34
2017-01-31,12.29,12.99,11.79,11.99,89.83,138.08,138.15678571428572
2017-02-01,11.79,12.05,9.97,11.81,87.75,133.97,134.035
2017-02-02,12.37,12.47,11.62,11.93,89.73,136.65,136.7617857142857
2017-02-03,11.84,11.84,10.72,10.97,88.97,133.25,133.36714285714285
2017-02-06,11.37,11.84,11.09,11.37,90.02,131.41,131.4632142857143
2017-02-07,11.39,11.67,11.06,11.29,89.61,130.46,130.4714285714286
2017-02-08,11.19,11.82,11.15,11.45,94.58,134.01,134.1025
2017-02-09,11.44,11.53,10.74,10.88,89.59,129.19,129.13285714285715
2017-02-10,10.85,10.95,10.55,10.85,85.77,130.47,130.56678571428571
2017-02-13,11.36,11.4,11.07,11.07,80.84,130.1,
2017-02-14,11.17,11.34,10.73,10.74,78.35,133.66,
2017-02-15,10.84,12.01,10.8,11.97,81.12,137.55,137.48
2017-02-16,12.02,12.86,11.69,11.76,79.66,141.41,141.40057142857142
2017-02-17,11.84,12.26,11.37,11.49,81.25,141.13,141.13485714285713
2017-02-21,12.05,12.09,11.5,11.57,82.45,136.93,136.88171428571428
2017-02-22,11.48,12.07,11.44,11.74,81.53,138.24,138.19400000000002
2017-02-23,11.66,12.46,11.54,11.71,82.2,137.91,137.88342857142857
2017-02-24,11.81,12.59,11.34,11.47,83.31,138.66,138.63771428571428
2017-02-27,11.78,12.14,11.53,12.09,85.69,134.39,134.31714285714287
2017-02-28,12.19,12.96,12.13,12.92,88.08,131.98,131.898
2017-03-01,12.31,12.58,11.78,12.54,84.03,132.16,132.014
2017-03-02,12.43,12.71,11.32,11.81,83.61,133.36,133.26
2017-03-03,11.96,11.97,10.94,10.96,81.19,136.1,136.01000000000002
2017-03-06,11.59,11.72,11.06,11.24,81.44,140.17,140.10228571428573
2017-03-07,11.27,11.58,11.04,11.45,81.43,138.85,138.77428571428572
2017-03-08,11.49,11.86,11.09,11.86,82.5,139.63,139.562
2017-03-09,11.75,12.43,11.62,12.3,83.64,139.48,139.42371428571428
2017-03-10,11.97,12.09,11.46,11.66,80.27,138.99,138.92685714285716
2017-03-13,12.16,12.23,11.29,11.35,81.57,145.75,
2017-03-14,11.39,12.54,11.28,12.3,85.88,146.11,
2017-03-15,12.12,12.25,10.6,11.63,80.76,147.2,
2017-03-16,11.29,11.55,11.16,11.21,75.96,149.49,
2017-03-17,11.38,11.38,10.78,11.28,78.66,154.34,
2017-03-20,11.71,11.72,11.03,11.34,77.16,152.93,
2017-03-21,11.15,12.85,10.92,12.47,83.02,141.02,
2017-03-22,12.95,13.16,11.99,12.81,83.8,136.07,136.11
2017-03-23,12.65,13.17,12.18,13.12,88.93,132.54,132.5367857142857
2017-03-24,12.86,14.16,12.27,12.96,89.74,136.62,136.62357142857144
2017-03-27,14.78,15.11,12.48,12.5,84.86,135.37,135.3817857142857
2017-03-28,12.44,12.67,11.34,11.53,79.27,134.43,134.42428571428573
2017-03-29,11.54,11.7,11.03,11.42,78.26,132.37,132.325
2017-03-30,11.37,11.64,11.12,11.54,77.87,138.84,138.86857142857144
2017-03-31,11.61,12.54,11.5,12.37,78.31,138.31,138.28714285714287
2017-04-03,12.59,13.59,12.27,12.38,82.96,135.23,135.18714285714285
2017-04-04,12.71,13.07,11.7,11.79,79.67,132.28,132.1782142857143
2017-04-05,11.89,12.89,10.9,12.89,86.59,130.91,130.775
2017-04-06,13.11,13.22,11.7,12.39,83.91,131.27,131.10857142857142
2017-04-07,13.17,13.43,12.23,12.87,89.39,132.7,132.55142857142857
2017-04-10,13.24,14.11,12.94,14.05,97.9,132.86,132.725
2017-04-11,14.32,15.88,14.17,15.07,103.74,136.66,136.52285714285713
2017-04-12,15.16,16.16,14.84,15.77,111.53,131.93,131.76250000000002
2017-04-13,15.89,16.22,14.97,15.96,115.54,134.36,134.27714285714285
2017-04-17,16.19,16.28,14.6,14.66,101.49,139.63,
2017-04-18,14.5,15.5,14.29,14.42,99.52,137.2,
2017-04-19,14.0,15.15,13.46,14.93,97.89,140.2,140.23
2017-04-20,14.59,14.81,13.83,14.15,94.53,146.85,146.9117857142857
2017-04-21,13.85,15.33,13.85,14.63,95.41,148.42,148.4907142857143
2017-04-24,11.56,12.01,10.82,10.84,78.17,144.45,144.3775
2017-04-25,10.81,11.15,10.22,10.76,75.64,139.04,138.90785714285715
2017-04-26,10.61,10.89,10.39,10.85,76.64,142.13,142.0225
2017-04-27,10.72,11.08,10.33,10.36,76.66,142.55,142.44714285714286
2017-04-28,10.39,11.16,10.29,10.82,77.09,146.98,146.91607142857143
2017-05-01,10.92,11.04,9.9,10.11,78.33,128.46,128.39857142857144
2017-05-02,10.15,10.59,10.04,10.59,79.33,127.49,127.45571428571428
2017-05-03,10.56,11.15,10.4,10.68,78.77,129.39,129.375
2017-05-04,10.71,11.24,10.27,10.46,78.0,130.48,130.48857142857145
2017-05-05,10.51,10.98,9.99,10.57,80.65,131.36,131.36428571428573
2017-05-08,10.53,10.55,9.67,9.77,81.38,128.12,128.09678571428572
2017-05-09,9.87,10.14,9.56,9.96,83.63,128.28,128.26857142857145
2017-05-10,9.75,10.24,9.62,10.21,87.49,128.27,128.315
2017-05-11,10.34,11.23,10.32,10.6,86.51,128.21,128.29857142857142
2017-05-12,10.72,10.87,10.28,10.4,82.5,129.65,129.72464285714284
2017-05-15,10.54,10.88,10.25,10.42,79.53,129.44,
2017-05-16,10.46,10.67,10.18,10.65,76.76,131.24,
2017-05-17,11.89,15.59,11.53,15.59,111.48,133.51,133.51
2017-05-18,14.06,16.3,14.03,14.66,104.12,137.01,137.05428571428573
2017-05-19,14.23,14.23,11.72,12.04,87.21,131.39,131.424
2017-05-22,12.29,12.52,10.89,10.93,83.47,128.57,128.5757142857143
2017-05-23,11.0,11.0,10.56,10.72,84.19,124.54,124.51371428571429
2017-05-24,10.61,10.9,9.88,10.02,81.91,123.11,123.078
2017-05-25,9.82,10.29,9.72,9.99,82.2,123.65,123.616
2017-05-26,9.93,10.48,9.65,9.81,81.81,125.41,125.39371428571428
2017-05-30,10.61,10.84,10.14,10.38,84.3,125.37,125.34885714285714
2017-05-31,10.1,11.3,9.93,10.41,84.52,125.11,125.08
2017-06-01,10.42,10.54,9.69,9.89,83.83,124.55,124.47714285714285
2017-06-02,10.08,10.3,9.58,9.75,83.62,124.23,124.14028571428571
2017-06-05,10.08,10.28,9.6,10.07,86.08,125.05,124.9362857142857
2017-06-06,10.19,10.77,9.86,10.45,89.15,125.72,125.63
2017-06-07,10.48,10.93,10.12,10.39,88.22,125.98,125.882
2017-06-08,10.27,10.53,9.73,10.16,83.28,127.09,127.02571428571429
2017-06-09,9.93,12.11,9.37,10.7,87.41,131.26,131.1562857142857
2017-06-12,11.19,12.37,11.19,11.46,91.21,136.86,
2017-06-13,11.12,11.14,10.26,10.42,86.66,136.41,
2017-06-14,10.33,11.26,10.01,10.64,89.97,135.89,
2017-06-15,11.06,12.01,10.74,10.9,89.95,134.12,
2017-06-16,10.63,11.35,10.26,10.38,87.0,135.02,
2017-06-19,10.57,10.6,10.01,10.37,85.27,138.77,
2017-06-20,10.28,11.15,10.24,10.86,89.19,133.37,
2017-06-21,11.03,11.4,10.4,10.75,88.07,129.89,129.89
2017-06-22,10.81,11.01,10.24,10.48,86.38,130.86,130.86535714285714
2017-06-23,10.25,10.69,9.85,10.02,84.52,132.76,132.76857142857142
2017-06-26,10.13,10.44,9.68,9.9,81.94,128.6,128.57071428571427
2017-06-27,10.04,11.31,9.8,11.06,87.3,125.46,125.42357142857144
2017-06-28,11.17,11.49,9.76,10.03,84.24,126.95,126.91749999999999
2017-06-29,9.79,15.16,9.73,11.44,93.78,129.15,129.12428571428572
2017-06-30,11.74,11.85,10.4,11.18,90.43,129.51,129.47321428571428
2017-07-03,11.07,11.45,10.28,11.22,93.31,126.63,126.55142857142857
2017-07-05,11.2,12.03,10.79,11.07,91.98,128.67,128.575
2017-07-06,11.2,13.05,11.18,12.54,100.21,127.25,127.1475
2017-07-07,12.48,12.57,10.98,11.19,92.5,131.58,131.48857142857142
2017-07-10,11.26,11.73,10.61,11.11,89.69,133.4,133.29035714285715
2017-07-11,10.79,12.14,10.68,10.89,88.23,132.75,132.60857142857142
2017-07-12,10.85,10.85,10.08,10.3,88.19,134.95,134.78
2017-07-13,10.07,10.4,9.9,9.9,85.68,138.35,138.16785714285714
2017-07-14,10.09,10.14,9.5,9.51,82.2,137.71,137.50714285714287
2017-07-17,9.77,10.03,9.71,9.82,80.27,139.87,
2017-07-18,9.86,10.35,9.66,9.89,79.14,137.53,
2017-07-19,9.69,9.94,9.58,9.79,77.96,136.88,136.9
2017-07-20,9.66,10.28,9.5,9.58,76.26,130.88,130.83928571428572
2017-07-21,9.52,9.98,9.3,9.36,77.86,134.53,134.5285714285714
2017-07-24,9.94,9.97,9.26,9.43,78.24,132.67,132.63500000000002
2017-07-25,9.4,9.52,9.04,9.43,79.17,135.61,135.56642857142856
2017-07-26,9.25,9.66,8.84,9.6,82.34,135.61,135.575
2017-07-27,9.33,11.5,9.16,10.11,86.87,140.81,140.80142857142857
2017-07-28,10.62,11.3,10.26,10.29,87.2,139.91,139.90428571428572
2017-07-31,10.53,10.84,10.23,10.26,86.76,139.82,139.79857142857142
2017-08-01,10.19,10.56,9.95,10.09,84.55,138.72,138.70107142857142
2017-08-02,10.08,10.81,9.8,10.28,86.89,142.02,141.99
2017-08-03,10.47,10.6,9.9,10.44,87.66,138.32,138.31678571428571
2017-08-04,10.48,10.5,9.68,10.03,87.39,139.81,139.80714285714285
2017-08-07,10.19,10.32,9.76,9.93,90.01,138.91,138.85928571428573
2017-08-08,10.04,11.52,9.52,10.96,98.68,140.05,140.01714285714286
2017-08-09,11.49,12.63,11.11,11.11,106.77,141.2,141.23250000000002
2017-08-10,11.57,16.17,11.56,16.04,135.32,136.48,136.49428571428572
2017-08-11,16.17,17.28,14.5,15.51,127.43,135.43,135.38642857142858
2017-08-14,14.05,14.05,12.06,12.33,100.6,142.07,
2017-08-15,11.78,12.37,11.45,12.04,96.71,143.23,
2017-08-16,11.59,12.54,11.25,11.74,94.82,148.62,148.71
2017-08-17,11.81,15.77,11.54,15.55,117.77,142.73,142.77114285714285
2017-08-18,15.38,16.04,13.32,14.26,114.39,128.86,128.8377142857143
2017-08-21,14.59,14.74,13.07,13.19,101.39,131.61,131.60571428571427
2017-08-22,12.6,12.94,11.35,11.35,92.7,135.72,135.746
2017-08-23,11.51,12.59,11.39,12.25,98.96,129.98,129.98600000000002
2017-08-24,12.06,12.83,11.55,12.23,100.26,129.95,129.95771428571427
2017-08-25,12.2,12.45,11.1,11.28,95.53,130.16,130.19028571428572
2017-08-28,12.09,12.11,11.23,11.32,96.42,128.32,128.33942857142858
2017-08-29,13.33,14.34,11.48,11.7,98.79,131.48,131.51485714285715
2017-08-30,11.4,11.98,10.96,11.22,98.9,130.53,130.542
2017-08-31,11.07,11.22,10.34,10.59,94.86,134.0,134.04
2017-09-01,10.33,10.46,10.02,10.13,93.6,134.85,134.87714285714284
2017-09-05,11.75,14.06,11.41,12.23,102.66,133.48,133.51714285714286
2017-09-06,12.27,12.59,11.35,11.63,99.61,136.48,136.56199999999998
2017-09-07,11.93,12.07,11.32,11.55,96.29,135.39,135.44
2017-09-08,11.87,12.6,11.84,12.12,100.12,130.57,130.556
2017-09-11,11.38,11.39,10.51,10.73,93.66,136.96,
2017-09-12,10.66,10.95,10.29,10.58,92.39,139.6,
2017-09-13,10.72,10.86,10.33,10.5,90.89,142.74,
2017-09-14,10.57,11.04,10.28,10.44,92.09,,
2017-09-15,10.51,10.74,10.0,10.17,90.63,144.54,
2017-09-18,10.18,10.42,9.88,10.15,90.46,143.65,
2017-09-19,10.16,10.3,9.85,10.18,91.22,142.64,
2017-09-20,10.04,10.67,9.67,9.78,90.91,138.94,138.99
2017-09-21,9.74,10.21,9.54,9.67,92.32,137.87,137.90607142857144
2017-09-22,9.9,10.2,9.5,9.59,93.29,137.5,137.54714285714286
2017-09-25,10.08,11.21,9.79,10.21,96.4,135.07,135.07857142857142
2017-09-26,10.42,10.68,9.94,10.17,94.81,134.25,134.26285714285714
2017-09-27,9.9,10.42,9.63,9.87,95.36,129.49,129.4625
2017-09-28,9.74,10.13,9.55,9.55,94.1,132.99,132.99142857142857
2017-09-29,9.59,9.83,9.36,9.51,93.14,137.75,137.80821428571429
2017-10-02,9.59,10.04,9.37,9.45,92.48,138.02,138.07857142857142
2017-10-03,9.3,9.75,9.3,9.51,91.59,137.15,137.1992857142857
2017-10-04,9.53,9.88,9.53,9.63,92.12,144.19,144.245
2017-10-05,9.48,9.62,9.13,9.19,91.79,140.33,140.31535714285712
2017-10-06,9.23,10.27,9.11,9.65,97.09,140.35,140.34285714285716
2017-10-09,9.92,10.53,9.88,10.33,101.83,139.83,139.81964285714287
2017-10-10,10.15,10.66,9.94,10.08,97.33,139.24,139.19
2017-10-11,9.95,10.38,9.72,9.85,99.22,138.74,138.74
2017-10-12,9.94,10.33,9.65,9.91,97.77,136.36,136.445
2017-10-13,9.95,9.98,9.44,9.61,97.8,138.28,138.39785714285716
2017-10-16,9.95,10.02,9.75,9.91,97.65,147.53,
2017-10-17,9.85,10.46,9.78,10.31,98.74,150.12,
2017-10-18,10.34,10.41,9.87,10.07,94.34,147.95,148.06
2017-10-19,10.22,11.77,9.99,10.05,93.33,146.16,146.2357142857143
2017-10-20,9.92,10.04,9.29,9.97,90.53,148.81,148.91214285714287
2017-10-23,10.25,11.08,9.94,11.07,97.09,142.46,142.51535714285714
2017-10-24,10.89,11.16,10.39,11.16,98.43,142.15,142.2007142857143
2017-10-25,11.34,13.2,10.99,11.23,100.16,138.0,138.055
2017-10-26,11.17,11.81,10.6,11.3,97.73,135.36,135.39142857142858
2017-10-27,11.12,11.12,9.74,9.8,92.78,135.7,135.68928571428572
2017-10-30,10.28,10.89,10.1,10.5,95.19,132.54,132.50428571428571
2017-10-31,10.34,10.37,9.9,10.18,92.01,131.81,131.7657142857143
2017-11-01,9.79,10.49,9.74,10.2,92.0,129.05,129.01
2017-11-02,10.44,10.89,9.67,9.93,91.48,128.97,128.90535714285716
2017-11-03,9.83,9.91,8.99,9.14,89.68,130.34,130.34428571428572
2017-11-06,9.63,9.74,9.38,9.4,91.25,130.52,130.5207142857143
2017-11-07,9.31,10.31,9.29,9.89,93.45,129.15,129.16
2017-11-08,9.79,10.27,9.5,9.78,97.74,131.5,131.5125
2017-11-09,9.94,12.19,9.79,10.5,98.82,128.95,128.93571428571428
2017-11-10,10.78,11.58,10.5,11.29,104.76,130.56,130.56142857142856
2017-11-13,11.43,12.18,11.0,11.5,106.3,129.75,
2017-11-14,11.53,12.61,11.45,11.59,103.18,130.15,
2017-11-15,12.52,14.51,12.33,13.13,106.27,135.21,135.27
2017-11-16,12.47,12.52,11.38,11.76,100.15,136.3,136.36057142857143
2017-11-17,11.75,12.01,11.16,11.43,97.12,137.19,137.26657142857144
2017-11-20,11.96,12.08,10.44,10.65,93.76,135.83,135.89714285714285
2017-11-21,10.74,10.78,9.67,9.73,89.27,133.56,133.62428571428572
2017-11-22,9.6,9.88,9.32,9.88,86.42,132.52,132.57600000000002
2017-11-24,9.82,9.96,8.56,9.67,86.32,130.98,131.01314285714287
2017-11-27,10.07,10.26,9.79,9.87,86.58,130.18,130.20971428571428
2017-11-28,9.72,10.31,9.53,10.03,85.73,124.08,124.07314285714286
2017-11-29,9.91,10.93,9.81,10.7,89.57,126.28,126.264
2017-11-30,10.49,12.05,10.25,11.28,89.94,128.9,128.90428571428572
2017-12-01,11.19,14.58,10.54,11.43,95.03,128.83,128.79885714285714
2017-12-04,11.05,11.86,10.26,11.68,97.57,132.14,132.1582857142857
2017-12-05,11.38,11.67,10.65,11.33,97.95,132.07,132.06714285714284
2017-12-06,11.63,11.68,10.86,11.02,98.17,130.98,130.96
2017-12-07,10.9,11.32,10.12,10.16,95.83,130.84,130.77285714285716
2017-12-08,10.0,10.06,9.43,9.58,91.89,132.54,132.4602857142857
2017-12-11,9.74,10.08,9.28,9.34,92.06,133.98,
2017-12-12,9.36,9.92,9.21,9.92,93.27,133.02,
2017-12-13,9.78,10.21,9.65,10.18,95.56,134.71,
2017-12-14,9.98,10.54,9.78,10.49,96.07,134.03,
2017-12-15,10.12,10.2,9.22,9.42,92.2,135.73,
2017-12-18,9.46,9.89,9.24,9.53,90.64,132.72,
2017-12-19,9.4,10.15,9.18,10.03,93.58,130.69,
2017-12-20,9.69,9.85,8.9,9.72,92.86,133.15,133.12
2017-12-21,9.59,9.86,9.2,9.62,92.21,132.63,132.62535714285715
2017-12-22,9.37,10.18,9.35,9.9,94.9,134.4,134.40714285714284
2017-12-26,10.19,10.46,10.13,10.25,97.56,135.6,135.60285714285715
2017-12-27,10.04,10.79,9.71,10.47,97.08,138.43,138.475
2017-12-28,10.29,10.44,10.07,10.18,97.25,137.82,137.87285714285716
2017-12-29,10.03,11.06,9.95,11.04,100.76,137.05,137.09964285714287
2018-01-02,10.95,11.07,9.52,9.77,97.36,135.37,135.36392857142857
2018-01-03,9.56,9.65,8.94,9.15,94.4,133.43,133.39
2018-01-04,9.01,9.31,8.92,9.22,94.21,131.24,131.1757142857143
2018-01-05,9.1,9.54,9.0,9.22,93.1,127.03,126.94857142857143
2018-01-08,9.61,9.89,9.32,9.52,93.97,128.0,127.875
2018-01-09,9.41,10.09,9.37,10.08,94.74,126.37,126.25142857142858
2018-01-10,10.11,10.85,9.82,9.82,93.7,129.12,128.9825
2018-01-11,9.69,10.02,9.62,9.88,92.24,126.1,125.95714285714286
2018-01-12,9.74,10.31,9.54,10.16,92.22,124.95,124.8625
2018-01-16,10.42,12.41,10.4,11.66,106.49,128.65,
2018-01-17,11.35,12.81,11.18,11.91,102.46,136.19,136.27
2018-01-18,12.01,12.4,11.62,12.22,103.68,131.41,131.45964285714285
2018-01-19,12.3,12.33,11.18,11.27,101.59,132.28,132.3357142857143
2018-01-22,11.59,11.62,10.84,11.03,99.68,127.18,127.18071428571429
2018-01-23,10.77,11.57,10.76,11.1,98.59,122.95,122.93714285714286
2018-01-24,11.0,12.19,10.89,11.47,99.77,120.2,120.16
2018-01-25,11.27,12.01,11.2,11.58,101.78,121.87,121.83428571428571
2018-01-26,11.4,11.6,11.08,11.08,98.65,117.99,117.92857142857143
2018-01-29,11.71,13.84,11.68,13.84,110.01,118.8,118.75714285714285
2018-01-30,13.93,15.42,13.88,14.79,113.48,122.85,122.79714285714286
2018-01-31,14.23,14.44,13.41,13.54,108.41,121.23,121.155
2018-02-01,13.05,14.3,12.5,13.47,105.77,120.59,120.52571428571429
2018-02-02,13.64,17.86,13.64,17.31,125.51,126.45,126.42571428571428
2018-02-05,18.44,38.8,16.8,37.32,177.34,117.33,117.37
2018-02-06,37.32,50.3,22.42,29.98,161.12,129.61,129.44
2018-02-07,31.38,31.64,21.17,27.73,159.03,136.9,136.9375
2018-02-08,27.29,36.17,24.41,33.46,180.61,130.92,130.93142857142857
2018-02-09,32.18,41.06,27.73,29.06,167.28,128.51,128.48
2018-02-12,27.25,29.7,24.42,25.61,140.8,148.02,
2018-02-13,26.94,27.82,24.47,24.97,136.58,143.07,
2018-02-14,23.48,25.72,18.99,19.26,124.49,127.84,127.84
2018-02-15,18.39,20.66,17.6,19.13,122.76,131.67,131.696
2018-02-16,18.74,20.99,17.44,19.46,121.2,137.8,137.852
2018-02-20,20.53,21.61,19.75,20.6,122.58,131.63,131.6382857142857
2018-02-21,20.76,21.04,16.97,20.02,125.73,130.03,130.03
2018-02-22,20.57,20.61,18.07,18.72,116.98,134.31,134.32942857142856
2018-02-23,17.96,18.8,16.47,16.49,110.19,139.2,139.26085714285713
2018-02-26,16.53,16.94,15.8,15.8,107.68,131.72,131.73114285714286
2018-02-27,15.83,18.98,15.29,18.59,119.5,132.27,132.256
2018-02-28,18.08,20.44,15.65,19.85,121.7,138.95,139.016
2018-03-01,19.96,25.3,19.57,22.47,128.14,136.54,136.59428571428572
2018-03-02,22.47,26.22,19.36,19.59,114.78,127.48,127.46
2018-03-05,21.55,21.57,17.94,18.73,109.66,130.12,130.1037142857143
2018-03-06,18.25,19.64,17.68,18.36,104.61,128.41,128.35
2018-03-07,20.11,20.49,17.52,17.76,99.49,128.17,128.102
2018-03-08,17.56,17.68,14.91,16.54,96.92,129.62,129.5437142857143
2018-03-09,16.41,16.75,13.31,14.64,99.71,127.79,127.59771428571429
2018-03-12,15.28,16.35,15.18,15.78,104.94,141.98,
2018-03-13,15.7,16.98,15.03,16.35,107.04,140.43,
2018-03-14,16.59,17.59,14.94,17.23,110.29,141.66,
2018-03-15,16.99,17.41,15.96,16.59,109.28,146.55,
2018-03-16,16.6,16.72,15.23,15.8,106.49,147.35,
2018-03-19,16.63,21.87,16.56,19.02,112.92,143.96,
2018-03-20,18.38,19.31,18.09,18.2,107.13,139.52,
2018-03-21,17.76,18.37,16.26,17.86,106.6,133.69,133.77
2018-03-22,18.13,23.81,18.12,23.34,125.12,131.52,131.58464285714285
2018-03-23,24.02,26.01,21.63,24.87,129.82,130.79,130.8642857142857
2018-03-26,23.41,24.54,20.71,21.03,113.08,128.96,129.03714285714287
2018-03-27,20.33,24.06,19.84,22.5,118.61,128.65,128.74
2018-03-28,22.52,24.94,21.71,22.87,114.02,128.33,128.4125
2018-03-29,22.87,23.05,19.6,19.97,103.32,119.34,119.30714285714285
2018-04-02,21.07,25.72,20.44,23.62,111.67,119.68,119.63285714285715
2018-04-03,23.03,23.38,20.92,21.1,102.06,118.38,118.28857142857143
2018-04-04,21.68,24.51,19.86,20.06,95.44,119.23,119.125
2018-04-05,19.76,20.21,18.57,18.94,92.21,121.51,121.42607142857142
2018-04-06,20.33,23.12,18.6,21.49,98.6,122.39,122.32142857142857
2018-04-09,21.27,22.02,20.34,21.77,100.24,119.9,119.8
2018-04-10,20.51,21.68,20.24,20.47,98.21,121.25,121.13
2018-04-11,20.95,21.66,19.64,20.24,100.02,122.27,122.1525
2018-04-12,19.83,19.92,18.16,18.49,98.08,122.29,122.14428571428572
2018-04-13,18.27,18.45,17.26,17.41,93.94,126.0,125.84071428571428
2018-04-16,17.59,17.66,16.38,16.56,93.22,131.47,
2018-04-17,16.16,16.27,14.57,15.25,89.59,130.57,
2018-04-18,15.3,16.9,14.95,15.6,92.41,146.26,146.38
2018-04-19,15.55,16.92,15.16,15.96,95.38,138.2,138.2692857142857
2018-04-20,16.16,17.5,15.19,16.88,99.21,133.07,133.11571428571426
2018-04-23,17.29,17.56,15.79,16.34,96.87,126.48,126.46321428571429
2018-04-24,16.16,19.66,15.37,18.02,100.81,126.5,126.50999999999999
2018-04-25,18.14,19.84,17.75,17.84,97.8,124.29,124.245
2018-04-26,18.07,18.12,16.24,16.24,90.71,127.08,127.09285714285714
2018-04-27,16.22,16.77,15.25,15.41,92.15,128.4,128.4325
2018-04-30,15.39,16.35,15.13,15.93,94.3,130.77,130.77285714285713
2018-05-01,15.78,16.82,15.42,15.49,89.97,128.21,128.21178571428572
2018-05-02,15.48,15.97,14.75,15.97,93.79,122.42,122.38
2018-05-03,15.78,18.66,15.43,15.9,91.07,126.79,126.77785714285714
2018-05-04,15.94,16.92,10.91,14.77,88.12,127.37,127.33142857142857
2018-05-07,15.32,15.52,14.51,14.75,90.71,123.04,122.93535714285714
2018-05-08,14.53,15.56,14.52,14.71,89.5,125.1,124.96857142857144
2018-05-09,14.54,14.63,13.38,13.42,93.89,126.05,125.94250000000001
2018-05-10,13.36,13.63,12.92,13.23,93.02,129.35,129.19142857142856
2018-05-11,13.22,13.44,12.65,12.65,90.03,131.59,131.4175
2018-05-14,12.95,13.28,12.81,12.93,92.62,133.97,
2018-05-15,13.13,15.01,12.5,14.63,99.18,136.76,
2018-05-16,14.38,14.91,13.21,13.42,94.79,134.45,134.46
2018-05-17,13.54,13.86,12.65,13.43,93.48,134.78,134.80228571428572
2018-05-18,13.18,13.87,13.06,13.42,94.76,133.32,133.34400000000002
2018-05-21,13.44,13.59,12.78,13.08,91.04,134.02,134.02428571428572
2018-05-22,13.03,13.42,12.77,13.22,90.47,134.61,134.61057142857143
2018-05-23,13.5,14.6,12.49,12.58,89.8,135.61,135.638
2018-05-24,12.73,14.24,12.53,12.53,90.64,139.24,139.2922857142857
2018-05-25,12.44,13.52,12.29,13.22,93.78,140.78,140.84542857142856
2018-05-29,14.39,18.78,14.39,17.02,108.67,141.84,141.8994285714286
2018-05-30,16.6,16.64,14.65,14.94,99.08,143.89,143.98
2018-05-31,14.93,16.29,14.2,15.43,100.63,140.07,140.11428571428573
2018-06-01,14.92,14.93,13.37,13.46,93.3,134.53,134.49257142857144
2018-06-04,13.91,13.91,12.69,12.74,90.83,132.7,132.59342857142857
2018-06-05,12.91,13.34,12.3,12.4,89.84,132.58,132.48714285714286
2018-06-06,12.1,12.56,11.62,11.64,88.12,136.57,136.434
2018-06-07,11.66,13.28,11.22,12.13,91.28,133.84,133.70685714285713
2018-06-08,12.54,13.31,12.09,12.18,93.49,133.11,132.9702857142857
2018-06-11,12.52,12.69,12.14,12.35,94.54,138.93,
2018-06-12,12.29,12.6,11.88,12.34,95.71,142.82,
2018-06-13,12.13,12.95,11.98,12.94,100.01,141.74,
2018-06-14,12.98,13.07,11.88,12.12,98.21,142.39,
2018-06-15,12.19,13.16,11.93,11.98,101.66,140.92,
2018-06-18,12.79,13.74,12.28,12.31,99.87,140.92,
2018-06-19,14.61,14.68,13.21,13.35,104.13,139.35,
2018-06-20,12.9,13.02,12.25,12.79,98.51,140.82,140.87
2018-06-21,12.54,15.18,12.18,14.64,107.45,139.94,139.96714285714285
2018-06-22,14.6,14.6,13.11,13.77,102.49,140.54,140.55714285714285
2018-06-25,15.07,19.61,14.56,17.33,114.32,134.66,134.66142857142856
2018-06-26,16.71,17.54,15.1,15.92,107.52,134.92,134.93285714285713
2018-06-27,16.52,18.19,14.76,17.91,112.75,131.3,131.2875
2018-06-28,17.54,18.99,16.4,16.85,108.88,136.34,136.37428571428572
2018-06-29,15.73,16.51,14.66,16.09,105.97,141.72,141.77464285714285
2018-07-02,17.7,18.08,15.54,15.6,104.8,140.89,140.93285714285713
2018-07-03,15.37,16.45,14.68,16.14,108.5,134.57,134.54535714285714
2018-07-05,15.62,16.22,14.47,14.97,103.22,139.86,139.82964285714286
2018-07-06,14.99,15.45,13.34,13.37,95.74,141.02,140.9257142857143
2018-07-09,13.42,13.45,12.6,12.69,94.16,138.96,138.78535714285712
2018-07-10,12.52,13.21,11.93,12.64,91.96,139.26,139.13000000000002
2018-07-11,14.05,14.15,13.09,13.63,104.5,136.85,136.6925
2018-07-12,13.07,13.33,12.42,12.58,100.82,138.22,138.0242857142857
2018-07-13,12.39,12.97,11.62,12.18,99.81,142.48,142.28785714285715
2018-07-16,12.46,12.97,12.13,12.83,100.95,148.16,
2018-07-17,12.91,13.18,11.85,12.06,98.56,149.58,
2018-07-18,11.87,12.47,11.44,12.1,98.08,154.25,154.35
2018-07-19,12.2,13.09,11.79,12.87,100.58,150.98,151.06742857142856
2018-07-20,13.0,13.58,12.49,12.86,102.76,152.72,152.788
2018-07-23,13.47,13.55,12.58,12.62,102.04,153.78,153.87571428571428
2018-07-24,12.61,13.21,11.66,12.41,98.68,145.94,145.938
2018-07-25,12.37,12.82,11.8,12.29,94.2,145.09,145.08
2018-07-26,12.45,12.53,11.78,12.14,91.66,142.18,142.10885714285715
2018-07-27,12.17,14.26,11.6,13.03,97.15,144.57,144.51885714285714
2018-07-30,13.63,14.46,12.98,14.26,101.41,141.57,141.52057142857143
2018-07-31,13.98,14.12,12.81,12.83,94.13,144.49,144.43742857142857
2018-08-01,13.09,13.63,12.45,13.15,95.28,142.77,142.71200000000002
2018-08-02,13.57,14.53,12.17,12.19,91.66,143.83,143.78428571428572
2018-08-03,12.43,12.46,11.07,11.64,86.6,146.19,146.1702857142857
2018-08-06,11.91,12.15,11.17,11.27,84.66,142.01,141.92085714285713
2018-08-07,11.12,11.24,10.52,10.93,83.21,138.94,138.81142857142856
2018-08-08,10.93,11.18,10.52,10.85,84.42,139.84,139.724
2018-08-09,10.94,11.31,10.17,11.27,88.69,138.61,138.51057142857144
2018-08-10,11.82,13.82,11.59,13.16,99.07,149.2,149.24714285714285
2018-08-13,14.5,15.02,12.95,14.78,107.78,159.03,
2018-08-14,13.93,14.22,13.11,13.31,100.34,152.41,
2018-08-15,13.52,16.86,13.44,14.64,111.13,148.4,
2018-08-16,14.18,14.36,12.82,13.45,103.49,148.45,
2018-08-17,13.18,13.96,12.4,12.64,101.81,146.01,
2018-08-20,12.57,12.79,12.26,12.49,100.77,145.55,
2018-08-21,12.47,12.89,12.09,12.86,101.56,144.7,
2018-08-22,13.09,13.29,11.97,12.25,95.72,143.75,143.79
2018-08-23,12.03,12.68,11.65,12.41,95.92,147.38,147.44964285714286
2018-08-24,12.13,12.17,11.83,11.99,93.95,148.2,148.2707142857143
2018-08-27,12.37,12.48,12.02,12.16,93.39,144.85,144.8725
2018-08-28,12.01,12.5,11.87,12.5,92.31,140.88,140.8607142857143
2018-08-29,12.34,12.55,12.09,12.25,91.1,140.76,140.735
2018-08-30,12.25,13.95,12.24,13.53,95.11,141.82,141.83714285714285
2018-08-31,13.54,14.03,12.82,12.86,92.73,146.91,146.9642857142857
2018-09-04,13.13,14.35,13.12,13.16,95.23,142.18,142.15178571428572
2018-09-05,13.69,14.3,13.23,13.91,97.94,142.22,142.195
2018-09-06,14.21,15.41,13.72,14.65,101.36,140.56,140.5392857142857
2018-09-07,14.72,15.63,14.31,14.88,102.38,145.87,145.88571428571427
2018-09-10,15.09,15.2,13.93,14.16,100.38,144.88,144.82892857142858
2018-09-11,13.96,14.92,13.21,13.22,96.44,147.88,147.7957142857143
2018-09-12,13.07,13.86,12.91,13.14,97.24,148.75,148.57999999999998
2018-09-13,12.91,12.91,12.3,12.37,91.06,150.64,150.4035714285714
2018-09-14,12.13,13.15,11.93,12.07,88.07,151.59,151.365
2018-09-17,12.72,13.75,12.32,13.68,96.34,150.95,
2018-09-18,13.48,13.48,12.56,12.79,92.49,151.37,
2018-09-19,12.61,12.77,11.66,11.75,88.18,145.19,145.22
2018-09-20,11.82,11.96,11.31,11.8,87.31,144.84,144.86035714285714
2018-09-21,11.76,12.03,11.1,11.68,90.2,141.55,141.56214285714287
2018-09-24,12.46,12.92,12.18,12.2,91.51,138.84,138.85714285714286
2018-09-25,12.28,12.6,11.8,12.42,91.07,137.68,137.69
2018-09-26,12.21,13.13,11.55,12.89,91.56,140.98,141.0275
2018-09-27,12.77,13.0,11.94,12.41,87.66,142.1,142.1642857142857
2018-09-28,12.59,13.22,12.09,12.12,87.31,144.43,144.50785714285715
2018-10-01,11.99,12.4,11.57,12.0,86.97,141.52,141.57142857142858
2018-10-02,12.47,12.69,11.61,12.05,88.12,137.98,138.04
2018-10-03,11.66,12.14,11.34,11.61,85.8,136.33,136.36
2018-10-04,12.84,15.84,12.42,14.22,99.44,136.73,136.71142857142857
2018-10-05,14.29,17.36,11.72,14.82,102.63,130.28,130.26285714285714
2018-10-08,16.05,18.38,15.69,15.69,102.74,129.64,129.58678571428572
2018-10-09,16.12,17.49,15.27,15.95,103.92,128.98,128.89714285714285
2018-10-10,16.03,22.96,15.83,22.96,135.61,127.65,127.6075
2018-10-11,23.07,28.84,20.65,24.98,129.3,130.85,130.715
2018-10-12,21.63,26.8,20.88,21.31,124.81,125.51,125.38035714285714
2018-10-15,21.97,22.89,19.47,21.3,118.78,128.32,
2018-10-16,20.28,20.56,17.55,17.62,111.78,132.15,
2018-10-17,17.06,19.55,17.06,17.4,109.28,130.65,130.67
2018-10-18,18.02,21.57,17.51,20.06,116.82,125.96,125.96685714285714
2018-10-19,19.24,21.08,18.39,19.89,114.95,124.94,124.95400000000001
2018-10-22,19.38,20.89,18.82,19.64,112.15,125.68,125.68142857142857
2018-10-23,22.18,24.66,20.18,20.71,108.71,126.54,126.53542857142857
2018-10-24,21.6,26.38,20.4,25.23,118.58,128.91,128.942
2018-10-25,24.78,24.78,22.06,24.22,113.91,125.26,125.2222857142857
2018-10-26,24.51,27.52,23.33,24.16,110.49,121.7,121.64971428571428
2018-10-29,24.48,27.86,22.01,24.7,110.39,120.83,120.78571428571429
2018-10-30,23.94,25.55,23.11,23.35,106.08,118.11,118.05314285714286
2018-10-31,22.72,22.8,20.39,21.23,102.9,117.64,117.582
2018-11-01,20.96,21.21,19.03,19.34,99.57,118.28,118.22142857142856
2018-11-02,18.52,21.61,18.05,19.51,102.38,115.73,115.68085714285715
2018-11-05,20.58,20.87,19.64,19.96,101.83,118.89,118.836
2018-11-06,19.84,20.6,19.69,19.91,102.48,119.93,119.87714285714286
2018-11-07,18.03,18.05,16.33,16.36,95.75,120.56,120.496
2018-11-08,16.18,17.2,16.09,16.72,95.4,121.85,121.81257142857143
2018-11-09,16.87,18.41,16.84,17.36,100.55,120.06,119.988
2018-11-12,17.26,20.71,17.25,20.45,107.77,121.35,
2018-11-13,19.45,21.25,19.11,20.02,105.32,122.06,
2018-11-14,20.52,22.36,19.3,21.25,111.42,120.68,
2018-11-15,20.41,22.97,19.94,19.98,107.38,120.76,
2018-11-16,20.04,21.36,18.1,18.14,101.93,118.71,
2018-11-19,18.78,20.99,18.52,20.1,107.13,115.79,
2018-11-20,20.76,23.81,20.37,22.48,107.61,119.55,
2018-11-21,21.66,22.31,20.11,20.8,100.27,119.31,119.3
2018-11-23,21.23,22.65,20.65,21.52,99.29,117.21,117.19285714285715
2018-11-26,20.78,20.8,18.67,18.9,92.17,117.57,117.52857142857142
2018-11-27,19.41,19.93,18.7,19.02,91.54,115.83,115.78071428571428
2018-11-28,18.87,19.38,18.18,18.49,93.55,115.96,115.9025
2018-11-29,18.65,20.48,18.59,18.79,93.36,115.49,115.4342857142857
2018-11-30,19.18,19.91,18.03,18.07,93.59,114.71,114.65178571428571
2018-12-03,16.04,17.28,15.94,16.44,85.87,,118.40857142857143
2018-12-04,16.84,21.94,16.26,20.74,96.57,117.76,117.72500000000001
2018-12-06,23.53,25.94,20.94,21.19,93.85,116.68,116.65214285714286
2018-12-07,22.42,24.71,19.9,23.23,96.49,114.3,114.28285714285714
2018-12-10,23.95,25.94,22.5,22.64,91.78,117.64,117.60285714285715
2018-12-11,22.96,23.6,21.39,21.76,89.77,116.8,116.74428571428572
2018-12-12,21.91,21.91,20.5,21.46,91.41,116.78,116.7025
2018-12-13,21.0,21.57,20.34,20.65,93.0,117.03,116.93357142857143
2018-12-14,21.57,22.47,20.95,21.63,96.45,118.6,118.47571428571429
2018-12-17,22.36,25.88,21.97,24.52,101.55,123.96,
2018-12-18,24.68,26.14,23.64,25.58,103.64,124.23,
2018-12-19,25.15,26.64,22.5,25.58,105.05,125.38,125.46
2018-12-20,26.09,30.3,24.68,28.38,109.65,124.07,124.15285714285714
2018-12-21,28.24,31.35,25.71,30.11,106.61,122.17,122.22428571428571
2018-12-24,29.29,36.1,29.16,36.07,111.88,118.27,118.3025
2018-12-26,35.5,36.2,29.59,30.41,97.32,116.47,116.47
2018-12-27,31.2,33.8,29.66,29.96,95.89,115.18,115.17428571428572
2018-12-28,29.97,31.05,27.43,28.34,91.24,117.26,117.28214285714286
2018-12-31,27.59,27.64,25.33,25.42,87.11,117.8,117.79
2019-01-02,27.54,28.53,23.05,23.22,81.66,116.06,115.99
2019-01-03,25.68,26.6,24.05,25.45,83.8,112.22,112.18892857142858
2019-01-04,24.36,24.48,21.19,21.38,84.44,111.44,111.39571428571429
2019-01-07,22.06,22.71,20.91,21.4,82.74,113.56,113.505
2019-01-08,20.96,22.03,20.09,20.47,82.41,115.3,115.23142857142857
2019-01-09,20.44,22.8,19.48,19.98,86.62,117.01,116.91
2019-01-10,20.98,21.32,19.29,19.5,86.35,117.72,117.61714285714287
2019-01-11,19.68,20.16,18.12,18.19,83.85,119.09,118.94035714285714
2019-01-14,19.84,20.27,18.7,19.07,83.01,125.2,
2019-01-15,18.53,19.2,17.98,18.6,81.39,126.87,
2019-01-16,18.08,19.04,17.76,19.04,83.34,131.66,131.75
2019-01-17,19.51,19.72,17.85,18.06,82.79,133.02,133.09785714285712
2019-01-18,17.8,18.18,17.17,17.8,82.49,131.19,131.25571428571428
2019-01-22,18.53,21.15,18.2,20.8,93.81,122.82,122.82
2019-01-23,20.85,22.02,19.47,19.52,88.45,123.88,123.905
2019-01-24,19.69,20.25,18.63,18.89,84.89,130.92,131.02142857142857
2019-01-25,18.43,18.46,17.31,17.42,83.38,126.11,126.13857142857144
2019-01-28,18.56,20.42,18.42,18.87,86.44,123.06,123.03571428571429
2019-01-29,19.45,19.93,18.42,19.13,86.84,121.9,121.86464285714285
2019-01-30,19.15,19.31,17.54,17.66,82.39,123.28,123.195
2019-01-31,17.39,17.72,16.54,16.57,79.24,126.53,126.46035714285713
2019-02-01,16.63,16.83,16.08,16.14,80.0,126.03,125.92142857142858
2019-02-04,16.72,16.73,15.6,15.73,77.36,128.4,128.2475
2019-02-05,15.79,15.94,15.04,15.57,80.62,123.42,123.28714285714285
2019-02-06,15.44,15.87,15.09,15.38,84.99,123.72,123.61
2019-02-07,15.66,17.89,15.51,16.37,85.01,124.45,124.37714285714286
2019-02-08,16.81,17.63,15.62,15.72,82.7,127.72,127.53821428571429
2019-02-11,16.17,16.5,15.34,15.97,82.77,129.19,
2019-02-12,15.23,15.65,14.95,15.43,81.63,128.6,
2019-02-13,15.46,15.91,15.0,15.65,80.27,127.12,127.13
2019-02-14,15.61,17.27,15.3,16.22,81.64,126.89,126.905
2019-02-15,16.82,16.82,14.79,14.91,80.45,129.55,129.55764705882353
2019-02-19,15.65,16.16,14.64,14.88,78.64,124.68,124.6670588235294
2019-02-20,14.92,15.19,13.99,14.02,75.59,123.39,123.37529411764706
2019-02-21,14.0,15.17,13.85,14.46,76.64,122.42,122.41117647058825
2019-02-22,14.46,14.47,13.51,13.51,74.98,121.08,121.0764705882353
2019-02-25,13.91,14.9,13.44,14.85,79.35,127.67,127.68941176470588
2019-02-26,15.16,15.28,14.52,15.17,80.53,125.53,125.5464705882353
2019-02-27,15.53,16.17,14.7,14.7,80.37,126.44,126.4664705882353
2019-02-28,15.17,15.24,14.39,14.78,80.0,128.85,128.89147058823528
2019-03-01,14.57,14.84,13.41,13.57,79.27,126.97,127.02058823529413
2019-03-04,13.77,16.98,13.38,14.63,82.34,125.04,125.13941176470588
2019-03-05,14.52,15.39,14.26,14.74,82.46,126.4,126.4835294117647
2019-03-06,14.91,16.11,14.74,15.74,86.1,125.8,125.86852941176471
2019-03-07,16.33,17.81,15.54,16.59,88.7,123.14,123.22588235294118
2019-03-08,17.38,18.33,16.02,16.05,87.24,125.73,125.92470588235295
2019-03-11,16.28,16.43,14.33,14.33,81.23,132.93,
2019-03-12,13.97,14.7,13.61,13.77,83.06,130.17,
2019-03-13,14.0,14.05,13.25,13.41,82.76,132.57,
2019-03-14,13.35,13.84,13.16,13.5,82.56,130.57,
2019-03-15,13.21,13.28,12.5,12.88,82.94,128.76,
2019-03-18,13.13,13.8,13.0,13.1,85.52,127.1,
2019-03-19,12.89,13.77,12.37,13.56,87.36,123.13,123.36
2019-03-20,13.54,14.3,13.05,13.91,86.63,120.59,120.84896551724138
2019-03-21,14.11,14.56,13.26,13.63,83.89,120.67,120.93827586206896
2019-03-22,13.77,17.52,13.62,16.48,98.5,117.55,117.79344827586208
2019-03-25,17.76,17.85,16.26,16.33,97.2,117.6,117.80896551724138
2019-03-26,16.22,16.3,14.67,14.68,89.85,117.8,117.94931034482758
2019-03-27,14.52,16.71,14.51,15.15,91.34,117.66,117.78793103448275
2019-03-28,15.38,15.62,14.41,14.43,87.95,119.25,119.33896551724138
2019-03-29,14.19,14.43,13.64,13.71,85.82,120.96,121.0803448275862
2019-04-01,13.9,14.01,13.32,13.4,84.93,126.77,126.85068965517242
2019-04-02,13.62,13.68,13.13,13.36,83.28,127.31,127.38586206896551
2019-04-03,13.06,14.27,12.85,13.74,84.23,125.96,126.02931034482758
2019-04-04,13.84,14.03,13.4,13.58,82.15,126.23,126.29103448275862
2019-04-05,13.46,13.47,12.17,12.82,79.1,128.75,128.81724137931036
2019-04-08,13.55,13.77,13.1,13.18,81.86,129.13,129.1410344827586
2019-04-09,13.46,14.39,13.31,14.28,88.14,127.66,127.65793103448276
2019-04-10,14.09,14.29,13.27,13.3,89.49,127.61,127.59379310344826
2019-04-11,13.37,13.58,12.91,13.02,88.06,126.23,126.20620689655173
2019-04-12,12.96,12.96,11.95,12.01,84.98,124.22,124.17137931034483
2019-04-15,12.46,13.14,12.24,12.32,84.17,127.69,
2019-04-16,12.26,12.47,11.85,12.18,83.58,125.81,
2019-04-17,12.12,13.02,11.03,12.6,85.55,125.78,125.78
2019-04-18,12.8,13.12,12.02,12.09,84.41,123.6,123.60114285714286
2019-04-22,13.21,13.36,12.38,12.42,83.27,124.24,124.22142857142856
2019-04-23,12.66,12.69,12.08,12.28,81.43,124.65,124.63485714285714
2019-04-24,12.53,13.23,12.26,13.14,85.17,123.81,123.784
2019-04-25,13.29,14.3,12.81,13.25,86.94,124.18,124.15342857142856
2019-04-26,13.44,13.62,12.49,12.73,84.12,126.29,126.29714285714286
2019-04-29,13.04,13.27,12.65,13.11,86.08,125.79,125.77685714285714
2019-04-30,13.11,14.05,12.88,13.12,88.56,126.47,126.47828571428572
2019-05-01,12.86,14.83,12.74,14.8,95.75,125.32,125.314
2019-05-02,14.35,15.92,13.8,14.42,93.02,124.59,124.58
2019-05-03,14.11,14.15,12.8,12.87,86.23,122.22,122.22171428571428
2019-05-06,12.89,18.8,12.89,15.44,94.85,123.23,123.21971428571429
2019-05-07,15.9,21.84,15.8,19.32,111.54,116.88,116.8157142857143
2019-05-08,18.95,21.74,18.29,19.4,106.48,117.79,117.732
2019-05-09,21.4,23.38,18.87,19.1,102.92,117.68,117.60171428571428
2019-05-10,18.79,20.19,15.57,16.04,96.01,118.54,118.46542857142857
2019-05-13,18.62,21.32,18.35,20.55,105.6,119.36,
2019-05-14,19.4,19.65,17.45,18.06,97.26,119.95,
2019-05-15,17.57,19.15,16.41,16.44,94.53,120.87,
2019-05-16,16.69,17.13,15.16,15.29,94.23,121.09,
2019-05-17,15.89,16.81,14.86,15.96,99.12,118.69,
2019-05-20,15.88,17.63,15.46,16.31,96.83,115.25,
2019-05-21,15.86,16.22,14.79,14.95,92.38,117.17,
2019-05-22,15.06,15.44,14.42,14.75,89.3,115.42,115.4
2019-05-23,15.93,18.05,15.28,16.92,94.98,114.71,114.7
2019-05-24,16.34,16.52,15.52,15.85,90.19,114.12,114.10785714285714
2019-05-28,16.55,17.7,15.9,17.5,95.08,112.58,112.54071428571429
2019-05-29,18.55,19.04,17.62,17.9,93.83,111.93,111.895
2019-05-30,17.47,18.11,16.72,17.3,92.78,112.68,112.6542857142857
2019-05-31,19.05,19.72,18.01,18.71,96.72,112.65,112.6225
2019-06-03,19.41,19.75,18.16,18.86,96.03,112.32,112.28714285714285
2019-06-04,18.74,18.74,16.97,16.97,88.93,112.74,112.69535714285715
2019-06-05,17.06,17.49,16.04,16.09,86.72,112.91,112.86
2019-06-06,16.25,16.54,15.36,15.93,84.84,113.89,113.82357142857143
2019-06-07,15.65,16.44,15.33,16.3,86.0,114.67,114.61714285714285
2019-06-10,16.3,16.47,15.84,15.94,83.86,114.38,114.30714285714285
2019-06-11,15.84,16.7,15.5,15.99,84.95,113.81,113.74857142857142
2019-06-12,16.26,16.43,15.78,15.91,86.2,114.66,114.605
2019-06-13,16.16,16.21,15.61,15.82,84.73,113.33,113.27357142857143
2019-06-14,16.0,16.4,15.21,15.28,82.57,113.16,113.09678571428572
2019-06-17,15.65,15.76,15.24,15.35,83.48,115.3,
2019-06-18,14.89,15.54,14.62,15.15,87.37,116.21,
2019-06-19,15.05,15.71,14.15,14.33,84.58,115.93,115.91
2019-06-20,14.04,16.03,13.19,14.75,81.21,119.23,119.23571428571428
2019-06-21,14.74,15.48,14.42,15.4,83.14,118.46,118.46285714285715
2019-06-24,15.46,15.56,15.23,15.26,82.59,117.09,117.07142857142857
2019-06-25,15.43,16.68,15.1,16.28,85.16,116.83,116.82000000000001
2019-06-26,16.1,16.6,15.47,16.21,85.39,117.16,117.155
2019-06-27,15.66,16.4,15.66,15.82,86.52,117.5,117.48714285714286
2019-06-28,15.7,16.13,15.08,15.08,85.78,118.12,118.1075
2019-07-01,13.85,14.64,13.8,14.06,79.58,119.86,119.86
2019-07-02,14.16,14.3,12.9,12.93,78.22,122.14,122.16321428571429
2019-07-03,13.18,13.19,12.56,12.57,80.04,120.82,120.82499999999999
2019-07-05,13.0,14.47,12.04,13.28,79.78,,126.75571428571429
2019-07-08,13.73,14.44,13.64,13.96,83.66,121.42,121.42857142857143
2019-07-09,14.47,14.71,13.99,14.09,82.31,120.44,120.41714285714286
2019-07-10,14.38,14.69,12.98,13.03,85.97,120.66,120.6225
2019-07-11,13.01,13.33,12.39,12.93,88.2,122.45,122.46571428571428
2019-07-12,12.76,12.82,12.28,12.39,86.14,123.65,123.69178571428571
2019-07-15,12.58,13.02,12.49,12.68,86.2,126.22,
2019-07-16,12.61,13.14,12.28,12.86,88.25,125.15,
2019-07-17,12.62,13.97,12.24,13.97,90.35,123.98,124.0
2019-07-18,14.45,14.5,13.19,13.53,84.04,125.42,125.44428571428571
2019-07-19,13.31,14.45,13.09,14.45,86.77,125.5,125.53742857142856
2019-07-22,14.55,14.7,13.42,13.53,81.22,125.36,125.39
2019-07-23,13.42,13.52,12.55,12.61,78.99,124.65,124.66542857142856
2019-07-24,12.8,13.1,11.98,12.07,83.89,123.08,123.086
2019-07-25,12.24,13.54,11.69,12.74,84.3,121.88,121.88285714285713
2019-07-26,12.58,12.72,12.01,12.16,83.11,123.27,123.28514285714286
2019-07-29,12.15,13.17,12.15,12.83,88.16,125.1,125.11028571428571
2019-07-30,12.87,14.18,12.87,13.94,91.58,121.94,121.91714285714285
2019-07-31,13.83,16.55,13.46,16.12,96.28,121.71,121.716
2019-08-01,15.41,19.46,13.73,17.87,105.47,117.07,117.05714285714286
2019-08-02,17.69,20.11,17.04,17.61,102.69,117.25,117.24885714285715
2019-08-05,19.96,24.81,19.91,24.59,114.4,113.3,113.2822857142857
2019-08-06,22.29,22.87,19.77,20.17,107.45,114.2,114.17285714285714
2019-08-07,20.7,23.67,18.94,19.49,104.27,113.96,113.934
2019-08-08,19.36,19.89,16.82,16.91,98.66,117.71,117.69
2019-08-09,18.14,19.44,17.31,17.97,101.52,116.34,116.31971428571428
2019-08-12,17.87,21.26,17.77,21.09,110.31,115.15,
2019-08-13,21.28,21.64,17.52,17.52,102.21,117.58,
2019-08-14,17.81,22.71,17.75,22.1,113.99,113.48,
2019-08-15,21.58,24.1,20.78,21.18,112.26,112.52,
2019-08-16,20.48,20.5,18.41,18.47,110.32,115.84,
2019-08-19,17.93,18.22,16.52,16.88,101.22,116.48,
2019-08-20,16.78,17.7,16.45,17.5,104.77,114.78,
2019-08-21,17.01,17.04,15.51,15.8,98.03,114.48,114.47
2019-08-22,16.12,17.68,15.63,16.68,100.94,114.46,114.45142857142858
2019-08-23,16.15,21.07,16.04,19.87,111.37,112.62,112.61428571428571
2019-08-26,20.34,21.33,19.06,19.32,106.27,113.07,113.06714285714285
2019-08-27,20.18,21.04,18.49,20.31,106.49,111.76,111.74142857142857
2019-08-28,20.55,21.64,19.1,19.35,103.95,113.65,113.6375
2019-08-29,19.02,19.2,17.6,17.88,99.8,115.02,115.02142857142857
2019-08-30,17.94,19.18,17.09,18.98,102.66,115.37,115.37714285714286
2019-09-03,20.96,21.15,19.41,19.66,102.19,114.68,114.67535714285714
2019-09-04,18.23,18.83,17.26,17.33,97.3,115.99,115.975
2019-09-05,16.92,17.05,15.45,16.27,95.51,118.58,118.58178571428572
2019-09-06,15.92,16.06,14.91,15.0,94.4,118.87,118.88
2019-09-09,15.26,16.13,14.95,15.27,94.5,118.79,118.78321428571428
2019-09-10,15.53,16.52,15.11,15.2,94.12,119.01,119.00428571428571
2019-09-11,15.33,15.52,14.55,14.61,97.79,119.95,119.92
2019-09-12,14.69,14.94,13.85,14.22,95.94,119.95,119.92285714285714
2019-09-13,14.16,14.31,13.51,13.74,98.93,118.4,118.37714285714286
2019-09-16,14.89,15.29,14.5,14.67,101.73,119.16,
2019-09-17,14.92,15.03,14.4,14.44,101.67,117.94,
2019-09-18,14.61,15.8,13.8,13.95,99.09,118.09,118.09
2019-09-19,14.66,14.66,13.31,14.05,97.3,118.77,118.78071428571428
2019-09-20,13.94,15.84,13.35,15.32,101.03,117.5,117.49428571428572
2019-09-23,15.35,16.0,14.71,14.91,97.6,118.78,118.78964285714285
2019-09-24,14.77,17.62,14.33,17.05,104.96,118.01,118.01642857142858
2019-09-25,17.05,18.45,15.69,15.96,99.68,117.98,117.97999999999999
2019-09-26,16.23,17.09,15.35,16.07,100.31,117.51,117.50571428571429
2019-09-27,15.77,18.69,15.15,17.22,103.2,116.61,116.61
2019-09-30,17.23,17.35,16.2,16.24,97.62,117.67,117.65428571428572
2019-10-01,16.02,18.62,15.79,18.56,102.74,114.01,113.99535714285715
2019-10-02,18.75,21.46,18.75,20.56,103.81,111.47,111.44
2019-10-03,20.11,21.44,19.03,19.12,98.2,112.44,112.41428571428571
2019-10-04,19.42,19.97,16.97,17.04,95.19,114.54,114.49714285714285
2019-10-07,18.27,18.52,16.44,17.86,97.04,118.76,118.63142857142857
2019-10-08,17.61,20.38,17.42,20.28,102.27,118.42,118.34571428571428
2019-10-09,19.94,20.0,17.77,18.64,101.25,119.95,119.86
2019-10-10,19.28,19.8,17.56,17.57,99.66,120.85,120.74857142857144
2019-10-11,17.35,17.44,15.11,15.58,97.7,122.4,122.30964285714286
2019-10-14,15.66,16.5,14.51,14.57,94.43,124.85,
2019-10-15,13.94,14.43,13.39,13.54,93.98,127.17,
2019-10-16,13.94,14.26,13.6,13.68,93.16,125.53,125.51
2019-10-17,13.79,14.18,13.31,13.79,90.27,128.01,128.0165714285714
2019-10-18,14.2,15.16,13.78,14.25,91.2,126.24,126.23171428571429
2019-10-21,14.24,14.63,14.0,14.0,87.29,128.44,128.44285714285715
2019-10-22,13.99,14.61,13.7,14.46,89.32,125.79,125.77428571428571
2019-10-23,14.83,15.12,14.01,14.01,87.59,127.92,127.922
2019-10-24,13.98,14.34,13.4,13.71,86.55,125.22,125.2057142857143
2019-10-25,13.53,13.79,12.62,12.65,83.82,125.7,125.68085714285715
2019-10-28,13.01,13.14,12.66,13.11,86.48,125.26,125.21714285714286
2019-10-29,13.16,13.52,13.07,13.2,87.75,127.29,127.26885714285713
2019-10-30,13.23,13.77,12.27,12.33,86.47,129.64,129.638
2019-10-31,12.21,13.95,12.19,13.22,88.92,130.71,130.7057142857143
2019-11-01,12.99,13.12,12.25,12.3,85.69,126.88,126.8462857142857
2019-11-04,12.68,13.13,12.44,12.83,88.75,129.74,129.73714285714286
2019-11-05,12.85,13.28,12.25,13.1,90.98,126.78,126.74428571428571
2019-11-06,13.18,13.39,12.6,12.62,89.59,125.2,125.15
2019-11-07,12.59,12.89,12.26,12.73,90.15,124.68,124.62657142857144
2019-11-08,12.98,13.05,12.0,12.07,89.06,123.3,123.23971428571429
2019-11-11,13.15,13.49,12.66,12.69,89.56,123.85,
2019-11-12,12.64,13.1,12.36,12.68,90.35,123.18,
2019-11-13,12.91,13.9,12.88,13.0,93.5,124.61,
2019-11-14,13.16,13.81,12.93,13.05,93.45,126.28,
2019-11-15,12.95,12.97,11.92,12.05,93.35,124.95,
2019-11-18,12.39,13.1,12.32,12.46,93.99,126.59,
2019-11-19,12.33,13.01,12.16,12.86,95.95,127.46,
2019-11-20,13.42,14.17,12.61,12.78,95.36,125.64,125.62
2019-11-21,13.35,13.86,12.49,13.13,96.09,124.87,124.8567857142857
2019-11-22,12.82,13.25,12.33,12.34,94.4,125.53,125.52071428571429
2019-11-25,12.51,12.59,11.73,11.87,90.24,128.65,128.6575
2019-11-26,11.88,12.04,11.42,11.54,89.88,130.28,130.29571428571427
2019-11-27,11.55,11.79,11.44,11.75,90.2,130.37,130.385
2019-11-29,12.5,12.83,12.12,12.62,91.05,129.83,129.86678571428573
2019-12-02,12.69,15.27,12.55,14.91,98.91,126.35,126.35857142857142
2019-12-03,14.68,17.99,14.61,15.96,102.65,122.78,122.76821428571428
2019-12-04,16.38,16.4,14.12,14.8,98.72,123.31,123.28999999999999
2019-12-05,14.46,15.37,14.17,14.52,98.12,123.64,123.64214285714286
2019-12-06,14.37,14.47,13.19,13.62,96.52,131.48,131.52
2019-12-09,14.25,16.07,12.25,15.86,101.89,136.56,136.6942857142857
2019-12-10,15.8,16.9,14.93,15.68,101.03,135.0,135.09
2019-12-11,15.57,15.97,14.98,14.99,104.82,134.37,134.475
2019-12-12,14.94,15.55,13.6,13.94,101.3,132.68,132.74571428571429
2019-12-13,13.18,14.35,12.54,12.63,96.61,144.51,144.70392857142858
2019-12-16,12.47,12.53,11.71,12.14,94.21,143.85,
2019-12-17,12.23,12.47,11.9,12.29,98.56,137.48,
2019-12-18,12.24,12.7,11.93,12.58,99.2,144.56,144.67
2019-12-19,12.55,12.78,12.43,12.5,97.25,150.14,150.274
2019-12-20,12.55,12.61,12.04,12.51,99.29,147.17,147.286
2019-12-23,12.81,12.9,12.41,12.61,99.82,143.91,144.00428571428571
2019-12-24,12.65,12.84,12.56,12.67,98.83,143.87,143.9637142857143
2019-12-26,12.74,12.75,11.72,12.65,97.46,143.07,143.154
2019-12-27,12.61,13.72,11.89,13.43,99.63,140.29,140.3797142857143
2019-12-30,13.74,15.14,13.44,14.82,100.02,133.56,133.60485714285716
2019-12-31,14.84,15.39,13.75,13.78,94.1,139.52,139.62857142857143
2020-01-02,13.46,13.72,12.42,12.47,89.67,137.7,137.8042857142857
2020-01-03,15.01,16.2,13.13,14.02,93.79,133.46,133.53085714285714
2020-01-06,15.45,16.39,13.54,13.85,92.66,132.51,132.54
2020-01-07,13.84,14.46,13.39,13.79,91.07,129.78,129.8042857142857
2020-01-08,15.16,15.24,12.83,13.45,90.21,136.42,136.514
2020-01-09,12.95,13.24,12.53,12.54,87.81,133.47,133.48399999999998
2020-01-10,12.42,12.87,12.09,12.56,88.33,128.15,128.1082857142857
2020-01-13,12.84,13.09,12.32,12.32,88.48,131.27,
2020-01-14,12.72,13.82,12.05,12.39,86.87,130.82,
2020-01-15,12.79,12.83,11.95,12.42,91.15,135.53,
2020-01-16,12.2,12.42,11.78,12.32,90.38,133.13,
2020-01-17,12.21,12.48,11.75,12.1,91.75,134.62,
2020-01-21,13.23,13.33,12.32,12.85,92.98,132.7,
2020-01-22,12.45,13.01,12.31,12.91,91.11,129.93,129.92
2020-01-23,13.26,14.15,12.94,12.98,92.54,131.76,131.76428571428573
2020-01-24,12.75,15.98,12.62,14.56,98.43,127.02,126.99
2020-01-27,17.42,19.02,16.82,18.23,107.39,127.21,127.18785714285714
2020-01-28,16.94,18.03,15.69,16.28,102.11,125.61,125.58928571428572
2020-01-29,15.68,16.65,14.94,16.39,99.07,125.15,125.125
2020-01-30,17.82,18.39,15.3,15.49,96.49,129.95,129.95142857142858
2020-01-31,16.25,19.99,16.18,18.84,105.6,135.73,135.7514285714286
2020-02-03,18.64,18.88,17.1,17.97,102.95,127.7,127.67857142857143
2020-02-04,16.45,16.46,15.63,16.05,96.18,128.65,128.5782142857143
2020-02-05,16.29,16.32,15.02,15.15,92.82,129.78,129.735
2020-02-06,15.13,15.66,14.7,14.96,93.61,134.48,134.48785714285714
2020-02-07,15.07,16.16,14.81,15.47,96.01,132.21,132.20142857142858
2020-02-10,15.88,16.43,15.01,15.04,96.81,133.29,133.275
2020-02-11,14.91,15.27,14.38,15.18,96.96,132.95,132.89000000000001
2020-02-12,14.86,14.88,13.73,13.74,96.65,133.2,133.115
2020-02-13,14.43,15.44,14.0,14.15,99.17,133.04,132.95428571428573
2020-02-14,14.12,14.54,13.38,13.68,98.17,132.67,132.60535714285714
2020-02-18,14.98,15.49,14.53,14.83,101.02,137.66,
2020-02-19,14.66,14.74,14.21,14.38,95.92,141.81,141.85
2020-02-20,14.54,17.21,14.49,15.56,99.48,137.12,137.11892857142857
2020-02-21,17.33,18.21,16.19,17.08,104.86,135.14,135.11285714285714
2020-02-24,22.25,26.35,22.0,25.03,112.72,130.48,130.4375
2020-02-25,22.19,30.25,22.19,27.85,121.01,130.79,130.735
2020-02-26,26.63,29.57,24.76,27.56,113.44,130.65,130.60250000000002
2020-02-27,28.95,39.31,27.79,39.16,118.0,128.93,128.95142857142858
2020-02-28,42.02,49.48,39.37,40.11,125.73,130.82,115.72071428571428
2020-03-02,34.86,43.77,31.5,33.42,114.69,126.84,126.82714285714286
2020-03-03,33.64,41.06,24.93,36.82,116.72,123.06,123.03678571428571
2020-03-04,34.44,35.58,30.3,31.99,113.97,127.38,127.41
2020-03-05,33.61,42.84,33.54,39.62,119.66,123.61,123.62857142857143
2020-03-06,41.46,54.39,40.84,41.94,127.16,126.08,126.10571428571428
2020-03-09,41.94,62.12,41.94,54.46,137.19,121.57,121.63499999999999
2020-03-10,49.68,55.66,43.56,47.3,138.82,121.38,121.42999999999999
2020-03-11,52.24,55.82,49.98,53.9,146.93,121.72,121.6925
2020-03-12,61.46,76.83,59.91,75.47,155.05,115.79,115.81928571428573
2020-03-13,71.31,77.57,55.17,57.83,171.28,132.37,132.17357142857142
2020-03-16,57.83,83.56,57.83,82.69,207.59,114.66,
2020-03-17,82.69,84.83,70.37,75.91,194.43,116.67,
2020-03-18,69.37,85.47,69.37,76.45,181.33,113.54,113.5
2020-03-19,80.62,84.26,68.57,72.0,181.76,115.44,115.39285714285714
2020-03-20,67.86,69.51,57.42,66.04,187.18,118.12,118.05857142857143
2020-03-23,74.08,76.74,60.46,61.59,167.93,117.05,116.94392857142857
2020-03-24,58.76,61.88,36.24,61.67,171.91,117.75,117.66785714285714
2020-03-25,61.44,68.86,58.03,63.95,171.89,116.6,116.515
2020-03-26,65.67,67.06,57.66,61.0,169.58,118.97,118.91285714285713
2020-03-27,64.95,69.1,61.8,65.54,168.71,117.41,117.37535714285715
2020-03-30,66.3,67.69,56.6,57.08,157.66,122.18,122.08285714285715
2020-03-31,56.69,58.75,50.88,53.54,152.92,125.49,125.405
2020-04-01,57.38,60.59,52.76,57.06,156.99,115.48,115.43
2020-04-02,54.46,57.24,50.45,50.91,147.33,118.43,118.4025
2020-04-03,51.11,52.29,46.74,46.8,143.52,120.57,120.49285714285713
2020-04-06,44.17,45.73,43.45,45.24,143.3,121.01,120.9875
2020-04-07,44.83,47.51,43.51,46.7,134.45,118.48,118.43857142857144
2020-04-08,45.9,47.28,42.53,43.35,141.37,119.3,119.2725
2020-04-09,43.0,45.73,41.39,41.67,137.75,120.85,120.74928571428572
2020-04-13,44.6,45.04,41.17,41.17,138.68,119.6,
2020-04-14,40.24,40.57,37.31,37.76,131.78,122.33,
2020-04-15,39.4,43.23,39.34,40.84,135.93,122.42,122.38
2020-04-16,41.92,43.02,39.87,40.11,129.55,122.33,122.30971428571428
2020-04-17,39.5,40.26,37.63,38.15,127.15,126.43,126.40371428571429
2020-04-20,40.68,43.83,39.88,43.83,132.04,125.34,125.31857142857143
2020-04-21,44.28,47.77,43.77,45.41,132.22,123.71,123.67771428571429
2020-04-22,44.91,45.07,41.41,41.98,124.1,126.19,126.16399999999999
2020-04-23,41.3,42.47,39.06,41.38,121.86,125.22,125.19085714285714
2020-04-24,41.91,42.08,35.6,35.93,119.88,126.51,126.48771428571429
2020-04-27,36.29,36.44,32.51,33.29,120.56,129.29,129.26171428571428
2020-04-28,33.21,35.39,30.54,33.57,117.79,129.23,129.21314285714286
2020-04-29,32.48,33.19,30.71,31.23,115.98,132.6,132.588
2020-04-30,30.99,35.94,30.93,34.15,118.53,130.38,130.3685714285714
2020-05-01,38.17,39.57,36.59,37.19,122.15,129.97,129.93257142857144
2020-05-04,39.13,40.32,35.53,35.97,121.25,131.29,131.24828571428571
2020-05-05,34.82,36.22,31.95,33.61,118.87,128.26,128.20714285714286
2020-05-06,32.69,35.69,31.68,34.12,119.16,128.59,128.582
2020-05-07,32.12,32.28,30.37,31.44,115.83,130.67,130.67685714285713
2020-05-08,30.14,30.39,27.89,27.98,115.65,132.21,132.14085714285716
2020-05-11,28.46,31.46,26.97,27.57,118.71,129.1,
2020-05-12,28.47,33.04,26.0,33.04,130.75,125.97,
2020-05-13,32.74,37.42,30.77,35.28,142.75,123.43,
2020-05-14,35.16,39.28,32.33,32.61,137.05,124.35,
2020-05-15,32.5,35.13,31.04,31.89,133.02,124.47,
2020-05-18,30.71,31.08,28.35,29.3,125.9,129.23,
2020-05-19,28.73,30.74,28.37,30.53,125.6,127.48,
2020-05-20,29.52,29.83,27.83,27.99,120.04,125.95,125.859436474545
2020-05-21,28.97,30.2,27.67,29.53,122.08,124.53,124.46037736624587
2020-05-22,31.36,31.55,28.03,28.16,118.38,125.78,125.71839442598885
2020-05-26,27.72,28.58,27.18,28.01,113.59,129.11,129.05168065570172
2020-05-27,27.62,30.53,25.92,27.62,109.82,129.96,129.87515994376676
2020-05-28,27.82,29.89,27.43,28.59,108.99,130.78,130.692687300561
2020-05-29,29.3,30.16,27.29,27.51,105.6,131.72,131.65405784044697
2020-06-01,28.94,30.6,28.11,28.23,106.47,132.09,132.0200043935243
2020-06-02,28.4,28.52,26.66,26.84,104.83,132.61,132.55807219016498
2020-06-03,26.75,26.98,25.04,25.66,106.85,131.5,131.426384097677
2020-06-04,26.23,26.43,24.38,25.81,109.88,130.77,130.72780155906804
2020-06-05,24.79,25.09,23.54,24.52,107.59,129.87,129.76445116055584
2020-06-08,25.56,25.98,24.65,25.81,110.05,129.11,129.02891919048136
2020-06-09,25.93,27.7,25.71,27.57,111.0,124.93,124.86850260796828
2020-06-10,26.73,29.01,26.06,27.57,116.53,127.74,127.6483652306855
2020-06-11,30.45,42.58,29.49,40.79,146.84,131.29,131.15636631203435
2020-06-12,37.68,44.16,34.97,36.09,151.6,133.54,133.34922152327638
2020-06-15,44.09,44.44,34.28,34.4,141.83,137.33,135.98804592012328
2020-06-16,34.28,37.45,31.73,33.67,143.24,133.85,133.130384645682
2020-06-17,33.28,35.17,32.25,33.47,139.94,135.49,135.46900377349
2020-06-18,33.83,36.25,32.24,32.94,135.29,134.9,134.89655498712867
2020-06-19,32.07,35.12,30.4,35.12,138.35,125.38,125.37427923183704
2020-06-22,35.22,35.39,31.64,31.77,133.98,135.54,135.52307162640815
2020-06-23,31.71,31.71,29.26,31.37,130.73,135.2,135.1860764365179
2020-06-24,31.05,37.12,30.95,33.84,136.89,134.05,134.026184878067
2020-06-25,36.59,36.93,31.59,32.22,127.2,131.92,131.85600455680185
2020-06-26,33.01,36.25,31.04,34.73,128.63,137.47,137.43441407708565
2020-06-29,35.05,36.31,31.78,31.78,121.32,135.75,135.67876333622453
2020-06-30,32.54,32.94,29.56,30.43,120.76,148.27,148.16536578355937
2020-07-01,30.96,31.76,28.2,28.62,120.83,142.44,142.399755215543
2020-07-02,28.33,28.44,25.9,27.68,115.47,146.34,146.2725010083327
2020-07-06,27.76,28.33,24.92,27.94,116.57,140.98,140.8082784359308
2020-07-07,28.77,29.63,27.25,29.43,118.12,138.34,138.1521792329297
2020-07-08,28.95,30.2,27.24,28.08,113.34,144.46,144.19154770314861
2020-07-09,28.18,31.48,26.11,29.26,115.11,138.84,138.63481676651355
2020-07-10,30.86,30.91,27.13,27.29,109.71,135.68,135.46707382754545
2020-07-13,27.85,32.45,26.87,32.19,123.3,128.52,128.84784945903942
2020-07-14,31.14,33.67,29.21,29.52,112.75,131.1,127.92192420744323
2020-07-15,29.15,30.09,27.17,27.76,113.71,146.53,140.16140987026938
2020-07-16,28.41,29.29,26.98,28.0,115.62,142.44,139.36049991924563
2020-07-17,27.15,27.54,25.41,25.68,117.97,140.81,
2020-07-20,26.94,27.08,24.35,24.46,112.51,145.9,
2020-07-21,24.08,25.65,23.61,24.84,115.46,134.84,
2020-07-22,24.56,26.26,24.13,24.32,112.84,140.39,140.236023325255
2020-07-23,23.97,26.95,23.6,26.08,116.7,140.74,140.60880453903076
2020-07-24,27.96,28.58,25.53,25.84,117.22,139.4,139.26779506217477
2020-07-27,26.6,26.94,24.55,24.74,112.71,139.61,139.433700800104
2020-07-28,24.86,25.85,24.05,25.44,113.88,139.64,139.51964745503264
2020-07-29,25.16,25.42,23.73,24.1,110.95,140.86,140.73665086269273
2020-07-30,25.04,28.29,24.64,24.76,112.16,138.99,138.87939613323158
2020-07-31,24.79,26.41,23.55,24.46,112.04,141.56,141.50293412091239
2020-08-03,25.75,26.01,22.17,24.28,111.02,141.77,141.62987111821914
2020-08-04,24.01,24.76,22.92,23.76,109.0,141.64,141.48812233867844
2020-08-05,23.44,23.61,22.86,22.99,105.67,139.59,139.4643930526245
2020-08-06,23.03,24.11,20.97,22.65,105.84,141.75,141.65476680634262
2020-08-07,23.45,24.02,22.02,22.21,108.18,139.75,139.67717305266657
2020-08-10,22.88,23.52,21.46,22.13,111.13,137.5,137.4535352824858
2020-08-11,21.85,24.93,20.28,24.03,118.34,136.39,136.31582628160015
2020-08-12,22.82,22.88,21.54,22.28,115.73,137.01,136.98070475122526
2020-08-13,22.2,22.92,21.45,22.13,115.18,136.11,136.10753308197857
2020-08-14,22.27,23.55,21.79,22.05,114.35,136.82,136.79774806352847
2020-08-17,22.52,22.82,21.34,21.35,110.35,137.45,137.66044467497179
2020-08-18,21.69,22.55,21.18,21.51,112.59,138.08,138.4770193943123
2020-08-19,21.6,22.98,20.99,22.54,114.72,138.2,138.172841243102
2020-08-20,24.1,24.6,22.37,22.72,112.99,144.05,144.02831466261475
2020-08-21,22.58,24.47,22.06,22.54,111.25,146.73,146.714928076724
2020-08-24,22.87,23.18,21.25,22.37,108.25,147.23,147.19702214471525
2020-08-25,22.16,23.43,21.53,22.03,103.88,146.53,146.4866485833575
2020-08-26,22.14,23.27,20.92,23.27,105.8,142.09,142.04242196256
2020-08-27,23.42,27.09,21.44,24.47,114.74,145.07,144.95626464750487
2020-08-28,24.59,26.3,22.64,22.96,111.56,145.73,145.5605855647864
2020-08-31,23.91,26.5,21.77,26.41,119.01,144.67,144.622482168131
2020-09-01,25.86,26.59,25.02,26.12,120.1,142.28,142.16101723421008
2020-09-02,26.01,27.07,25.53,26.57,122.01,141.1,141.0160204777805
2020-09-03,26.28,35.94,25.66,33.6,132.91,144.66,144.51840133840562
2020-09-04,34.62,38.28,29.5,30.75,122.14,133.28,133.19153739199942
2020-09-08,30.61,35.93,30.52,31.46,123.56,132.51,132.36655781974613
2020-09-09,31.68,31.78,28.12,28.81,121.54,133.2,133.074507483623
2020-09-10,28.67,30.56,27.59,29.71,120.58,130.16,130.04597963877572
2020-09-11,28.63,29.73,26.51,26.87,113.95,125.42,125.28602041279007
2020-09-14,25.86,26.79,25.38,25.85,111.27,130.95,130.37361525819986
2020-09-15,25.92,26.0,24.92,25.59,108.97,132.95,132.53889210964175
2020-09-16,25.31,26.59,24.84,26.04,103.48,136.06,136.058964145321
2020-09-17,28.22,28.92,26.26,26.46,100.37,139.41,139.47097150591594
2020-09-18,26.65,28.1,25.28,25.83,101.19,132.09,132.0603685886223
2020-09-21,28.04,31.18,27.39,27.78,108.74,130.64,130.62602267482814
2020-09-22,28.61,28.78,26.48,26.86,104.69,130.08,130.06926111671325
2020-09-23,27.02,29.73,25.19,28.58,107.35,129.84,129.8302307128584
2020-09-24,29.54,30.49,27.94,28.51,102.26,129.17,129.1626384448376
2020-09-25,28.17,30.43,26.02,26.38,99.64,129.26,129.27416686624852
2020-09-28,27.15,27.19,24.9,26.19,101.85,126.69,126.67014105540234
2020-09-29,26.81,27.43,25.98,26.27,96.93,123.93,123.9017154031818
2020-09-30,26.69,27.12,25.06,26.37,101.58,120.94,120.934292822883
2020-10-01,25.78,27.11,25.33,26.7,101.0,117.78,117.75211929583972
2020-10-02,28.87,29.9,26.93,27.63,102.72,119.12,119.08516857377832
2020-10-05,29.52,29.69,27.27,27.96,103.22,119.53,119.483705870373
2020-10-06,28.05,30.0,26.01,29.48,106.14,120.05,120.02724743659385
2020-10-07,29.26,29.76,27.94,28.06,104.19,120.6,120.5422489213022
2020-10-08,27.65,27.99,24.88,26.36,104.8,121.81,121.76892732419923
2020-10-09,26.2,26.22,24.03,25.0,109.22,121.93,121.88136863439945
2020-10-12,25.65,25.65,24.14,25.07,109.68,123.94,125.56226063519654
2020-10-13,25.67,26.93,25.16,26.07,110.97,122.54,123.81977633325403
2020-10-14,25.72,27.23,25.53,26.4,116.93,122.6,124.30303486981519
2020-10-15,27.1,29.06,26.82,26.97,117.59,123.47,124.2586393592236
2020-10-16,27.16,27.46,26.19,27.41,115.92,123.7,
2020-10-19,27.36,29.69,27.04,29.18,119.76,124.75,
2020-10-20,28.81,29.6,28.29,29.35,119.59,125.31,
2020-10-21,29.12,30.55,28.37,28.65,117.47,124.38,124.283974133655
2020-10-22,30.1,30.12,27.68,28.11,118.6,124.94,124.85526621228043
2020-10-23,28.47,28.67,27.26,27.55,118.94,126.7,126.62297551155407
2020-10-26,29.38,33.68,29.22,32.46,133.08,126.05,125.94825619608547
2020-10-27,32.04,33.77,31.85,33.35,135.32,127.58,127.48194652279913
2020-10-28,34.69,40.77,34.68,40.28,152.01,129.3,129.1740809612705
2020-10-29,38.8,41.16,35.63,37.59,147.84,128.05,128.00426090230872
2020-10-30,40.81,41.09,36.5,38.02,145.24,129.01,128.9422888151146
2020-11-02,38.57,38.78,36.13,37.13,142.65,133.86,133.76491348575001
2020-11-03,36.44,36.44,34.19,35.55,136.28,136.44,136.38513818421623
2020-11-04,36.79,36.85,28.03,29.57,122.12,133.32,133.26067627682949
2020-11-05,27.56,28.14,26.04,27.58,117.68,127.65,127.64807438124514
2020-11-06,27.87,29.44,24.56,24.86,112.92,124.56,124.54930069640457
2020-11-09,24.8,25.82,22.41,25.75,116.78,127.41,127.39776168030714
2020-11-10,25.36,26.77,24.35,24.8,116.05,126.3,126.28409927082485
2020-11-11,25.01,25.12,22.57,23.45,118.32,129.47,129.48638517649349
2020-11-12,24.39,27.27,23.53,25.35,121.57,131.42,131.42712462160506
2020-11-13,24.94,25.03,22.74,23.1,114.39,129.33,129.3244295872777
2020-11-16,23.66,24.08,22.43,22.45,115.0,129.56,130.1040775860957
2020-11-17,22.84,24.09,22.34,22.71,116.25,128.91,128.92633601030195
2020-11-18,22.86,23.92,21.66,23.84,117.9,133.59,133.588958894511
2020-11-19,23.62,24.52,22.56,23.11,114.15,133.55,133.55389639714042
2020-11-20,23.43,23.73,22.13,23.7,113.99,133.54,133.59060620718822
2020-11-23,23.66,23.96,22.45,22.66,109.85,134.26,134.3032841375936
2020-11-24,22.04,22.48,20.8,21.64,104.56,134.19,134.22699461708407
2020-11-25,21.65,22.5,21.13,21.25,103.46,133.9,133.94277343905875
2020-11-27,21.52,21.6,19.51,20.84,106.12,132.43,132.46239515531607
2020-11-30,22.64,22.89,20.48,20.57,106.12,133.95,133.99105873809813
2020-12-01,20.21,20.92,20.0,20.77,108.43,132.6,132.63033287006428
2020-12-02,21.0,21.25,20.04,21.17,107.52,134.61,134.67063235821752
2020-12-03,21.24,21.88,20.72,21.28,107.89,132.46,132.48481815032886
2020-12-04,21.05,21.15,19.97,20.79,103.72,133.08,133.1234557719974
2020-12-07,22.04,22.62,21.17,21.3,104.42,132.44,132.480367499014
2020-12-08,21.65,22.25,20.52,20.68,102.82,134.9,134.99000114722685
2020-12-09,20.66,22.93,20.1,22.27,113.93,135.75,135.85460497183925
2020-12-10,22.12,23.46,21.53,22.52,114.66,135.71,135.774610818875
2020-12-11,22.49,25.14,22.48,23.31,120.77,139.92,140.00241989723006
2020-12-14,22.67,24.82,21.95,24.72,127.68,139.29,140.67466266806684
2020-12-15,24.0,24.07,22.73,22.89,119.11,138.95,139.27431438774533
2020-12-16,22.51,23.67,22.29,22.5,111.85,144.79,144.811547999375
2020-12-17,21.98,22.27,21.52,21.93,110.21,147.07,147.08929517158944
2020-12-18,22.15,23.77,21.57,21.57,110.3,147.02,147.0267083360616
2020-12-21,24.25,31.46,24.23,25.16,121.61,146.53,146.50875543809929
2020-12-22,25.24,25.56,23.53,24.23,120.57,146.27,146.21107562166185
2020-12-23,23.49,23.68,22.13,23.31,118.31,147.39,147.3480538033678
2020-12-24,22.47,22.83,21.39,21.53,115.26,148.27,148.21660506942473
2020-12-28,22.11,22.12,21.15,21.7,114.4,145.3,145.21873824028512
2020-12-29,21.61,23.72,20.99,23.08,116.27,142.74,142.69816173863612
2020-12-30,22.58,23.15,22.41,22.77,112.04,143.03,143.010679210792
2020-12-31,22.99,23.25,21.24,22.75,111.86,147.83,147.8591034784657
2021-01-04,23.04,29.19,22.56,26.97,124.65,143.84,143.72797405454182
2021-01-05,26.94,28.6,24.8,25.34,120.07,145.5,145.36108252764313
2021-01-06,25.48,26.77,22.14,25.07,119.9,147.06,146.9923417756252
2021-01-07,23.67,23.91,22.25,22.37,109.38,145.92,145.89223622056872
2021-01-08,22.43,23.34,21.42,21.56,111.0,139.25,139.1711383270602
2021-01-11,23.31,24.81,23.23,24.08,118.8,134.7,134.14965989783695
2021-01-12,23.49,25.15,22.83,23.33,115.79,139.99,139.49698004394523
2021-01-13,23.07,24.18,21.92,22.21,117.76,139.93,144.0151450193334
2021-01-14,22.22,23.47,21.66,23.25,122.78,138.06,140.26816656979162
2021-01-15,23.52,25.8,23.08,24.34,124.25,136.7,
2021-01-19,23.03,23.56,22.53,23.24,120.71,141.32,
2021-01-20,22.82,22.86,21.37,21.58,114.17,146.66,146.675891502956
2021-01-21,21.34,22.22,21.09,21.32,112.59,144.2,144.18487165505596
2021-01-22,22.24,23.73,21.27,21.91,111.79,145.55,145.54902900465643
2021-01-25,22.31,26.63,22.2,23.19,116.63,145.56,145.5001377241026
2021-01-26,23.91,23.94,22.55,23.02,115.31,143.31,143.28942501680564
2021-01-27,23.82,37.21,23.71,37.21,157.69,137.93,137.83566619160425
2021-01-28,33.25,36.29,27.39,30.21,133.22,145.84,145.81607769514815
2021-01-29,35.16,37.51,29.24,33.09,137.33,134.3,134.2144107196091
2021-02-01,31.45,33.96,29.03,30.24,129.44,141.63,141.58444080520314
2021-02-02,28.01,28.08,25.31,25.56,119.1,141.15,141.02763648268308
2021-02-03,24.59,25.43,22.91,22.91,111.03,136.59,136.51195114578348
2021-02-04,23.44,23.44,21.68,21.77,108.47,136.01,135.965734343753
2021-02-05,21.99,22.16,20.86,20.87,107.64,135.09,135.03614839862314
2021-02-08,21.89,22.07,21.23,21.24,106.61,136.65,136.57858601200365
2021-02-09,21.57,22.26,20.65,21.63,108.14,140.06,140.00843112770485
2021-02-10,21.64,23.85,19.69,21.99,114.93,139.33,139.29457215313477
2021-02-11,22.09,23.25,21.11,21.25,116.22,137.6,137.54415678281313
2021-02-12,21.6,22.45,19.95,19.97,118.59,137.66,137.64677292452953
2021-02-16,21.13,22.46,20.88,21.46,124.66,140.17,141.12888537408293
2021-02-17,22.02,23.44,21.09,21.5,122.83,144.45,144.306908638887
2021-02-18,21.98,24.23,21.8,22.49,121.05,142.55,142.43410075815262
2021-02-19,23.1,23.19,20.84,22.05,117.45,141.53,141.44758585010487
2021-02-22,24.46,25.09,21.96,23.45,117.06,138.82,138.71479213719678
2021-02-23,22.82,27.01,22.5,23.11,112.78,136.64,136.52758586932535
2021-02-24,23.76,25.04,21.31,21.34,109.6,138.52,138.45377644244
2021-02-25,21.73,31.16,21.52,28.89,127.83,142.07,141.98986655731028
2021-02-26,28.73,30.82,25.23,27.95,124.96,136.23,136.1045770586585
2021-03-01,25.2,25.39,23.17,23.35,114.94,141.33,141.2684006463513
2021-03-02,23.58,24.6,22.8,24.1,114.92,141.68,141.58040191967837
2021-03-03,22.8,26.79,22.45,26.67,121.23,140.53,140.3499182552735
2021-03-04,26.52,31.9,24.93,28.57,124.62,137.19,137.00794402621943
2021-03-05,29.48,30.03,24.33,24.66,116.21,135.9,135.75307434546
2021-03-08,27.61,28.39,24.07,25.47,114.62,137.01,136.83054459576647
2021-03-09,25.11,25.25,22.9,24.03,108.71,134.45,134.31564035655086
2021-03-10,23.76,23.87,22.38,22.56,114.68,138.57,138.45764005888924
2021-03-11,22.5,22.5,21.45,21.91,112.87,139.61,139.49150137340257
2021-03-12,22.57,22.99,20.63,20.69,111.73,140.29,140.09613581869525
2021-03-15,21.84,21.86,19.87,20.03,110.49,141.26,140.07770854741773
2021-03-16,20.14,20.31,19.33,19.79,113.73,142.56,142.2743438955829
2021-03-17,20.1,20.95,19.18,19.23,109.9,143.19,143.161677655674
2021-03-18,18.95,22.6,18.95,21.58,117.8,148.11,148.12893403828215
2021-03-19,21.43,23.17,19.9,20.95,115.95,141.47,141.43919538999333
2021-03-22,21.91,22.29,18.87,18.88,108.63,146.14,146.12437215371386
2021-03-23,19.46,21.58,18.8,20.3,111.69,143.44,143.4004276254784
2021-03-24,20.64,21.49,19.3,21.2,110.67,143.7,143.6537696686918
2021-03-25,20.8,23.55,19.81,19.81,104.75,140.86,140.8366271274014
2021-03-26,19.32,21.49,18.68,18.86,103.26,145.46,145.36431063958113
2021-03-29,20.4,21.6,19.42,20.74,105.84,143.67,143.57817602338503
2021-03-30,20.76,21.75,19.47,19.61,101.9,142.2,142.1167549620728
2021-03-31,19.8,20.11,18.85,19.4,100.04,140.93,140.8552486840012
2021-04-01,18.6,18.64,17.29,17.33,98.97,136.29,136.18383897804785
2021-04-05,18.16,18.4,17.35,17.91,99.24,139.63,139.51575285247966
2021-04-06,18.07,18.3,17.37,18.12,99.06,142.44,142.326638135009
2021-04-07,17.99,18.17,16.87,17.16,97.09,140.6,140.4252982869142
2021-04-08,16.92,17.36,16.55,16.95,100.72,139.04,138.9832818788281
2021-04-09,17.05,17.34,16.2,16.69,102.06,132.88,132.78234513617463
2021-04-12,17.43,17.91,16.81,16.91,102.08,134.29,132.2117677908441
2021-04-13,16.99,17.86,16.43,16.65,100.44,134.72,134.03291241429622
2021-04-14,16.71,17.69,15.38,16.99,107.47,137.67,136.0122485206232
2021-04-15,16.78,16.92,15.94,16.57,108.66,139.29,139.64016576793773
2021-04-16,16.65,16.88,16.05,16.25,107.8,138.33,
2021-04-19,17.04,18.61,16.78,17.29,111.9,137.15,
2021-04-20,17.36,19.7,17.24,18.68,116.37,134.87,
2021-04-21,18.48,19.29,16.91,17.5,112.9,139.43,139.392335254915
2021-04-22,17.28,19.9,16.99,18.71,116.05,138.09,138.01875092575418
2021-04-23,18.56,18.78,16.8,17.33,108.36,140.09,140.07573699665713
2021-04-26,17.94,18.17,16.87,17.64,104.01,139.09,139.08085337228826
2021-04-27,17.62,18.16,16.97,17.56,103.39,139.13,139.13225582172865
2021-04-28,17.47,17.84,16.67,17.28,104.78,139.37,139.36629640006825
2021-04-29,16.88,18.87,16.77,17.61,105.46,139.3,139.2979501294724
2021-04-30,17.67,19.25,17.64,18.61,109.22,146.32,146.33723946828837
2021-05-03,18.65,19.12,17.8,18.31,108.32,143.75,143.82264961263013
2021-05-04,18.16,21.85,18.11,19.48,111.22,139.23,139.27125311597942
2021-05-05,18.84,19.58,17.89,19.15,109.51,142.12,142.1940215197065
2021-05-06,18.41,20.6,18.21,18.39,108.39,144.47,144.53224116992655
2021-05-07,18.45,18.57,16.68,16.69,107.03,145.76,145.86586713680944
2021-05-10,17.34,19.75,17.07,19.66,114.1,142.72,142.81277566821188
2021-05-11,21.17,23.73,20.71,21.84,122.47,140.12,140.13590977988244
2021-05-12,22.42,28.38,21.66,27.59,146.28,142.6,142.58486910470748
2021-05-13,26.03,28.93,22.23,23.13,130.01,139.26,139.27866818844544
2021-05-14,21.77,22.1,18.66,18.81,117.56,139.05,139.07108614418743
2021-05-17,19.89,21.58,19.67,19.72,120.7,138.35,138.78181708759658
2021-05-18,18.89,21.45,18.81,21.34,123.93,139.46,139.34288646594257
2021-05-19,22.46,25.96,21.88,22.18,130.17,143.75,143.681327945229
2021-05-20,22.33,23.5,20.19,20.67,126.34,142.96,142.9370891538624
2021-05-21,20.42,20.89,19.53,20.15,124.22,144.51,144.46733647578378
2021-05-24,20.5,20.51,18.38,18.4,116.12,144.64,144.59932860856532
2021-05-25,18.35,19.29,16.87,18.84,113.55,144.6,144.602809161415
2021-05-26,18.37,18.92,17.35,17.36,106.29,149.82,149.79776692176176
2021-05-27,18.03,18.17,16.52,16.74,103.88,149.35,149.37087697069788
2021-05-28,16.8,16.86,15.9,16.76,105.41,155.31,155.34010283864913
2021-06-01,17.24,18.53,15.68,17.9,113.04,149.04,148.96653913205387
2021-06-02,17.86,18.31,16.74,17.48,112.57,148.59,148.5487740685705
2021-06-03,17.73,19.27,17.45,18.04,114.31,145.21,145.12477959944323
2021-06-04,18.09,18.42,16.18,16.42,108.16,147.76,147.71232579707015
2021-06-07,17.34,17.35,15.78,16.42,108.03,151.29,151.25852942367325
2021-06-08,16.58,17.75,15.15,17.07,109.62,150.7,150.6394705313547
2021-06-09,17.18,17.96,15.55,17.89,120.97,150.71,150.65930827952224
2021-06-10,18.18,18.29,16.01,16.1,116.76,154.81,154.75934945345756
2021-06-11,16.18,16.2,15.15,15.65,116.12,159.28,159.27159228137836
2021-06-14,16.04,17.04,15.04,16.39,119.8,160.64,159.52803151985287
2021-06-15,16.27,17.35,16.14,17.02,122.9,161.35,160.64273105624042
2021-06-16,16.99,19.11,16.42,18.15,121.57,155.97,155.974161469241
2021-06-17,18.49,19.22,16.71,17.75,120.63,161.01,161.0358774313963
2021-06-18,16.96,21.04,16.92,20.7,128.83,150.78,150.69376783947249
2021-06-21,21.74,21.82,17.81,17.89,121.25,158.36,158.366289251437
2021-06-22,17.91,18.32,15.76,16.66,114.01,160.51,160.54978592391902
2021-06-23,16.25,16.84,14.86,16.32,110.48,154.85,154.8483986905662
2021-06-24,15.99,16.05,14.19,15.97,107.87,161.04,161.059270218398
2021-06-25,16.04,16.17,15.21,15.62,105.91,170.55,170.66699350873543
2021-06-28,16.07,16.46,15.39,15.76,106.32,162.09,162.184764414735
2021-06-29,15.69,16.31,14.1,16.02,107.01,163.84,163.90965704563757
2021-06-30,16.18,17.31,15.58,15.83,106.73,161.85,161.926924362812
2021-07-01,15.62,16.01,15.31,15.48,108.72,155.65,155.64920978731828
2021-07-02,15.53,15.54,14.25,15.07,106.11,157.94,157.97129309337976
2021-07-06,15.77,17.94,15.73,16.44,112.24,153.75,153.7127643699177
2021-07-07,16.43,17.64,16.08,16.2,112.7,152.15,152.07058922639982
2021-07-08,17.74,21.29,17.74,19.0,120.03,152.82,152.66130368904356
2021-07-09,17.88,18.13,16.08,16.18,112.62,155.7,155.5600387659986
2021-07-12,16.85,17.52,16.14,16.17,111.59,157.93,154.253265083294
2021-07-13,16.39,17.23,15.94,17.12,116.4,154.4,152.30338133259548
2021-07-14,17.34,17.51,15.95,16.33,117.66,154.31,151.294609602008
2021-07-15,16.7,18.09,16.56,17.01,121.03,154.15,150.13429653148074
2021-07-16,16.8,18.7,16.03,18.45,128.89,151.94,
2021-07-19,19.61,25.09,19.27,22.5,139.54,155.74,
2021-07-20,20.89,22.97,19.37,19.73,131.3,154.5,
2021-07-21,19.73,19.82,17.81,17.91,122.53,155.34,155.325737937346
2021-07-22,17.59,18.45,17.4,17.69,118.82,152.63,152.57660201474377
2021-07-23,16.98,17.48,16.33,17.2,114.92,159.44,159.42655164185862
2021-07-26,18.67,19.39,17.53,17.58,114.86,153.2,153.12572061970678
2021-07-27,18.62,20.44,18.25,19.36,121.11,151.04,150.958938712575
2021-07-28,19.41,19.62,17.52,18.31,117.08,152.23,152.145380297651
2021-07-29,17.91,18.01,17.19,17.7,114.04,149.96,149.94986808196643
2021-07-30,19.69,19.72,17.53,18.24,116.18,153.71,153.65260045475492
2021-08-02,18.16,19.87,17.99,19.46,122.85,153.3,153.2074444752883
2021-08-03,19.17,20.44,17.7,18.04,117.55,152.56,152.45387004373814
2021-08-04,18.23,18.9,17.67,17.97,116.21,151.4,151.3392230870065
2021-08-05,17.73,17.84,17.23,17.28,113.35,150.26,150.17826624155356
2021-08-06,17.46,17.5,16.14,16.15,112.0,150.96,150.8878750336913
2021-08-09,17.12,17.39,16.59,16.72,115.09,153.13,153.09742972273708
2021-08-10,16.82,17.05,16.34,16.79,114.15,153.33,153.3576985420933
2021-08-11,16.81,17.09,15.87,16.06,118.05,154.32,154.35787477270173
2021-08-12,16.33,16.42,15.49,15.59,117.72,157.18,157.27491638460657
2021-08-13,15.68,15.72,15.19,15.45,117.81,159.66,159.93421080663543
2021-08-16,17.05,17.71,16.02,16.12,117.69,152.54,153.779946580831
2021-08-17,17.31,19.56,16.71,17.91,120.53,149.05,148.89011885653346
2021-08-18,17.56,21.64,17.31,21.57,128.41,148.54,148.540959185793
2021-08-19,23.12,24.74,20.37,21.67,130.41,151.19,151.19586811882454
2021-08-20,22.74,23.9,18.18,18.56,120.51,153.51,153.52272401783063
2021-08-23,18.83,18.95,16.95,17.15,113.33,159.02,159.09090230303426
2021-08-24,16.96,17.51,16.94,17.22,111.09,157.13,157.17162887871922
2021-08-25,17.42,17.5,16.46,16.79,108.84,159.51,159.57351075097375
2021-08-26,17.46,19.27,17.16,18.84,116.6,157.25,157.280639435101
2021-08-27,17.95,18.22,16.11,16.39,109.62,162.43,162.5437488943499
2021-08-30,16.77,16.8,15.98,16.19,107.9,157.99,158.07468340072344
2021-08-31,15.98,17.07,15.91,16.48,105.81,155.91,156.0090107020406
2021-09-01,16.06,16.71,15.68,16.11,105.2,154.75,154.806452477777
2021-09-02,16.27,16.98,15.73,16.41,105.7,156.98,157.06122025488813
2021-09-03,16.27,17.06,16.08,16.41,105.48,162.27,162.44021111649283
2021-09-07,16.94,18.39,16.89,18.14,111.01,154.76,154.85765013172127
2021-09-08,18.97,19.64,17.78,17.96,115.06,153.39,153.457400297327
2021-09-09,19.44,19.54,17.17,18.8,117.03,149.97,149.9913715936155
2021-09-10,17.94,21.13,16.99,20.95,124.98,151.16,151.32722134418864
2021-09-13,19.64,21.18,18.76,19.37,118.01,148.5,149.9930243847117
2021-09-14,19.58,20.47,18.39,19.46,120.37,146.73,146.89891189770879
2021-09-15,19.3,20.27,18.01,18.18,112.48,154.33,154.36689357071
2021-09-16,18.41,19.76,17.65,18.69,112.11,152.88,152.91351598157286
2021-09-17,18.37,21.51,18.35,20.81,118.9,149.52,149.5459457894312
2021-09-20,24.25,28.79,23.9,25.71,138.93,141.57,141.562360675028
2021-09-21,23.41,25.6,21.71,24.36,130.76,139.98,139.96513172913913
2021-09-22,22.72,23.4,20.75,20.87,117.62,144.12,144.11468348148222
2021-09-23,19.91,20.21,18.42,18.63,108.31,146.87,146.91105484567112
2021-09-24,19.33,20.41,17.63,17.75,103.07,145.67,145.72376857994288
2021-09-27,17.78,19.32,17.74,18.76,107.73,144.66,144.69134603986984
2021-09-28,19.74,24.82,19.71,23.25,121.06,140.08,140.0754430696973
2021-09-29,22.07,23.79,21.45,22.56,119.04,137.99,137.9596308029428
2021-09-30,21.48,24.71,20.6,23.14,118.01,135.55,135.5314726836216
2021-10-01,24.78,24.89,20.64,21.15,113.14,135.05,135.03070044842787
2021-10-04,22.9,24.58,21.88,22.96,117.17,130.87,130.82457515149733
2021-10-05,22.92,23.17,20.62,21.3,110.75,131.68,131.62781119838843
2021-10-06,22.95,24.4,20.99,21.0,110.92,131.51,131.43682708658122
2021-10-07,20.54,20.76,19.07,19.54,107.43,133.32,133.25476115151918
2021-10-08,19.46,19.94,18.2,18.77,107.27,134.46,134.40964491308537
2021-10-11,19.93,20.45,18.11,20.0,110.29,134.7,132.95950621612806
2021-10-12,20.62,20.81,18.97,19.85,109.12,134.1,131.45219129183604
2021-10-13,20.14,20.23,18.44,18.64,108.72,135.77,135.2826822060738
2021-10-14,18.01,18.08,16.8,16.86,107.97,143.78,142.1741736935836
2021-10-15,16.64,16.85,15.72,16.3,106.76,147.27,
2021-10-18,17.29,17.93,16.27,16.31,104.37,143.77,
2021-10-19,16.09,16.31,15.57,15.7,103.06,141.01,
2021-10-20,15.82,15.89,15.29,15.49,101.84,141.23,141.221409754058
2021-10-21,16.06,16.11,14.92,15.01,102.14,140.94,140.95108430783796
2021-10-22,15.35,16.39,14.84,15.43,106.08,139.34,139.33006214711773
2021-10-25,16.14,16.33,15.1,15.24,102.36,140.94,140.94742179884082
2021-10-26,15.02,16.71,14.9,15.98,103.25,141.3,141.29788172580078
2021-10-27,15.79,17.29,15.54,16.98,109.61,140.6,140.5879379729995
2021-10-28,17.06,17.16,16.23,16.53,106.28,144.73,144.74789403782242
2021-10-29,17.4,18.06,16.13,16.26,105.17,148.09,148.1371445846124
2021-11-01,16.85,17.7,16.32,16.41,106.66,145.81,145.86039882724185
2021-11-02,16.54,16.65,15.89,16.03,105.44,146.68,146.7324003055548
2021-11-03,16.11,16.39,14.9,15.1,102.25,149.77,149.8772556402845
2021-11-04,15.06,16.14,14.73,15.44,104.46,151.67,151.7469471549731
2021-11-05,15.59,17.02,14.95,16.48,110.21,148.83,148.821147638228
2021-11-08,17.23,17.69,16.44,17.22,111.49,149.24,149.2069030197069
2021-11-09,17.43,18.57,17.21,17.78,110.55,144.09,143.99731616110344
2021-11-10,17.74,19.9,17.22,18.73,117.19,144.89,144.79438976719024
2021-11-11,18.34,18.39,17.27,17.66,114.66,144.03,143.91739757375427
2021-11-12,17.49,17.69,16.15,16.29,112.11,144.37,144.30563010340182
2021-11-15,17.03,17.46,16.49,16.49,110.66,142.38,141.73831561840714
2021-11-16,16.86,17.08,16.03,16.37,109.58,139.56,139.59668037410856
2021-11-17,16.36,17.19,16.28,17.11,111.53,141.96,141.902568028968
2021-11-18,16.81,18.15,16.38,17.59,112.15,144.8,144.77622309814768
2021-11-19,17.36,19.01,17.23,17.91,113.74,148.44,148.41828226677447
2021-11-22,18.2,19.59,17.35,19.17,118.62,147.44,147.40584393176314
2021-11-23,20.24,20.91,19.03,19.38,115.03,146.99,146.97308005189225
2021-11-24,19.17,20.96,18.52,18.58,110.48,148.15,148.1254218665198
2021-11-26,26.62,28.99,23.88,28.62,149.74,148.27,142.70421283742715
2021-11-29,25.31,25.69,21.71,22.96,131.24,149.93,149.87965802457538
2021-11-30,26.23,28.56,23.71,27.19,142.55,150.55,150.4861548094093
2021-12-01,24.92,32.61,22.38,31.12,155.02,155.21,155.2194151707048
2021-12-02,29.44,30.68,27.15,27.95,147.31,151.38,151.27994171525742
2021-12-03,26.95,35.32,25.89,30.67,156.1,149.64,149.55537109500935
2021-12-06,28.99,30.82,26.75,27.18,138.88,151.64,151.58252482363758
2021-12-07,24.58,24.69,21.58,21.89,117.92,151.66,151.61125703628286
2021-12-08,21.74,23.11,19.85,19.9,114.29,151.2,151.1530353785794
2021-12-09,20.31,22.12,19.94,21.58,121.79,149.66,149.61448392930026
2021-12-10,21.27,21.3,18.69,18.69,113.85,147.34,147.20955065646655
2021-12-13,19.29,21.18,18.96,20.31,121.07,146.07,140.52901498105598
2021-12-14,19.67,23.0,19.67,21.89,126.57,137.76,134.8358596800167
2021-12-15,21.6,23.47,19.02,19.29,118.61,141.75,138.69825989898482
2021-12-16,18.56,22.13,18.19,20.57,128.97,140.29,136.964279859
2021-12-17,20.7,23.26,20.49,21.57,136.06,134.94,
2021-12-20,25.89,27.39,22.85,22.87,138.67,131.71,
2021-12-21,22.28,22.68,20.9,21.01,131.41,136.33,
2021-12-22,21.04,21.36,18.59,18.63,122.7,142.04,141.984684107309
2021-12-23,18.81,18.93,17.62,17.96,120.46,150.26,150.26069493339784
2021-12-27,19.37,19.41,17.55,17.68,115.92,151.87,151.88749700433732
2021-12-28,17.78,18.47,17.51,17.54,114.83,153.21,153.22480951352858
2021-12-29,17.63,18.0,16.71,16.95,109.5,156.24,156.25871722771973
2021-12-30,17.3,17.79,16.62,17.33,110.84,155.27,155.27813109397943
2021-12-31,17.63,18.27,16.99,17.22,109.67,154.38,154.3861046173535
2022-01-03,17.6,18.54,16.56,16.6,108.45,151.49,151.45960888261828
2022-01-04,16.57,17.81,16.34,16.91,109.31,150.36,150.32966560884702
2022-01-05,17.07,20.17,16.58,19.73,119.31,143.41,143.34452342496752
2022-01-06,20.29,21.06,19.08,19.61,117.82,140.77,140.67283291835417
2022-01-07,19.85,20.8,18.57,18.76,113.86,139.14,139.02449374637285
2022-01-10,19.58,23.33,19.29,19.4,113.02,139.24,139.11783924102403
2022-01-11,19.62,21.0,18.2,18.41,111.61,138.09,137.97169635684457
2022-01-12,18.17,18.69,17.36,17.62,113.94,135.73,135.60101348448174
2022-01-13,18.06,20.61,17.45,20.31,123.44,133.13,133.041166427224
2022-01-14,20.11,22.07,19.05,19.19,117.57,133.85,133.81573527787685
2022-01-18,21.18,23.2,21.18,22.79,127.95,129.72,129.64228485754225
2022-01-19,23.12,23.99,21.85,23.85,129.85,134.73,134.661234808981
2022-01-20,23.46,25.89,21.68,25.59,135.6,127.58,127.49949352824092
2022-01-21,25.38,29.79,25.31,28.85,149.5,136.18,136.11039935839307
2022-01-24,28.2,38.94,28.02,29.9,154.38,136.06,135.96701498190473
2022-01-25,32.29,35.85,29.13,31.16,150.8,133.9,133.80076134745192
2022-01-26,29.35,33.04,26.9,31.96,148.55,133.38,133.26680544723126
2022-01-27,32.19,33.0,28.42,30.49,141.14,132.22,132.042228179683
2022-01-28,30.27,32.82,27.28,27.66,132.44,132.96,132.76885035492765
2022-01-31,28.36,29.41,24.71,24.83,125.06,131.44,131.28553512051928
2022-02-01,24.57,25.33,21.96,21.96,117.99,133.0,132.86210878736668
2022-02-02,21.56,22.73,20.46,22.09,119.61,132.05,131.9390973740145
2022-02-03,22.63,25.81,22.3,24.35,125.11,132.75,132.61467319213705
2022-02-04,23.77,26.26,22.07,23.22,124.89,129.29,129.15528282014586
2022-02-07,24.09,24.82,22.02,22.86,124.13,126.25,126.15474160427003
2022-02-08,23.09,23.48,21.32,21.44,118.86,127.72,127.6155555038483
2022-02-09,21.27,21.3,19.93,19.96,119.32,129.78,129.66480124858
2022-02-10,20.37,24.77,20.18,23.91,129.1,128.11,128.03379147937122
2022-02-11,24.39,30.99,23.33,27.36,141.17,126.81,126.741993893376
2022-02-14,29.17,32.04,28.33,28.33,140.59,128.12,128.47928162868885
2022-02-15,28.09,28.09,25.33,25.7,129.05,129.76,130.0165788925334
2022-02-16,25.19,27.09,23.88,24.29,122.58,132.75,132.646446254305
2022-02-17,24.83,28.37,24.76,28.11,134.49,131.31,131.16514684450348
2022-02-18,26.66,29.71,26.38,27.75,133.64,128.36,128.2258116827002
2022-02-22,31.8,32.04,28.4,28.81,130.69,128.33,128.19325181198866
2022-02-23,28.04,31.07,27.2,31.02,131.24,126.88,126.74557135921734
2022-02-24,37.5,37.79,29.45,30.32,128.5,130.48,130.36046143649924
2022-02-25,31.68,32.0,26.93,27.59,117.76,132.51,132.378702182237
2022-02-28,32.44,33.51,28.43,30.15,123.64,137.36,137.242582196221
2022-03-01,29.45,35.19,29.44,33.32,132.8,134.42,134.29704641255222
2022-03-02,34.2,34.41,30.12,30.74,124.92,136.11,135.966039639582
2022-03-03,30.52,32.01,29.31,30.48,122.36,133.28,133.15056723576566
2022-03-04,31.9,34.65,31.47,31.98,127.85,134.98,134.83396356545893
2022-03-07,35.88,36.55,32.59,36.45,133.66,136.69,136.5188692798254
2022-03-08,36.19,37.52,32.78,35.13,139.71,135.25,135.07545078637094
2022-03-09,33.74,34.12,31.39,32.45,130.86,134.12,133.97657534487433
2022-03-10,33.03,34.03,30.23,30.23,125.47,130.94,130.807580390394
2022-03-11,30.43,31.04,28.84,30.75,125.58,130.7,130.57536601313166
2022-03-14,31.03,33.18,30.06,31.77,126.26,131.81,131.54126426176893
2022-03-15,33.13,33.83,29.57,29.83,122.18,130.66,130.585655191478
2022-03-16,29.02,29.8,26.29,26.67,115.1,132.0,131.93205011636095
2022-03-17,26.51,27.47,25.25,25.67,109.25,134.93,134.84017628463928
2022-03-18,26.36,26.82,23.85,23.87,106.74,136.64,136.52890451546344
2022-03-21,25.14,25.36,22.99,23.53,108.96,135.73,135.6303012512665
2022-03-22,24.02,24.02,22.7,22.94,108.22,139.72,139.6324738596315
2022-03-23,23.04,24.03,22.64,23.57,108.77,136.71,136.62060487655998
2022-03-24,23.61,23.79,21.49,21.67,106.05,138.39,138.3072993658495
2022-03-25,21.87,22.86,20.8,20.81,109.21,140.26,140.17461031847944
2022-03-28,22.14,23.33,19.54,19.63,108.29,138.87,138.7781339851297
2022-03-29,19.7,19.73,18.67,18.9,104.35,140.0,139.92495812308695
2022-03-30,19.38,20.51,18.72,19.33,107.41,139.28,139.23263463913517
2022-03-31,19.68,21.48,19.54,20.56,111.45,140.73,140.69392290980454
2022-04-01,20.62,20.86,19.41,19.63,112.22,145.51,145.49987524592385
2022-04-04,20.75,20.78,18.45,18.57,107.11,146.48,146.48889984219178
2022-04-05,18.79,21.57,18.55,21.03,116.27,141.33,141.2603050128515
2022-04-06,21.27,24.78,21.24,22.1,114.84,144.27,144.19877366008123
2022-04-07,21.97,23.82,21.12,21.55,113.33,139.55,139.45606688589496
2022-04-08,21.25,22.34,20.28,21.16,112.14,141.51,136.338215378594
2022-04-11,23.09,24.42,22.09,24.37,117.35,137.91,136.93020347574776
2022-04-12,24.94,25.38,22.27,24.26,117.26,137.62,135.79549017061046
2022-04-13,23.52,24.45,21.37,21.82,113.76,139.86,141.44562782456734
2022-04-14,21.72,22.7,20.85,22.7,114.75,134.39,
2022-04-18,24.52,24.6,21.98,22.17,110.9,130.94,
2022-04-19,22.55,22.92,20.36,21.37,106.06,130.94,
2022-04-20,21.13,21.32,19.75,20.32,103.03,134.18,134.092066221943
2022-04-21,20.24,23.28,19.81,22.68,110.93,132.72,132.61841791245485
2022-04-22,22.71,28.27,22.62,28.21,122.37,136.22,136.0723705248193
2022-04-25,30.04,31.6,26.8,27.02,116.98,133.42,133.27060664534454
2022-04-26,27.38,33.81,27.06,33.52,127.5,137.43,137.32811370078812
2022-04-27,31.11,32.77,29.82,31.6,123.71,138.09,137.970915133589
2022-04-28,29.91,32.0,28.0,29.99,119.75,136.35,136.24574794387942
2022-04-29,28.97,34.34,28.54,33.4,121.98,136.69,136.57054472451156
2022-05-02,33.35,36.64,31.74,32.34,124.48,131.4,131.22815637831215
2022-05-03,31.76,32.82,29.06,29.25,117.55,129.0,128.82281369953972
2022-05-04,29.12,29.42,24.94,25.42,106.62,127.75,127.604070582949
2022-05-05,25.97,33.2,25.78,31.2,119.18,128.65,128.48183850551666
2022-05-06,32.23,35.34,29.83,30.19,116.78,126.21,126.03836308421359
2022-05-09,31.9,35.48,31.9,34.75,125.93,127.05,126.88207015780927
2022-05-10,33.66,34.84,32.24,32.99,120.98,125.86,125.69409019678986
2022-05-11,32.87,34.39,30.69,32.56,125.89,124.51,124.3550224779775
2022-05-12,33.74,34.76,31.7,31.77,122.11,119.91,119.77091187181749
2022-05-13,31.09,31.2,28.78,28.87,113.89,122.09,121.97689335133646
2022-05-16,30.01,30.23,27.36,27.47,108.26,117.53,117.51801604765107
2022-05-17,27.07,27.17,25.51,26.1,101.2,117.68,117.67852119805933
2022-05-18,26.74,31.49,26.21,30.96,114.96,123.46,123.331666942725
2022-05-19,31.24,33.11,29.06,29.35,104.89,122.66,122.55098097057368
2022-05-20,28.78,32.91,28.06,29.43,107.8,122.32,122.200107412215
2022-05-23,28.98,30.39,28.29,28.48,102.68,120.55,120.42967854972558
2022-05-24,29.43,31.07,29.04,29.45,104.29,122.96,122.74373158009614
2022-05-25,29.33,30.23,28.16,28.37,98.79,118.85,118.736039168921
2022-05-26,28.42,28.46,27.11,27.5,96.25,122.28,122.18304419758114
2022-05-27,27.5,27.54,25.57,25.72,93.66,121.25,121.15372785261893
2022-05-30,26.16,26.81,26.08,26.54,,,
2022-05-31,27.47,28.35,25.94,26.19,93.1,119.1,118.9914446340525
2022-06-01,26.05,27.73,25.38,25.69,91.39,119.3,119.1951916324335
2022-06-02,25.73,26.5,24.33,24.72,91.08,121.4,121.28299591085732
2022-06-03,24.91,25.96,24.76,24.79,90.5,122.25,122.12685987655486
2022-06-06,25.37,25.81,24.82,25.07,89.53,122.36,122.22520755063607
2022-06-07,25.54,26.24,23.88,24.02,87.82,120.66,120.55406554766014
2022-06-08,24.37,24.78,23.74,23.96,92.68,119.13,119.006337217743
2022-06-09,24.29,26.24,23.82,26.09,98.82,120.66,120.52308017430758
2022-06-10,26.26,29.63,26.05,27.75,99.75,121.64,121.57272022503176
2022-06-13,31.37,35.05,31.29,34.02,113.72,124.14,123.73318018636972
2022-06-14,33.01,34.0,32.06,32.69,111.01,125.16,124.82609226091296
2022-06-15,32.39,32.77,27.76,29.62,105.37,118.36,118.266231261332
2022-06-16,30.35,34.82,30.35,32.95,114.36,122.48,122.41348319151155
2022-06-17,32.84,33.31,30.47,31.13,110.06,121.15,121.05823647317418
2022-06-20,32.06,32.16,30.98,31.03,,,
2022-06-21,30.63,30.65,29.33,30.19,104.37,121.38,121.29280905480394
2022-06-22,31.45,31.57,28.78,28.95,99.66,119.22,119.1410048750174
2022-06-23,29.29,29.77,28.74,29.05,98.31,121.11,121.0348834082402
2022-06-24,29.07,29.72,26.83,27.23,91.34,120.43,120.3560171555306
2022-06-27,28.3,28.66,26.93,26.95,87.58,119.98,119.91665141341598
2022-06-28,26.9,28.68,26.47,28.36,90.62,120.46,120.39385755054425
2022-06-29,28.8,29.36,27.85,28.16,88.92,119.26,119.1722293852102
2022-06-30,29.42,30.22,28.28,28.71,89.39,119.94,119.86365135661072
2022-07-01,29.53,29.59,26.69,26.7,85.51,118.59,118.49529475122786
2022-07-04,27.96,28.1,27.46,27.53,,,
2022-07-05,27.37,29.82,27.3,27.54,87.3,118.19,118.10220078055214
2022-07-06,27.84,28.07,26.43,26.73,85.88,117.45,117.3577761087862
2022-07-07,26.73,26.79,25.66,26.08,85.88,118.76,118.68972824370151
2022-07-08,26.41,26.61,24.43,24.64,84.74,118.13,118.04432509576215
2022-07-11,26.42,26.74,25.79,26.17,88.05,119.8,118.64292299684486
2022-07-12,27.14,27.75,25.82,27.29,90.06,121.33,120.56732842655069
2022-07-13,27.35,29.06,26.23,26.82,90.49,120.41,119.9473468996554
2022-07-14,27.47,28.45,26.2,26.4,90.73,121.92,120.14682209580526
2022-07-15,26.72,26.72,24.13,24.23,89.37,122.48,
2022-07-18,24.83,25.91,24.38,25.3,91.86,120.55,
2022-07-19,25.12,25.41,24.23,24.5,88.61,120.04,
2022-07-20,24.23,24.73,23.4,23.88,86.75,117.24,117.134287869666
2022-07-21,24.07,24.67,22.92,23.11,85.04,118.71,118.61938561822976
2022-07-22,23.3,23.81,22.41,23.03,84.53,119.15,119.05257098035344
2022-07-25,24.33,24.57,23.19,23.36,83.82,119.46,119.36522212564529
2022-07-26,23.95,25.31,23.82,24.69,84.83,121.29,121.18503057782543
2022-07-27,24.27,24.41,23.02,23.24,81.77,121.92,121.81220329742774
2022-07-28,23.33,23.54,22.22,22.33,80.88,122.67,122.59194917294572
2022-07-29,22.13,22.16,21.21,21.33,80.29,122.29,122.21841361020532
2022-08-01,22.41,23.27,22.26,22.84,86.34,122.94,122.869743248407
2022-08-02,24.08,24.68,22.67,23.93,88.47,121.78,121.71182369681394
2022-08-03,23.86,23.92,21.68,21.95,84.6,121.16,121.06902070499851
2022-08-04,22.06,22.66,21.44,21.44,83.69,122.81,122.7302307587045
2022-08-05,21.5,22.58,20.76,21.15,84.13,125.97,125.94317112127099
2022-08-08,21.74,22.01,20.83,21.29,86.95,123.69,123.62165229926136
2022-08-09,21.41,22.23,21.41,21.77,87.49,123.91,123.83698735400829
2022-08-10,22.28,22.34,19.54,19.74,90.04,125.04,124.95826632799799
2022-08-11,19.84,20.85,19.71,20.2,90.84,126.84,126.74900938189192
2022-08-12,20.34,20.35,19.12,19.53,91.01,129.34,129.20625046253653
2022-08-15,20.74,21.16,19.81,19.95,88.73,127.62,126.67186193115442
2022-08-16,20.23,20.39,19.5,19.69,88.05,126.09,125.80552052724424
2022-08-17,19.74,20.63,19.41,19.9,87.47,122.06,122.017006131142
2022-08-18,20.51,20.61,19.43,19.56,86.46,124.22,124.17371235373967
2022-08-19,20.16,21.27,20.08,20.6,89.77,123.68,123.62826525983249
2022-08-22,22.41,24.62,22.39,23.8,94.75,123.93,123.88631779661772
2022-08-23,24.13,24.21,23.07,24.11,93.34,123.83,123.7888258940792
2022-08-24,24.37,24.86,22.73,22.82,86.45,122.78,122.730792431784
2022-08-25,22.41,23.13,21.77,21.78,83.32,123.1,123.05812241716563
2022-08-26,22.07,25.9,21.67,25.56,91.66,124.57,124.53466827870292
2022-08-29,26.86,27.67,25.47,26.21,91.57,121.97,121.91419330658414
2022-08-30,25.75,27.69,25.13,26.21,91.11,121.01,120.95210412691178
2022-08-31,25.86,26.62,25.31,25.87,88.4,119.71,119.635929372647
2022-09-01,26.88,27.45,25.25,25.56,87.74,120.74,120.68084489253057
2022-09-02,25.51,26.28,23.19,25.47,89.19,119.81,119.74669227113688
2022-09-05,26.51,26.85,25.84,25.99,,,
2022-09-06,25.46,27.8,25.33,26.91,94.08,119.84,119.76072244194071
2022-09-07,26.93,27.15,24.54,24.64,88.26,119.05,118.95667439139079
2022-09-08,24.7,25.9,23.56,23.61,85.57,119.08,118.98948901449006
2022-09-09,23.49,23.57,22.64,22.79,84.09,119.66,119.58938338160277
2022-09-12,23.58,24.23,23.16,23.87,84.53,121.06,119.417585350048
2022-09-13,23.67,28.15,23.53,27.27,93.89,125.46,126.23975893181186
2022-09-14,26.73,27.56,26.16,26.16,93.58,120.19,120.8026033504088
2022-09-15,26.1,26.93,25.42,26.27,92.61,119.97,119.45283687313749
2022-09-16,27.47,28.45,26.14,26.3,92.42,117.71,
2022-09-19,27.69,27.95,25.56,25.76,88.99,116.26,
2022-09-20,25.65,27.81,25.61,27.16,91.12,116.69,
2022-09-21,28.03,30.18,25.55,27.99,92.05,116.21,116.128154759135
2022-09-22,28.16,28.38,26.71,27.35,89.18,115.86,115.77220125762653
2022-09-23,27.68,32.31,27.58,29.92,101.55,118.99,118.90380559043257
2022-09-26,31.74,32.88,29.83,32.26,109.09,120.01,119.90441254904965
2022-09-27,31.2,34.14,30.3,32.6,113.76,120.39,120.30403641666958
2022-09-28,34.5,34.88,30.03,30.18,105.83,120.38,120.300120397244
2022-09-29,31.67,33.46,31.16,31.84,108.31,121.54,121.44978650755729
2022-09-30,31.61,33.25,29.39,31.62,106.19,123.59,123.5197250845357
2022-10-03,33.0,33.06,29.63,30.1,103.03,121.38,121.28314389984872
2022-10-04,29.52,29.62,28.56,29.07,96.83,122.46,122.38334822543582
2022-10-05,29.36,30.11,28.5,28.55,92.79,121.78,121.6868394929935
2022-10-06,28.6,30.74,28.56,30.52,97.73,122.44,122.36640404030082
2022-10-07,30.37,32.02,29.88,31.36,103.37,121.81,121.7304124316233
2022-10-10,32.93,33.99,32.05,32.45,107.11,120.07,119.95798698456447
2022-10-11,33.56,34.43,32.45,33.63,105.26,120.12,120.01187835890457
2022-10-12,33.54,34.53,33.11,33.57,109.19,119.99,119.8902232732915
2022-10-13,33.6,33.87,31.63,31.94,101.26,117.82,117.75936140781907
2022-10-14,31.89,32.98,31.14,32.02,101.94,119.3,119.27775378670319
2022-10-17,32.27,32.59,30.7,31.37,97.32,116.97,117.07651360970286
2022-10-18,31.1,31.93,30.42,30.5,92.3,116.88,116.69673848998326
2022-10-19,30.94,31.9,30.76,30.76,90.69,117.26,117.176500532764
2022-10-20,31.3,31.32,29.76,29.98,88.35,117.41,117.34051238470201
2022-10-21,30.21,30.44,29.24,29.69,87.32,116.19,116.12213025550486
2022-10-24,30.65,30.95,29.78,29.85,86.06,114.97,114.8998641741384
2022-10-25,29.8,30.0,28.22,28.46,82.21,114.64,114.56873062278657
2022-10-26,28.44,28.52,27.27,27.28,80.42,113.86,113.7799965753195
2022-10-27,27.51,27.67,26.94,27.39,82.51,113.23,113.17475019238029
2022-10-28,27.43,27.59,25.75,25.75,78.12,112.06,112.01693444716042
2022-10-31,26.91,27.07,25.84,25.88,78.86,111.96,111.89748690728142
2022-11-01,25.96,26.35,25.66,25.81,80.24,111.44,111.38824899399515
2022-11-02,26.04,26.62,25.39,25.86,80.93,111.99,111.939111561217
2022-11-03,25.98,26.87,25.1,25.3,79.17,110.34,110.29471490688704
2022-11-04,25.63,25.71,24.0,24.55,79.24,111.62,111.57110848584571
2022-11-07,25.67,25.67,24.34,24.35,79.95,111.67,111.62712022963115
2022-11-08,24.71,26.16,24.24,25.54,84.6,113.55,113.50499570241128
2022-11-09,25.34,26.35,25.02,26.09,90.11,114.36,114.31460265083625
2022-11-10,26.51,26.59,22.84,23.53,85.78,111.42,111.39776924834672
2022-11-11,23.89,23.91,22.37,22.52,85.89,114.09,114.09069215685398
2022-11-14,23.99,24.33,22.86,23.73,84.57,113.67,113.97293066776736
2022-11-15,23.77,26.22,23.18,24.54,88.31,115.94,116.05864239011854
2022-11-16,24.29,24.72,23.99,24.11,81.38,115.56,115.45791840762
2022-11-17,24.05,25.18,23.81,23.93,81.16,115.24,115.14376019704629
2022-11-18,24.03,24.12,22.98,23.12,77.68,114.97,114.87598574549851
2022-11-21,24.05,24.12,22.3,22.36,77.11,114.52,114.42702881372887
2022-11-22,22.59,22.71,21.28,21.29,77.81,116.24,116.15602208129106
2022-11-23,21.49,21.78,20.32,20.35,81.72,118.65,118.5627146772618
2022-11-24,20.5,20.54,20.31,20.42,,,
2022-11-25,20.61,21.11,20.46,20.5,82.5,128.11,119.46196167435369
2022-11-28,22.09,22.5,21.65,22.21,87.33,118.47,118.36855446348106
2022-11-29,22.09,22.57,21.83,21.89,85.43,120.38,120.24941457225106
2022-11-30,21.7,22.63,20.31,20.58,81.79,118.47,118.3698437111688
2022-12-01,20.83,21.06,19.8,19.84,82.19,117.79,117.67971170956086
2022-12-02,20.42,20.96,18.95,19.06,81.57,118.11,118.0057815906288
2022-12-05,20.3,21.29,19.78,20.75,84.71,117.75,117.64589405596395
2022-12-06,20.69,22.6,20.38,22.17,86.59,117.11,117.02754667075958
2022-12-07,22.32,23.01,22.18,22.68,87.18,117.81,117.7251052221666
2022-12-08,22.81,23.28,22.06,22.29,84.9,117.54,117.44182653996246
2022-12-09,22.55,23.21,22.18,22.83,87.26,119.24,119.13638017634509
2022-12-12,24.4,25.05,24.18,25.0,91.73,121.86,118.21683271074578
2022-12-13,25.24,25.84,21.46,22.55,88.74,122.73,119.55248064173676
2022-12-14,22.83,23.47,21.07,21.14,88.35,124.23,124.2124166644784
2022-12-15,21.52,23.67,21.25,22.83,92.26,124.49,123.26558855950196
2022-12-16,23.26,23.83,22.09,22.62,89.15,120.04,
2022-12-19,22.63,22.86,21.61,22.42,87.54,117.09,
2022-12-20,23.17,23.39,21.35,21.48,83.0,115.57,
2022-12-21,21.25,21.29,19.94,20.07,77.64,114.25,114.195269782388
2022-12-22,20.08,24.3,20.01,21.97,81.94,114.42,114.36008235659239
2022-12-23,22.17,22.64,20.78,20.87,78.84,114.57,114.50640014604957
2022-12-27,21.67,22.8,21.59,21.65,78.65,113.44,113.37681927555978
2022-12-28,21.47,22.26,20.96,22.14,79.9,112.03,111.958752384383
2022-12-29,22.25,22.31,21.36,21.44,77.28,113.27,113.21415212388514
2022-12-30,21.83,22.4,21.59,21.67,77.05,113.57,113.51134709782535
2023-01-03,23.09,23.76,22.73,22.9,80.34,112.74,112.67312687169118
2023-01-04,22.93,23.27,21.94,22.01,76.65,112.14,112.072046367957
2023-01-05,22.2,22.92,21.97,22.46,75.96,112.67,112.59067675486689
2023-01-06,22.69,22.9,21.0,21.13,73.88,113.86,113.77076625254186
2023-01-09,21.75,21.98,21.27,21.97,77.27,114.42,114.32473989577711
2023-01-10,22.22,22.46,20.58,20.58,76.02,114.65,114.55097040456442
2023-01-11,20.8,21.25,20.62,21.09,78.94,115.1,115.019561398526
2023-01-12,21.56,21.8,18.83,18.83,78.79,117.39,117.379575991751
2023-01-13,19.0,19.41,18.01,18.35,80.89,121.7,121.73239635806824
2023-01-16,19.44,19.63,19.41,19.49,,,
2023-01-17,19.89,20.22,19.21,19.36,83.44,120.01,120.22892213646772
2023-01-18,19.28,20.58,18.71,20.34,85.33,119.91,119.823550260259
2023-01-19,20.43,21.71,20.17,20.52,85.14,121.23,121.15257313133161
2023-01-20,20.28,20.7,19.41,19.85,81.03,120.19,120.09468358951364
2023-01-23,20.21,20.33,19.55,19.81,78.34,120.91,120.79671701157157
2023-01-24,19.89,20.47,18.91,19.2,79.37,121.34,121.21387317351193
2023-01-25,19.56,20.9,18.99,19.08,80.74,121.04,120.904398598545
2023-01-26,19.05,19.48,18.67,18.73,81.6,121.49,121.37162721716514
2023-01-27,18.9,19.0,17.97,18.51,83.31,121.97,121.83878984682971
2023-01-30,19.76,20.25,19.54,19.94,86.13,120.69,120.549709513911
2023-01-31,20.12,20.7,19.13,19.4,83.9,123.29,123.14498053335154
2023-02-01,19.62,20.04,17.7,17.87,81.2,122.19,122.088777202649
2023-02-02,17.74,19.25,17.06,18.73,84.97,123.88,123.7843872026693
2023-02-03,18.57,19.3,17.93,18.33,83.49,123.08,122.95556819061372
2023-02-06,19.23,19.81,19.21,19.43,85.1,123.01,122.87248867823936
2023-02-07,19.54,19.99,18.43,18.66,84.54,123.36,123.21877052911857
2023-02-08,18.88,20.12,18.55,19.63,94.83,121.52,121.39978956025526
2023-02-09,19.24,21.08,19.02,20.71,97.96,120.58,120.47459876348886
2023-02-10,20.74,21.94,20.44,20.53,95.63,120.88,120.75877844738172
2023-02-13,21.66,21.69,20.33,20.34,93.95,122.48,122.28413078585
2023-02-14,20.72,20.75,18.48,18.91,89.2,121.27,121.36404312868835
2023-02-15,19.37,19.41,18.11,18.23,84.81,121.36,121.26765208198
2023-02-16,18.26,20.27,18.23,20.17,88.25,123.09,123.01248116373297
2023-02-17,20.94,21.3,19.82,20.02,87.97,122.89,122.79362128378129
2023-02-20,21.06,21.28,20.96,21.23,,,
2023-02-21,21.8,23.34,21.8,22.87,95.99,124.09,123.9945016421916
2023-02-22,23.03,23.63,22.02,22.29,91.24,122.81,122.707717685717
2023-02-23,21.96,22.43,20.89,21.14,85.16,121.85,121.73342775582456
2023-02-24,21.35,22.9,21.32,21.67,85.26,121.22,121.10362412903488
2023-02-27,21.99,22.02,20.68,20.95,83.21,120.54,120.43035381591486
2023-02-28,21.3,21.37,20.1,20.7,80.76,120.01,119.90269593200529
2023-03-01,20.39,21.32,20.22,20.58,80.55,118.89,118.7769399187444
2023-03-02,21.41,21.42,19.55,19.59,77.34,117.58,117.45741981278185
2023-03-03,19.76,19.76,18.16,18.49,75.93,118.14,118.02991871315123
2023-03-06,19.05,19.19,18.49,18.61,76.41,120.19,120.08758208551457
2023-03-07,18.64,19.74,18.51,19.59,78.54,120.56,120.46676933769042
2023-03-08,19.71,20.01,19.0,19.11,74.67,119.32,119.20685549563579
2023-03-09,19.33,23.14,18.88,22.61,92.04,122.22,122.14418610632963
2023-03-10,23.34,28.97,21.79,24.8,108.62,130.27,130.12477803166067
2023-03-13,24.05,30.81,23.85,26.52,114.54,132.14,128.12344447962937
2023-03-14,26.85,27.24,22.27,23.73,104.9,132.72,129.65669157946357
2023-03-15,23.21,29.91,23.19,26.14,122.75,136.62,132.9387238596506
2023-03-16,26.19,27.49,22.97,22.99,110.77,134.53,134.00999130539788
2023-03-17,22.92,26.14,22.58,25.51,124.75,131.34,
2023-03-20,27.77,28.91,24.0,24.15,110.16,129.91,
2023-03-21,24.16,24.16,21.29,21.38,101.19,127.46,
2023-03-22,21.8,22.38,19.94,22.26,102.64,123.16,123.047361461002
2023-03-23,21.54,24.91,20.16,22.61,102.92,125.5,125.40513067306217
2023-03-24,22.11,25.21,21.6,21.74,99.72,126.88,126.78927307035629
2023-03-27,22.05,22.93,20.57,20.6,95.07,126.0,125.89467287202682
2023-03-28,20.53,21.4,19.91,19.97,91.41,122.9,122.79836747568493
2023-03-29,19.39,19.45,19.09,19.12,87.78,123.76,123.6728295690545
2023-03-30,19.12,20.08,18.85,19.02,85.34,126.31,126.24857407856629
2023-03-31,19.21,19.43,18.52,18.7,87.53,125.85,125.78399668600764
2023-04-03,19.79,19.83,18.54,18.55,84.07,126.21,126.11326503360316
2023-04-04,18.79,20.03,18.58,19.0,84.72,127.03,126.93865108829107
2023-04-05,19.42,20.08,19.0,19.08,85.92,126.98,126.8949940805255
2023-04-06,19.3,19.88,18.35,18.4,84.64,124.42,124.33630915400853
2023-04-10,19.39,20.05,18.93,18.97,85.94,126.96,126.8986985309715
2023-04-11,19.08,19.28,18.56,19.1,85.92,127.42,127.33999785599644
2023-04-12,19.38,19.98,18.25,19.09,87.06,130.0,129.94793887645648
2023-04-13,18.83,19.06,17.77,17.8,84.73,132.36,132.3274969887105
2023-04-14,17.94,18.12,17.07,17.07,84.01,134.65,134.60784378064136
2023-04-17,17.58,17.79,16.9,16.95,83.15,135.04,135.20437148724736
2023-04-18,16.94,17.34,16.58,16.83,88.01,137.12,137.08073623729982
2023-04-19,17.3,17.72,16.17,16.46,95.04,130.48,130.372905649604
2023-04-20,16.85,17.69,16.33,17.17,98.46,133.49,133.38108833891673
2023-04-21,17.51,17.71,16.58,16.77,96.94,132.94,132.818628873217
2023-04-24,18.22,18.24,16.74,16.89,93.96,132.4,132.30185507758742
2023-04-25,17.62,19.86,17.33,18.76,94.35,130.29,130.192926849711
2023-04-26,18.66,19.61,17.87,18.84,90.65,130.5,130.41584823071975
2023-04-27,18.43,18.43,16.72,17.03,85.79,136.6,136.5191213402854
2023-04-28,17.21,17.65,15.72,15.78,86.9,138.44,138.359409064373
2023-05-01,16.41,16.62,15.53,16.08,88.21,135.66,135.5884053603747
2023-05-02,16.27,19.81,16.26,17.78,91.46,131.09,131.0434390815274
2023-05-03,17.82,18.83,17.19,18.34,91.54,130.41,130.367043651593
2023-05-04,19.17,21.33,18.67,20.09,98.74,130.54,130.48764436513636
2023-05-05,19.5,19.63,16.69,17.19,91.8,134.32,134.31579116497
2023-05-08,17.73,17.88,16.83,16.98,91.98,132.32,132.26980563344543
2023-05-09,17.29,17.86,17.22,17.71,92.45,133.88,133.81646927061942
2023-05-10,17.58,18.31,16.36,16.94,97.53,138.63,138.61939040731573
2023-05-11,16.8,18.19,16.63,16.93,97.32,138.18,138.17816587489114
2023-05-12,16.83,17.92,16.38,17.03,100.54,140.26,140.23401828235697
2023-05-15,17.44,18.16,17.08,17.12,94.65,138.57,139.0864572949315
2023-05-16,17.54,18.3,17.26,17.99,97.63,137.32,137.6304523111711
2023-05-17,17.96,18.26,16.68,16.87,92.76,137.53,137.439343561169
2023-05-18,16.92,17.15,16.05,16.05,89.06,138.06,137.9497405914185
2023-05-19,16.13,17.36,15.85,16.81,94.77,135.52,135.4049505549088
2023-05-22,17.45,18.13,16.82,17.21,97.64,136.24,136.11910179447142
2023-05-23,17.35,19.31,17.3,18.53,101.91,136.42,136.30726830297948
2023-05-24,18.8,20.81,18.8,20.03,106.52,138.37,138.2596919965492
2023-05-25,19.54,19.95,18.7,19.14,103.88,140.73,140.62569445216303
2023-05-26,19.07,19.56,17.27,17.95,97.57,146.46,146.39626653702325
2023-05-29,17.53,17.6,17.34,17.46,,,
2023-05-30,17.56,18.34,16.98,17.46,91.91,145.14,145.05504551176395
2023-05-31,18.04,18.4,17.12,17.94,91.39,158.3,158.2197749637008
2023-06-01,17.24,17.59,15.58,15.65,85.07,151.98,151.9460777619667
2023-06-02,15.65,15.65,14.42,14.6,86.16,142.61,142.4542487683397
2023-06-05,15.28,15.29,14.66,14.73,85.77,143.18,143.0240382893489
2023-06-06,14.91,14.97,13.95,13.96,85.74,146.27,146.16493448297157
2023-06-07,14.14,14.29,13.77,13.94,84.0,151.01,150.9830077309326
2023-06-08,14.14,14.21,13.53,13.65,87.63,155.53,155.49635999082756
2023-06-09,13.78,14.14,13.5,13.83,89.7,152.78,152.64438623368773
2023-06-12,14.44,15.02,14.32,15.01,92.83,157.71,150.77502460265174
2023-06-13,14.99,15.06,14.47,14.61,92.1,156.44,151.33411137457702
2023-06-14,14.48,14.73,13.83,13.88,91.91,150.37,149.8081127092888
2023-06-15,14.09,14.52,13.79,14.5,93.95,147.86,154.305589118741
2023-06-16,14.49,14.54,13.48,13.54,90.69,143.07,
2023-06-19,14.09,14.19,14.01,14.19,,,
2023-06-20,14.36,14.67,13.86,13.88,96.26,138.75,
2023-06-21,13.88,13.89,13.1,13.2,92.73,133.72,133.601015932983
2023-06-22,13.88,13.98,12.73,12.91,90.64,136.15,136.08129365250784
2023-06-23,13.24,13.8,12.88,13.44,92.34,137.85,137.7872849002705
2023-06-26,14.43,14.71,13.78,14.25,95.42,140.09,140.0502607617426
2023-06-27,14.11,14.34,13.59,13.74,91.33,140.56,140.49612581829234
2023-06-28,13.9,13.96,13.36,13.43,85.79,138.37,138.32477701840125
2023-06-29,13.64,13.85,13.41,13.54,85.26,143.05,143.05259491170457
2023-06-30,13.51,13.59,12.96,13.59,83.11,149.96,150.02644005515674
2023-07-03,13.85,13.85,13.47,13.57,84.17,145.24,145.24496802224013
2023-07-04,13.54,13.71,13.52,13.7,,,
2023-07-05,14.19,14.74,14.05,14.18,87.76,144.08,144.1099857117465
2023-07-06,14.85,17.08,14.79,15.44,95.3,148.45,148.455957383082
2023-07-07,15.97,16.06,14.33,14.83,94.49,148.13,148.201015429344
2023-07-10,16.08,16.21,15.04,15.07,95.33,142.49,142.47884727712463
2023-07-11,15.02,15.25,14.63,14.84,95.21,143.99,143.9301662926814
2023-07-12,14.82,14.82,13.51,13.54,95.85,148.32,148.31591716447574
2023-07-13,13.44,13.61,13.12,13.61,96.43,147.08,147.0483748671623
2023-07-14,13.72,13.76,13.22,13.34,94.89,149.48,149.636435064335
2023-07-17,13.78,14.0,13.43,13.48,95.98,142.24,143.25560178715378
2023-07-18,13.61,13.67,13.29,13.3,92.99,141.86,142.48809767792935
2023-07-19,13.32,13.84,13.12,13.76,93.57,141.25,141.182325144034
2023-07-20,13.96,14.23,13.58,13.99,94.06,142.82,142.7561874079356
2023-07-21,13.87,13.89,13.37,13.6,93.36,142.55,142.47347756511678
2023-07-24,14.29,14.3,13.73,13.91,91.74,143.75,143.67069282623223
2023-07-25,14.02,14.09,13.82,13.86,90.0,142.18,142.077531898409
2023-07-26,13.86,14.16,13.15,13.19,85.38,143.58,143.47416120073575
2023-07-27,13.14,15.02,12.74,14.41,94.05,147.93,147.90171015408072
2023-07-28,14.03,14.18,13.27,13.33,87.38,143.48,143.38431324510458
2023-07-31,13.98,14.09,13.57,13.63,86.68,145.47,145.40974338781416
2023-08-01,13.75,14.3,13.75,13.93,87.49,142.57,142.522614824014
2023-08-02,15.7,16.48,14.95,16.09,96.2,145.75,145.7361276653175
2023-08-03,16.77,17.42,15.72,15.92,94.04,147.38,147.41977641733826
2023-08-04,16.01,17.39,14.57,17.1,99.63,153.35,153.470552738732
2023-08-07,16.9,17.36,15.77,15.77,92.99,148.54,148.5839314685092
2023-08-08,16.28,18.14,15.96,15.99,94.91,142.3,142.27027487517486
2023-08-09,15.81,16.87,15.38,15.96,97.43,137.12,137.0578711764
2023-08-10,15.58,16.86,14.6,15.85,99.78,136.58,136.5170931802368
2023-08-11,15.53,16.51,14.84,14.84,96.68,135.16,135.0810049879119
2023-08-14,15.88,16.06,14.77,14.82,95.33,136.9,137.29420467024121
2023-08-15,14.95,16.57,14.91,16.46,103.28,136.69,136.6843991709786
2023-08-16,16.54,16.93,15.8,16.78,104.54,132.09,132.034116839047
2023-08-17,16.96,18.13,16.4,17.89,106.74,132.51,132.42190352769882
2023-08-18,17.8,18.88,17.14,17.3,97.28,134.77,134.69562467030948
2023-08-21,18.03,18.11,16.88,17.13,95.24,133.59,133.48243238500913
2023-08-22,16.96,17.58,16.61,16.97,92.62,134.06,133.94651762736297
2023-08-23,16.64,17.1,15.91,15.98,88.99,131.82,131.7466427200194
2023-08-24,15.57,17.32,15.48,17.2,92.17,132.48,132.42641911504313
2023-08-25,17.21,17.36,15.45,15.68,84.32,132.27,132.23536076684584
2023-08-28,16.24,16.28,15.0,15.08,82.23,130.19,130.12102740090268
2023-08-29,15.08,15.3,14.34,14.45,79.05,135.23,135.20103582812467
2023-08-30,14.53,14.7,13.83,13.88,78.63,142.14,142.1773485469022
2023-08-31,13.98,14.0,13.44,13.57,80.8,144.7,144.74058691090443
2023-09-01,13.56,13.56,13.02,13.09,82.65,144.28,144.34050132055685
2023-09-04,13.62,13.82,13.51,13.82,,,
2023-09-05,14.15,14.47,13.7,14.01,86.43,139.62,139.62050588935156
2023-09-06,14.27,15.3,14.13,14.45,87.85,137.88,137.899885642797
2023-09-07,14.81,15.69,14.4,14.4,87.65,135.59,135.59596994362053
2023-09-08,14.22,14.87,13.58,13.84,85.27,138.18,138.1782791585585
2023-09-11,14.17,14.33,13.74,13.8,85.19,138.21,138.9070605596606
2023-09-12,14.02,14.42,13.71,14.23,85.63,136.25,136.04711529425785
2023-09-13,14.42,14.68,13.41,13.48,84.97,137.42,141.2145417389502
2023-09-14,13.39,13.46,12.79,12.82,82.48,144.32,161.6558107523522
2023-09-15,12.7,14.17,12.68,13.79,84.84,142.92,
2023-09-18,14.4,14.75,13.86,14.0,84.77,137.65,
2023-09-19,14.11,14.88,13.86,14.11,83.54,137.31,
2023-09-20,14.18,15.15,13.57,15.14,88.05,135.74,135.730995073934
2023-09-21,15.49,17.54,15.1,17.54,94.44,135.94,135.92040827785766
2023-09-22,17.31,17.41,15.93,17.2,90.54,137.74,137.74243836106845
2023-09-25,17.25,18.41,16.79,16.9,91.74,133.06,133.03521772311953
2023-09-26,18.03,19.5,17.17,18.94,103.04,136.3,136.27601592314423
2023-09-27,18.29,19.71,18.03,18.22,97.09,135.38,135.3674765378425
2023-09-28,18.22,18.77,17.06,17.34,93.72,133.48,133.46583658691415
2023-09-29,16.87,17.74,15.83,17.52,94.1,134.5,134.48409679361555
2023-10-02,17.31,18.55,16.93,17.61,95.39,129.17,129.12568372696455
2023-10-03,17.81,20.48,17.52,19.78,104.39,129.78,129.73382436204608
2023-10-04,20.72,20.88,18.3,18.58,95.58,130.68,130.6431956921985
2023-10-05,18.67,19.58,18.26,18.49,95.59,129.75,129.74592831496406
2023-10-06,18.73,19.93,17.19,17.45,91.16,129.36,129.32913772770058
2023-10-09,19.54,19.6,17.56,17.7,92.03,133.64,133.68748604835534
2023-10-10,17.7,17.86,16.51,17.03,90.1,135.17,135.29190716897216
2023-10-11,16.95,17.78,16.09,16.09,90.57,137.61,137.69504181601673
2023-10-12,16.08,18.08,15.44,16.69,91.87,136.13,136.20497795681857
2023-10-13,16.53,20.78,16.5,19.32,108.1,144.3,144.45969703649436
2023-10-16,19.1,19.57,17.14,17.21,95.69,137.95,139.401488086864
2023-10-17,17.41,18.54,16.97,17.88,95.8,138.72,138.8520061194386
2023-10-18,18.36,20.15,17.88,19.22,105.89,137.1,137.077170051268
2023-10-19,19.73,21.4,18.55,21.4,116.47,137.73,137.6915566672869
2023-10-20,21.59,21.83,20.42,21.71,115.43,136.74,136.68265348582364
2023-10-23,21.83,23.08,19.48,20.37,109.0,133.92,133.8711064103106
2023-10-24,20.03,20.24,18.65,18.97,98.54,132.44,132.39456990766922
2023-10-25,19.39,21.24,18.86,20.19,102.92,132.29,132.28740806083852
2023-10-26,21.78,21.96,20.22,20.68,101.97,133.38,133.31132332273458
2023-10-27,20.39,22.07,19.72,21.27,102.04,132.74,132.6982380393892
2023-10-30,21.13,21.16,19.55,19.75,95.23,130.13,130.08616346526728
2023-10-31,19.86,19.86,17.97,18.14,87.94,128.21,128.16817310076982
2023-11-01,18.02,18.42,16.63,16.87,85.08,129.82,129.820118635405
2023-11-02,16.59,16.62,15.58,15.66,83.24,133.8,133.83209016584732
2023-11-03,15.7,15.83,14.91,14.91,82.83,140.09,140.18078855857445
2023-11-06,15.39,15.58,14.84,14.89,84.33,137.89,137.9916056652988
2023-11-07,15.1,15.17,14.71,14.81,83.43,139.52,139.63894438290072
2023-11-08,14.91,15.09,14.3,14.45,85.04,139.41,139.46605462384525
2023-11-09,14.61,15.57,14.13,15.29,88.74,139.28,139.38903315884343
2023-11-10,15.09,15.45,14.16,14.17,85.66,139.81,139.89041872905472
2023-11-13,15.16,15.19,14.58,14.76,85.51,135.27,135.81664698417984
2023-11-14,14.83,14.86,13.91,14.16,83.77,138.38,139.4188891220434
2023-11-15,14.21,14.35,13.97,14.18,84.91,142.98,142.929016426779
2023-11-16,14.12,14.42,13.68,14.32,83.23,154.45,154.44167626513322
2023-11-17,14.18,14.19,13.67,13.8,81.83,146.88,146.8334479125708
2023-11-20,14.26,14.31,13.39,13.41,81.81,143.78,143.70781778831457
2023-11-21,13.45,14.31,13.13,13.35,81.77,140.8,140.76202576181015
2023-11-22,13.08,13.25,12.82,12.85,83.38,141.55,141.5041034716848
2023-11-23,12.84,12.87,12.75,12.8,,,
2023-11-24,13.03,13.17,12.45,12.46,83.0,144.54,144.51058464347102
2023-11-27,13.14,13.28,12.64,12.69,85.15,142.2,142.1654957999931
2023-11-28,12.78,14.3,12.56,12.69,85.14,142.68,142.6648667623621
2023-11-29,12.71,13.1,12.48,12.98,87.79,139.82,139.7963212370384
2023-11-30,13.07,13.39,12.82,12.92,86.71,140.91,140.89383285621787
2023-12-01,12.94,12.96,12.48,12.63,85.9,138.04,137.98931372459913
2023-12-04,13.28,13.7,12.98,13.08,87.76,136.04,135.98090683248546
2023-12-05,13.26,13.76,12.81,12.85,85.76,134.76,134.71739486896172
2023-12-06,12.78,13.03,12.64,12.97,86.85,132.5,132.4282989658158
2023-12-07,13.17,13.28,12.95,13.06,86.0,130.84,130.7178375518983
2023-12-08,13.14,13.24,12.35,12.35,81.11,134.1,133.9881041154762
2023-12-11,13.05,13.14,12.61,12.63,82.35,140.9,136.40768898169975
2023-12-12,12.69,12.74,11.81,12.07,83.54,148.83,147.9671186962638
2023-12-13,12.2,12.46,11.82,12.19,80.83,152.02,156.6169800796886
2023-12-14,11.96,12.74,11.84,12.48,80.83,162.51,165.4445803741801
2023-12-15,12.12,12.54,12.01,12.28,88.04,153.26,
2023-12-18,12.62,12.64,12.4,12.56,88.67,139.36,
2023-12-19,12.6,12.6,12.33,12.53,88.77,133.18,
2023-12-20,12.63,13.93,12.29,13.67,92.18,136.86,136.832999411799
2023-12-21,13.4,14.49,13.34,13.65,89.85,138.18,138.1629811369494
2023-12-22,13.72,13.96,13.0,13.03,88.62,134.46,134.42516965269314
2023-12-26,13.77,13.8,12.96,12.99,88.87,135.69,135.62427172453684
2023-12-27,13.02,13.04,12.37,12.43,86.22,135.64,135.61493526267625
2023-12-28,12.44,12.65,12.38,12.47,86.69,136.9,136.90434714945627
2023-12-29,12.55,13.19,12.36,12.45,86.96,138.05,138.09303993319628
2024-01-02,13.22,14.23,13.1,13.2,88.09,134.8,134.8198104628563
2024-01-03,13.35,14.22,13.33,14.04,89.65,134.23,134.2505716170105
2024-01-04,13.93,14.2,13.64,14.13,87.59,136.6,136.6120227175006
2024-01-05,14.24,14.58,13.29,13.35,82.87,132.68,132.67659928384543
2024-01-08,14.0,14.18,13.02,13.08,81.26,137.05,137.11574696348157
2024-01-09,13.2,13.45,12.74,12.76,78.59,140.95,141.02708460980287
2024-01-10,12.86,12.95,12.67,12.69,77.09,137.4,137.4324127314515
2024-01-11,12.64,13.31,12.35,12.44,75.54,140.36,140.45647867109614
2024-01-12,12.66,13.08,12.47,12.7,86.07,143.81,143.97100214904864
2024-01-15,13.23,13.34,13.2,13.25,,,
2024-01-16,14.12,14.35,13.52,13.84,89.59,139.94,140.48786908798678
2024-01-17,14.59,15.4,14.38,14.79,91.36,147.76,147.756284837565
2024-01-18,14.85,14.89,13.89,14.13,86.34,148.15,148.12524985275132
2024-01-19,13.8,14.58,13.28,13.3,81.95,147.76,147.7055823276197
2024-01-22,13.77,13.84,13.17,13.19,79.17,146.01,145.98514583810294
2024-01-23,13.2,13.29,12.53,12.55,76.67,148.12,148.0779102726407
2024-01-24,12.66,13.18,12.41,13.14,80.94,150.25,150.22152334738752
2024-01-25,13.18,13.58,13.06,13.45,81.39,153.05,153.04132726036212
2024-01-26,13.73,14.1,13.2,13.26,82.2,151.36,151.33469966321118
2024-01-29,13.98,15.35,13.59,13.6,83.4,149.03,148.95710392674943
2024-01-30,13.69,13.74,13.23,13.31,82.24,148.73,148.6424665555896
2024-01-31,13.42,14.61,13.18,14.35,87.56,150.21,150.17630439188702
2024-02-01,14.21,14.63,13.87,13.88,84.83,160.08,160.13672209608097
2024-02-02,13.95,14.23,13.39,13.85,83.31,160.02,160.12810994295944
2024-02-05,14.37,14.53,13.58,13.67,79.58,155.49,155.51842636152887
2024-02-06,13.57,13.78,12.98,13.06,76.97,152.82,152.7630643240213
2024-02-07,13.06,13.13,12.81,12.83,80.54,151.41,151.30404586002874
2024-02-08,12.95,13.17,12.74,12.79,83.07,150.36,150.2100582684978
2024-02-09,12.79,13.01,12.69,12.93,81.94,156.62,156.6816143617025
2024-02-12,13.48,13.94,13.34,13.93,84.63,152.8,152.77331431174753
2024-02-13,13.96,17.94,13.43,15.85,93.19,170.52,170.44308194659925
2024-02-14,15.38,15.47,14.22,14.38,83.17,160.4,160.450302793116
2024-02-15,14.27,14.64,13.94,14.01,82.4,148.9,148.873834412158
2024-02-16,13.94,14.71,13.75,14.24,82.63,142.62,142.56765671189882
2024-02-19,14.72,14.78,14.65,14.71,,,
2024-02-20,15.09,15.91,15.07,15.42,86.1,141.45,141.380079662003
2024-02-21,15.54,16.12,15.22,15.34,84.66,142.72,142.6461251418406
2024-02-22,14.28,14.64,14.12,14.54,80.88,145.91,145.87240677747877
2024-02-23,14.31,14.31,13.64,13.75,78.86,144.0,143.95840667817723
2024-02-26,14.17,14.2,13.66,13.74,80.5,143.6,143.50387892352003
2024-02-27,13.63,13.75,13.41,13.43,78.54,147.29,147.2158730494475
2024-02-28,13.52,13.9,13.44,13.84,80.36,149.09,149.037694196697
2024-02-29,14.14,14.15,13.3,13.4,77.45,149.83,149.80358480068787
2024-03-01,13.34,13.66,13.08,13.11,77.68,150.42,150.3936930366961
2024-03-04,13.49,13.58,13.32,13.49,79.41,145.94,145.86113173312816
2024-03-05,13.75,15.1,13.75,14.46,83.91,144.9,144.81058158154985
2024-03-06,14.27,14.93,13.89,14.5,83.11,143.64,143.56055049294142
2024-03-07,14.98,14.98,14.25,14.44,82.13,142.94,142.80446001200022
2024-03-08,14.22,15.53,13.97,14.74,86.56,141.18,141.0972890124776
2024-03-11,15.51,16.04,15.13,15.22,88.97,142.27,139.73240402728308
2024-03-12,14.97,15.2,13.81,13.84,83.76,142.23,146.8515056037334
2024-03-13,13.89,14.04,13.67,13.75,86.27,144.17,147.8759755120806
2024-03-14,13.62,15.33,13.42,14.4,88.75,143.95,153.02048056937815
2024-03-15,14.33,15.53,14.14,14.41,92.17,138.91,
2024-03-18,14.75,14.85,14.26,14.33,86.78,139.97,
2024-03-19,14.5,14.86,13.8,13.82,83.9,141.61,
2024-03-20,13.83,14.17,13.01,13.04,78.87,141.19,141.162007799835
2024-03-21,12.98,13.08,12.4,12.92,77.3,154.0,154.07574973644904
2024-03-22,12.92,13.15,12.58,13.06,76.49,155.84,155.93933614904086
2024-03-25,13.67,13.67,13.11,13.19,76.6,151.6,151.66192165897434
2024-03-26,13.12,13.43,12.84,13.24,76.77,157.6,157.73791694092873
2024-03-27,13.13,13.34,12.66,12.78,76.0,157.11,157.24151841897674
2024-03-28,12.93,13.1,12.84,13.01,76.57,155.44,155.55905924878041
2024-04-01,13.61,14.15,13.55,13.65,78.45,146.33,146.37301518911585
2024-04-02,13.74,15.43,13.68,14.61,82.76,142.14,142.14116671913425
2024-04-03,15.0,15.18,14.25,14.33,81.08,138.52,138.4956654829485
2024-04-04,14.29,16.92,13.74,16.35,90.04,142.49,142.4504878456133
2024-04-05,16.45,16.75,15.53,16.03,90.58,142.64,142.67002192502272
2024-04-08,16.24,16.5,15.11,15.19,86.26,140.63,140.58173733171628
2024-04-09,15.34,16.63,14.94,14.98,84.45,139.28,139.1782121486983
2024-04-10,15.24,16.62,14.59,15.8,91.76,139.94,139.83889810617876
2024-04-11,16.02,17.61,14.91,14.91,89.4,136.16,136.15164318472043
2024-04-12,14.91,19.2,14.91,17.31,102.72,142.31,142.2215718708681
2024-04-15,16.94,19.46,16.26,19.23,109.64,137.72,137.26451366668684
2024-04-16,19.49,19.56,17.64,18.4,99.25,135.6,135.37888304318358
2024-04-17,18.24,19.11,17.54,18.21,98.76,134.38,134.338327134739
2024-04-18,17.91,18.37,17.21,18.0,95.99,131.8,131.7421733225162
2024-04-19,21.33,21.36,18.17,18.71,99.09,133.4,133.3509656953396
2024-04-22,18.59,18.72,16.69,16.94,89.54,131.68,131.623509759342
2024-04-23,16.72,16.76,15.69,15.69,82.36,135.61,135.60362387086528
2024-04-24,15.76,16.38,15.58,15.97,83.61,135.06,134.991090997941
2024-04-25,16.25,17.55,15.27,15.37,82.54,134.08,134.03152869057365
2024-04-26,15.49,16.06,14.92,15.03,79.56,140.86,140.86020679168305
2024-04-29,15.37,15.42,14.63,14.67,78.22,138.3,138.26630803181746
2024-04-30,14.82,15.9,14.67,15.65,81.82,132.4,132.35786255342842
2024-05-01,15.75,16.22,14.35,15.39,81.93,133.35,133.2995965299366
2024-05-02,15.14,16.09,14.6,14.68,78.59,132.12,132.043115035848
2024-05-03,14.51,14.58,13.48,13.49,74.57,135.18,135.15326201083204
2024-05-06,13.98,14.02,13.44,13.49,73.46,130.08,129.98587861422314
2024-05-07,13.52,13.64,13.16,13.23,74.54,133.64,133.54264110580087
2024-05-08,13.24,13.51,12.94,13.0,74.5,133.24,133.1159682293328
2024-05-09,13.08,13.29,12.68,12.69,73.77,136.46,136.34656807459822
2024-05-10,12.77,12.96,12.5,12.55,73.26,137.3,137.15516966466194
2024-05-13,13.26,13.66,13.25,13.6,77.55,139.65,134.41982270875326
2024-05-14,13.71,14.03,13.27,13.42,77.65,140.18,137.82982407367928
2024-05-15,13.73,13.94,12.38,12.45,76.31,140.64,146.12914988683022
2024-05-16,12.52,12.67,12.33,12.42,77.74,147.85,143.48615495932373
2024-05-17,12.28,12.48,11.91,11.99,78.43,143.05,
2024-05-20,12.27,12.59,12.07,12.15,79.45,144.54,
2024-05-21,12.3,12.56,11.84,11.86,77.62,149.52,
2024-05-22,12.05,12.81,11.78,12.29,79.96,150.14,150.096861974086
2024-05-23,11.53,13.37,11.52,12.77,84.62,153.33,153.3044354846447
2024-05-24,12.86,12.89,11.89,11.93,79.09,155.86,155.834670199647
2024-05-27,12.41,12.49,12.35,12.36,,,
2024-05-28,12.51,13.44,12.36,12.92,81.64,152.23,152.20260651920967
2024-05-29,13.75,14.32,13.69,14.28,83.79,151.8,151.7593257349595
2024-05-30,14.82,14.88,13.67,14.47,83.44,146.61,146.56297869813542
2024-05-31,14.5,14.87,12.84,12.92,78.27,148.1,148.06995093048027
2024-06-03,13.08,14.31,13.0,13.11,78.79,139.01,138.87400562416272
2024-06-04,13.51,14.08,13.11,13.16,77.65,138.18,138.0480107464247
2024-06-05,13.14,13.25,12.6,12.63,75.24,141.4,141.283991805552
2024-06-06,12.75,12.98,12.54,12.58,77.91,140.18,140.04080222139547
2024-06-07,12.69,13.08,12.11,12.22,76.65,139.61,139.47510339148513
2024-06-10,13.09,13.28,12.62,12.74,78.97,141.56,141.36639771252433
2024-06-11,12.85,13.47,12.78,12.85,79.95,144.7,144.56409794738772
2024-06-12,13.1,13.15,11.94,12.04,77.6,150.66,150.49954434395426
2024-06-13,12.05,12.68,11.88,11.94,78.2,162.25,162.45389917396815
2024-06-14,12.22,13.45,12.12,12.66,83.72,156.18,156.33917635974365
2024-06-17,13.07,13.29,12.5,12.75,83.34,153.84,154.13675268139372
2024-06-18,12.7,12.74,12.24,12.3,80.63,142.9,143.53923138074487
2024-06-19,12.32,12.55,12.32,12.48,,,
2024-06-20,12.5,13.55,12.18,13.28,85.72,148.6,148.62013070284561
2024-06-21,13.22,13.78,12.99,13.2,83.31,151.79,151.82813489672472
2024-06-24,13.85,13.88,13.15,13.33,84.8,147.13,147.1552296507917
2024-06-25,13.48,13.52,12.84,12.84,82.87,146.64,146.63688966816773
2024-06-26,12.81,13.24,12.37,12.55,81.45,143.49,143.45245821462325
2024-06-27,12.69,12.77,12.21,12.24,79.5,143.06,143.00907601007486
2024-06-28,12.24,12.76,11.87,12.44,79.48,141.79,141.72845262015562
2024-07-01,12.98,13.26,12.1,12.22,76.05,145.82,145.76282573375627
2024-07-02,12.67,12.88,11.85,12.03,77.06,147.16,147.1464332532425
2024-07-03,12.13,12.23,11.95,12.09,78.07,148.83,148.8522482838605
2024-07-04,12.1,12.35,12.09,12.26,,,
2024-07-05,12.37,12.61,11.84,12.48,78.8,150.2,150.2531195160893
2024-07-08,12.91,12.91,12.31,12.37,78.59,148.53,148.58898969320504
2024-07-09,12.48,12.61,12.35,12.51,78.58,151.09,151.19849933486628
2024-07-10,12.51,12.92,12.39,12.85,83.41,156.96,157.136717983782
2024-07-11,12.88,13.33,12.23,12.92,84.47,152.23,152.36089244064306
2024-07-12,12.87,12.89,12.11,12.46,81.61,150.86,150.8934071855387
2024-07-15,12.78,13.26,12.75,13.12,83.86,147.4,147.50897097544194
2024-07-16,13.38,13.47,12.95,13.19,82.4,151.53,151.492198878244
2024-07-17,13.6,14.88,13.54,14.48,88.28,146.39,146.397173158322
2024-07-18,14.27,16.43,14.08,15.93,94.71,151.12,151.15894053815052
2024-07-19,16.44,17.19,10.62,16.52,97.93,146.99,146.99249748971025
2024-07-22,16.79,16.89,14.75,14.91,93.66,141.38,141.35533105971473
2024-07-23,15.21,15.35,13.9,14.72,88.51,137.0,136.9725265122645
2024-07-24,15.35,18.46,15.18,18.04,106.12,136.84,136.7960564048154
2024-07-25,18.41,19.36,16.42,18.46,104.38,134.17,134.12547222818696
2024-07-26,17.97,18.05,16.37,16.39,94.61,131.73,131.6670974555659
2024-07-29,16.59,17.21,16.23,16.6,93.51,128.93,128.86208274093025
2024-07-30,16.64,18.32,16.26,17.69,99.97,127.31,127.23941297660038
2024-07-31,16.66,16.77,15.71,16.36,94.25,136.69,136.6629700319676
2024-08-01,16.2,19.48,15.95,18.59,111.18,132.23,132.18437946511472
2024-08-02,20.52,29.66,20.01,23.39,136.81,139.65,139.61936508218096
2024-08-05,23.39,65.73,23.39,38.57,173.32,145.3,145.27161987219748
2024-08-06,33.71,34.77,24.02,27.71,150.09,145.43,145.29568902110913
2024-08-07,24.77,29.76,21.97,27.85,151.24,146.36,146.2023156044584
2024-08-08,28.34,29.47,23.36,23.79,134.34,147.37,147.2526147919067
2024-08-09,23.78,24.52,20.26,20.37,114.63,144.52,144.36329729058474
2024-08-12,20.79,21.19,18.89,20.71,121.94,140.82,137.72513394384262
2024-08-13,20.06,20.79,17.95,18.12,113.89,143.87,139.60085306563525
2024-08-14,18.41,18.49,16.12,16.19,107.81,141.82,139.5731028776242
2024-08-15,16.27,16.68,14.77,15.23,105.42,143.56,144.0274041476445
2024-08-16,15.29,15.76,14.65,14.8,103.42,142.55,
2024-08-19,15.94,16.07,14.46,14.65,98.82,141.5,
2024-08-20,14.89,15.93,14.78,15.88,101.74,146.26,
2024-08-21,16.25,17.17,15.92,16.27,106.72,149.67,149.635229843816
2024-08-22,16.27,18.06,15.76,17.55,112.53,154.16,154.1588537230346
2024-08-23,17.12,17.21,15.61,15.86,99.22,153.95,153.966450268471
2024-08-26,16.27,16.67,15.81,16.15,100.68,151.5,151.45939150492018
2024-08-27,16.21,16.81,15.37,15.43,93.45,151.83,151.8425045085367
2024-08-28,15.51,17.89,15.46,17.11,106.32,151.68,151.69490250028375
2024-08-29,16.54,16.57,15.19,15.65,97.08,153.01,153.02890830071502
2024-08-30,15.67,16.04,14.78,15.0,93.73,159.0,159.0766975035416
2024-09-02,15.87,15.99,15.48,15.55,,,
2024-09-03,15.76,21.99,15.71,20.72,129.79,163.6,163.66404527563498
2024-09-04,23.2,23.31,19.34,21.32,123.47,160.9,160.98419771970248
2024-09-05,20.75,21.53,19.21,19.9,115.01,156.71,156.81373542273957
2024-09-06,21.98,23.76,18.83,22.38,119.33,148.98,148.95631785301185
2024-09-09,21.32,21.41,19.29,19.45,110.85,140.33,140.24337217440623
2024-09-10,19.86,20.74,18.9,19.08,107.2,139.75,139.65032966871385
2024-09-11,19.41,21.41,17.55,17.69,102.9,139.73,139.6370471015575
2024-09-12,17.62,18.59,16.89,17.07,103.94,145.88,145.84356093452286
2024-09-13,17.03,17.18,16.23,16.56,101.88,149.99,149.90571602461844
2024-09-16,17.16,17.69,16.91,17.14,106.67,152.17,150.76147743545687
2024-09-17,17.16,18.08,16.67,17.61,107.19,157.54,156.55060061118132
2024-09-18,17.58,19.39,17.11,18.23,105.43,167.42,167.621627131948
2024-09-19,17.21,17.27,16.21,16.33,97.46,171.72,171.97490385043133
2024-09-20,16.35,16.68,15.81,16.15,94.27,165.75,165.96560163853928
2024-09-23,16.71,16.95,15.75,15.89,94.41,165.6,165.83938328586015
2024-09-24,15.87,16.67,15.27,15.39,90.93,162.41,162.63438801951935
2024-09-25,15.82,15.82,15.17,15.41,90.48,160.48,160.70383530948473
2024-09-26,15.06,15.83,14.9,15.37,89.86,158.67,158.91043705761913
2024-09-27,15.64,16.97,15.2,16.96,101.34,160.99,161.24315735024018
2024-09-30,17.01,17.79,16.47,16.73,99.34,154.3,154.46739677903557
2024-10-01,16.96,20.73,16.61,19.26,110.14,158.59,158.81329991582854
2024-10-02,19.65,20.36,18.58,18.9,107.97,161.5,161.741458203453
2024-10-03,19.63,20.75,19.16,20.49,115.64,162.78,163.023355826717
2024-10-04,20.48,20.48,18.48,19.21,110.63,156.43,156.5578798370837
2024-10-07,20.76,23.03,20.65,22.64,122.58,155.57,155.66081997271743
2024-10-08,22.92,23.14,21.14,21.42,114.82,156.28,156.4038176247087
2024-10-09,21.98,22.01,20.71,20.86,119.36,156.93,156.96593185233374
2024-10-10,20.91,21.39,20.64,20.93,117.43,154.09,154.1113120699653
2024-10-11,20.87,21.16,20.14,20.46,113.99,159.43,159.47586643630407
2024-10-14,20.86,20.86,19.69,19.7,107.22,153.08,153.92834858368272
2024-10-15,19.61,20.89,19.44,20.64,112.9,159.69,159.30809732547132
2024-10-16,20.77,21.01,19.45,19.58,111.62,161.85,161.841749036901
2024-10-17,19.55,19.65,18.88,19.11,105.89,165.82,165.81678452158505
2024-10-18,19.3,19.32,17.99,18.03,100.95,155.55,155.46680846042523
2024-10-21,18.78,19.34,18.36,18.37,102.96,150.97,150.863545831512
2024-10-22,18.79,19.44,18.05,18.2,100.5,146.8,146.64938125828493
2024-10-23,18.21,20.47,18.18,19.24,108.11,146.97,146.8283734748132
2024-10-24,18.87,20.24,18.63,19.08,109.84,144.71,144.53782044203012
2024-10-25,19.22,20.51,18.23,20.33,117.5,148.91,148.76674872269498
2024-10-28,19.11,19.88,18.91,19.8,112.23,148.46,148.37014036657217
2024-10-29,19.75,20.53,19.06,19.34,108.7,150.74,150.55212309505913
2024-10-30,19.33,20.44,19.3,20.35,112.77,153.45,153.2505591762704
2024-10-31,21.44,23.42,21.12,23.16,121.89,152.07,151.97068775040415
2024-11-01,22.96,23.09,21.16,21.88,119.12,146.66,146.51763571545067
2024-11-04,22.5,23.07,21.73,21.98,121.8,148.95,148.81134087178236
2024-11-05,21.98,22.06,20.2,20.49,114.32,152.68,152.51387637341685
2024-11-06,16.06,16.82,15.44,16.27,97.24,148.11,148.1135658603778
2024-11-07,15.86,15.86,15.13,15.2,88.6,152.12,152.11277828302784
2024-11-08,15.13,15.33,14.66,14.94,87.76,150.34,150.29558427814968
2024-11-11,15.33,15.56,14.89,14.97,90.73,140.32,140.39489921132105
2024-11-12,15.09,15.37,14.69,14.71,89.45,141.5,141.99469805260856
2024-11-13,15.09,15.26,13.77,14.02,91.76,142.92,145.6200236937094
2024-11-14,14.17,14.32,13.59,14.31,90.43,147.98,147.9740207523731
2024-11-15,15.02,17.55,14.56,16.14,98.93,149.55,
2024-11-18,16.6,17.0,15.35,15.58,93.81,147.33,
2024-11-19,15.44,17.93,15.37,16.35,97.37,149.46,
2024-11-20,16.19,18.79,16.04,17.16,102.2,153.0,152.96294256863
2024-11-21,17.1,17.99,15.73,16.87,101.3,155.72,155.70507517357916
2024-11-22,16.67,17.56,15.24,15.24,95.13,161.64,161.65317757262693
2024-11-25,15.23,15.72,14.54,14.6,88.79,167.28,167.3279336710628
2024-11-26,14.95,15.03,13.88,14.1,87.71,166.23,166.26636559015023
2024-11-27,14.28,15.13,13.96,14.1,88.36,167.94,167.9716260773715
2024-11-28,14.07,14.07,13.87,13.9,,,
2024-11-29,14.0,14.15,13.49,13.51,86.32,,164.58368998060678
2024-12-02,14.08,14.1,13.3,13.34,87.11,170.65,170.469058955559
2024-12-03,13.38,13.77,13.19,13.3,86.43,170.23,170.24151333012753
2024-12-04,13.16,13.61,12.89,13.45,86.48,172.45,172.486507293174
2024-12-05,13.46,13.7,13.26,13.54,86.95,173.93,174.01217015002035
2024-12-06,13.62,13.74,12.7,12.77,87.38,168.05,168.14512143228228
2024-12-09,13.36,14.23,13.35,14.19,93.84,163.14,163.19366325918466
2024-12-10,14.3,14.54,13.86,14.18,94.35,165.12,165.13607549456987
2024-12-11,14.42,14.43,13.52,13.58,98.12,169.06,169.18123275343027
2024-12-12,13.73,13.95,13.39,13.92,99.43,167.43,167.49630502407186
2024-12-13,13.57,14.25,13.24,13.81,96.5,169.91,170.02647608037879
2024-12-16,14.37,14.69,13.99,14.69,98.35,166.79,167.09558119713387
2024-12-17,14.98,15.94,14.78,15.87,100.73,173.04,172.6151536844123
2024-12-18,15.57,28.32,14.82,27.62,129.79,168.92,169.012504432711
2024-12-19,21.61,24.12,20.16,24.09,136.29,163.1,163.01265013609094
2024-12-20,24.14,26.51,17.82,18.36,114.01,161.21,161.1652043750524
2024-12-23,18.09,20.02,16.74,16.78,102.34,170.65,170.61539320071086
2024-12-24,16.97,17.04,14.27,14.27,91.05,180.09,180.06292979466983
2024-12-26,14.99,15.93,14.55,14.73,92.77,173.72,173.62546192121124
2024-12-27,15.38,18.45,15.29,15.95,98.81,167.92,167.77811632921808
2024-12-30,17.21,19.22,16.44,17.4,103.05,161.08,160.881432555953
2024-12-31,17.39,17.81,16.68,17.35,104.33,169.16,169.01791352226616
2025-01-02,17.21,19.5,16.96,17.93,106.59,157.2,157.0094136666536
2025-01-03,17.66,17.94,16.11,16.13,94.36,157.32,157.10874492124404
2025-01-06,16.77,16.87,15.71,16.04,95.89,152.64,152.38790065411456
2025-01-07,16.48,18.9,15.79,17.82,106.37,155.1,154.82696896969384
2025-01-08,17.91,19.5,17.37,17.7,103.93,154.34,154.1551764592684
2025-01-09,18.51,18.52,17.95,18.07,,,
2025-01-10,18.29,20.31,18.05,19.54,115.49,151.45,151.21231875837904
2025-01-13,21.18,22.04,19.15,19.19,110.94,170.55,158.1441059640119
2025-01-14,18.79,19.66,18.24,18.71,107.93,167.64,156.38622576693763
2025-01-15,19.08,19.14,15.96,16.12,97.79,163.54,159.1033038196386
2025-01-16,15.87,16.6,15.64,16.6,99.84,167.41,162.70862114742795
2025-01-17,16.19,16.23,15.53,15.97,101.61,165.35,
2025-01-20,16.46,16.59,15.8,15.81,,,
2025-01-21,16.29,16.29,14.93,15.06,98.26,173.0,
2025-01-22,14.89,15.29,14.59,15.1,100.56,179.98,179.863369384052
2025-01-23,15.28,15.39,14.59,15.02,99.52,179.32,179.2366275873331
2025-01-24,15.02,15.16,14.58,14.85,100.41,173.16,173.13507537695594
2025-01-27,18.83,22.51,17.57,17.9,110.31,168.55,168.54787424776936
2025-01-28,18.29,18.39,16.25,16.41,103.74,163.64,163.5481592434157
2025-01-29,16.42,18.08,16.17,16.56,101.68,157.43,157.260400552877
2025-01-30,15.93,16.42,15.32,15.84,98.32,156.7,156.58810098080943
2025-01-31,15.45,17.09,14.9,16.43,101.5,158.47,158.34602198352007
2025-02-03,20.36,20.42,17.66,18.62,109.01,155.45,155.32025729686913
2025-02-04,18.78,19.11,16.78,17.21,100.88,159.44,159.36046474733914
2025-02-05,17.54,17.75,15.77,15.77,97.29,162.64,162.5311196416705
2025-02-06,15.88,16.15,14.99,15.5,96.77,163.57,163.45333570864625
2025-02-07,15.38,16.66,14.79,16.54,101.49,166.53,166.47040193351071
2025-02-10,16.58,16.61,15.7,15.81,99.15,166.95,166.84534079536053
2025-02-11,16.13,16.42,15.75,16.02,99.82,168.81,168.695988927793
2025-02-12,15.91,17.18,15.64,15.89,98.74,166.1,165.95849521396775
2025-02-13,15.97,16.33,14.98,15.1,95.48,163.36,163.20280315607508
2025-02-14,15.08,15.42,14.74,14.77,96.9,167.97,167.9128114985697
2025-02-17,15.38,15.57,15.34,15.37,,,
2025-02-18,15.57,16.03,15.35,15.35,98.5,183.12,182.67265008959257
2025-02-19,15.14,15.96,15.05,15.27,95.55,175.76,175.718141305641
2025-02-20,15.61,16.63,15.12,15.66,94.99,178.57,178.47229189113318
2025-02-21,15.63,19.03,15.28,18.21,105.71,165.0,164.90227920009926
2025-02-24,18.08,20.24,17.31,18.98,106.8,156.93,156.74199326653633
2025-02-25,19.09,21.48,18.85,19.43,108.47,157.6,157.42729925273755
2025-02-26,18.96,20.06,17.83,19.1,106.05,153.44,153.2379684734301
2025-02-27,18.25,21.47,17.67,21.13,114.79,149.32,149.07015868115585
2025-02-28,21.21,22.4,19.05,19.63,108.99,157.94,157.705582662429
2025-03-03,19.83,24.31,19.25,22.78,118.74,154.26,154.044163710523
2025-03-04,22.96,26.35,21.71,23.51,118.56,151.38,151.1609107183055
2025-03-05,23.03,24.84,21.37,21.93,109.63,138.88,138.66300065079082
2025-03-06,22.6,25.92,22.39,24.87,120.82,137.65,137.49797153369656
2025-03-07,24.85,26.56,23.09,23.37,115.73,139.94,139.77036278130237
2025-03-10,24.7,29.56,24.68,27.86,128.46,146.04,145.95135758543856
2025-03-11,27.94,29.57,26.18,26.92,129.51,132.79,132.62179094922325
2025-03-12,26.88,26.91,23.89,24.23,115.89,128.69,128.54515699348943
2025-03-13,24.92,26.13,23.46,24.66,112.89,128.86,128.73011392576294
2025-03-14,24.35,24.36,21.48,21.77,98.23,130.3,130.18697288234574
2025-03-17,22.89,22.95,20.32,20.51,95.93,133.9,133.69708893608203
2025-03-18,20.83,22.57,20.41,21.7,99.68,136.75,136.60886332699
2025-03-19,21.84,22.1,19.42,19.9,93.23,136.45,136.24232691881738
2025-03-20,19.52,21.17,19.3,19.8,89.95,140.79,140.60862994726372
2025-03-21,20.02,21.14,19.15,19.28,87.99,141.73,141.53056372753375
2025-03-24,19.13,19.14,17.46,17.48,81.89,144.01,143.76379178219582
2025-03-25,17.58,17.77,17.02,17.15,87.46,148.68,148.42854253047045
2025-03-26,17.23,19.07,16.97,18.33,90.24,144.75,144.5137092052363
2025-03-27,18.36,19.28,17.95,18.69,89.51,140.85,140.5533895899954
2025-03-28,19.08,22.18,18.92,21.65,102.44,139.04,138.8025890964273
2025-03-31,24.11,24.8,21.67,22.28,99.12,148.58,148.3946246875228
2025-04-01,22.06,23.52,21.58,21.77,97.55,143.01,142.94833551387174
2025-04-02,22.3,23.66,20.68,21.51,118.37,144.27,144.19861645616365
2025-04-03,26.38,30.02,24.93,30.02,119.48,139.2,139.1601509030008
2025-04-04,30.12,45.61,29.99,45.31,147.16,136.54,136.40548094231858
2025-04-07,60.13,60.13,38.58,46.98,152.63,133.82,133.74978699291128
2025-04-08,44.04,57.52,36.48,52.33,170.92,135.68,135.55853706659482
2025-04-09,50.98,57.96,31.9,33.62,142.5,142.23,142.04657627048653
2025-04-10,34.44,54.87,34.44,40.72,157.24,127.54,127.5122806325137
2025-04-11,40.8,46.12,36.85,37.56,147.35,128.64,128.5434236839902
2025-04-14,34.76,35.17,29.75,30.89,122.32,135.71,134.50467635279617
2025-04-15,30.01,31.45,28.29,30.12,115.89,135.76,135.14339164983915
2025-04-16,33.24,34.96,29.48,32.64,122.91,131.32,131.274642689598
2025-04-17,30.79,32.55,29.57,29.65,116.26,130.02,129.9458822153126
2025-04-21,32.75,35.75,31.79,33.82,124.11,125.77,125.69197604639729
2025-04-22,32.61,32.68,30.08,30.57,112.96,125.93,125.83482711995352
2025-04-23,28.75,30.29,27.11,28.45,109.02,126.67,126.5918831122456
2025-04-24,28.69,29.66,26.36,26.47,102.98,129.02,128.94822241002905
2025-04-25,26.22,27.2,24.84,24.84,98.95,132.37,132.32647368864403
2025-04-28,25.75,26.93,24.7,25.15,103.39,131.28,131.2171421292092
2025-04-29,24.76,25.99,23.76,24.17,101.31,134.29,134.2583995804871
2025-04-30,24.35,28.17,24.23,24.7,102.29,132.73,132.6666214226396
2025-05-01,23.94,25.18,23.3,24.6,102.31,134.07,134.01229409141945
2025-05-02,23.63,24.32,22.34,22.68,97.26,134.78,134.73571454684142
2025-05-05,24.25,24.63,22.81,23.64,101.17,134.12,134.07130797838602
2025-05-06,23.97,25.11,23.9,24.76,104.32,133.24,133.20100773570644
2025-05-07,24.56,25.62,23.29,23.55,99.82,132.21,132.1201320687434
2025-05-08,22.84,23.61,21.88,22.48,96.29,131.52,131.40612930394437
2025-05-09,22.4,22.82,21.83,21.9,96.35,128.4,128.20550704117088
2025-05-12,19.84,20.44,18.14,18.39,87.93,137.67,131.78570906888973
2025-05-13,18.69,18.85,17.65,18.22,91.59,140.52,137.08869806101538
2025-05-14,18.1,18.82,18.06,18.62,97.16,138.94,134.53181099142978
2025-05-15,19.19,19.38,17.77,17.83,94.11,140.85,137.26600355590014
2025-05-16,17.96,17.96,17.15,17.24,94.94,136.01,
2025-05-19,19.84,19.92,17.92,18.14,96.89,135.94,
2025-05-20,18.46,18.68,17.7,18.09,96.62,137.27,
2025-05-21,18.77,21.05,17.77,20.87,106.3,137.28,137.233906474896
2025-05-22,20.62,22.07,19.64,20.28,104.1,139.04,138.9907619850996
2025-05-23,20.14,25.53,19.83,22.29,109.76,139.34,139.2959590203698
2025-05-26,20.75,20.83,20.3,20.57,,,
2025-05-27,20.63,21.01,18.95,18.96,96.49,140.89,140.83237552647049
2025-05-28,19.21,19.43,18.68,19.31,97.15,137.65,137.56751415322975
2025-05-29,18.25,20.2,18.11,19.18,95.32,137.26,137.18425016513342
2025-05-30,19.61,20.55,18.57,18.57,95.15,138.25,138.16254807307604
2025-06-02,19.81,20.45,18.36,18.36,91.84,141.04,140.93910964954785
2025-06-03,18.83,19.21,17.64,17.69,90.89,141.6,141.51786243407315
2025-06-04,17.68,18.07,17.41,17.61,90.79,137.46,137.360753064591
2025-06-05,17.68,18.8,17.08,18.48,93.2,140.09,140.02581026163892
2025-06-06,18.16,18.35,16.65,16.77,89.45,138.85,138.70323760922244
2025-06-09,17.69,17.72,16.82,17.16,88.97,139.18,139.04486249906972
2025-06-10,17.5,17.99,16.68,16.95,92.06,141.22,141.07375686967927
2025-06-11,17.04,18.09,16.23,17.26,99.02,141.39,141.27759137390152
2025-06-12,17.87,18.87,17.43,18.02,103.04,145.6,145.45984294425463
2025-06-13,21.76,22.0,18.88,20.82,113.37,149.65,149.4875674162085
2025-06-16,19.78,20.22,18.67,19.11,106.19,156.6,155.58928712778072
2025-06-17,20.53,21.79,19.55,21.6,115.5,154.36,153.66958963741786
2025-06-18,20.9,21.58,19.59,20.14,106.2,148.41,148.372879642685
2025-06-19,21.51,22.75,21.18,22.17,,,
2025-06-20,20.74,21.07,19.11,20.62,108.86,149.19,149.15168971242042
2025-06-23,21.15,22.51,19.82,19.83,104.32,154.78,154.76676998739975
2025-06-24,18.19,18.72,17.33,17.48,92.29,154.97,154.95134504211927
2025-06-25,17.28,17.51,16.68,16.76,89.65,152.24,152.244922435904
2025-06-26,16.67,16.78,16.11,16.59,89.6,147.46,147.407405895906
2025-06-27,16.31,17.29,16.12,16.32,91.84,143.44,143.37244186529733
2025-06-30,17.19,17.43,16.55,16.73,89.74,139.65,139.5481720054853
2025-07-01,16.98,17.48,16.51,16.83,89.54,140.07,139.9707882944752
2025-07-02,16.75,17.37,16.54,16.64,89.8,139.28,139.17465621169902
2025-07-03,16.65,16.83,16.14,16.38,90.6,141.36,141.26543575785294
2025-07-04,16.93,17.67,16.92,17.48,,,
2025-07-07,17.83,18.5,17.51,17.79,96.3,137.96,137.84131612560594
2025-07-08,17.41,17.44,16.54,16.81,91.31,140.8,140.7269447368994
2025-07-09,16.76,16.76,15.76,15.94,91.76,141.75,141.638089093714
2025-07-10,16.23,16.24,15.7,15.78,90.94,143.32,143.19098586250294
2025-07-11,16.41,17.24,15.98,16.4,93.53,144.96,144.84992063871397
2025-07-14,17.73,17.85,16.91,17.2,95.75,147.0,146.06968316206758
2025-07-15,16.89,17.39,16.56,17.38,94.66,143.72,143.0794554673766
2025-07-16,17.66,19.48,16.69,17.16,95.56,146.71,146.666871281589
2025-07-17,17.16,17.37,16.48,16.52,92.9,151.12,151.08681111802088
2025-07-18,16.43,16.81,16.28,16.41,93.15,150.45,150.41747341635113
2025-07-21,16.87,16.99,16.3,16.65,92.26,154.83,154.760754320969
2025-07-22,16.75,17.48,16.43,16.5,90.58,153.44,153.4217713565511
2025-07-23,16.23,16.32,15.32,15.37,88.04,159.29,159.3246555206554
2025-07-24,15.39,15.54,14.95,15.39,89.75,159.41,159.4509903944631
2025-07-25,15.33,15.39,14.92,14.93,90.59,145.57,145.48317170376296
2025-07-28,15.15,15.54,15.0,15.03,88.59,147.65,147.60311932186792
2025-07-29,14.95,16.12,14.7,15.98,95.14,149.12,149.0671629241103
2025-07-30,15.87,17.27,15.44,15.48,94.33,154.08,154.0774012758822
2025-07-31,14.99,17.17,14.74,16.72,98.37,152.29,152.27749759879902
2025-08-01,17.4,21.9,17.39,20.38,109.79,155.49,155.48951038420736
2025-08-04,19.56,19.58,17.48,17.52,95.85,159.31,159.3065696736639
2025-08-05,17.21,18.94,17.11,17.85,97.65,149.91,149.90911658956244
2025-08-06,17.22,17.88,16.56,16.77,97.81,149.71,149.6693268252394
2025-08-07,16.41,17.64,15.98,16.57,97.37,147.03,146.90679573854044
2025-08-08,16.48,16.52,15.15,15.15,93.14,147.53,147.35090082526906
2025-08-11,15.81,16.36,15.52,16.25,97.09,148.55,148.38800826131873
2025-08-12,16.09,16.56,14.66,14.73,92.86,151.45,154.6572516281934
2025-08-13,14.62,14.81,14.3,14.49,98.17,153.13,155.6344994239912
2025-08-14,14.66,15.39,14.57,14.83,98.04,150.62,157.74737285592238
2025-08-15,14.43,15.18,14.4,15.09,97.85,153.79,
2025-08-18,15.73,15.95,14.95,14.99,96.63,153.95,
2025-08-19,15.23,15.91,14.76,15.57,102.09,153.17,
2025-08-20,15.95,17.19,15.57,15.69,98.6,144.56,144.448343484553
2025-08-21,15.72,17.24,15.65,16.6,99.99,144.32,144.1625643122487
2025-08-22,16.81,16.83,14.21,14.22,89.78,146.39,146.28153577891436
2025-08-25,15.05,15.19,14.24,14.79,92.3,149.99,149.94118271660395
2025-08-26,15.75,15.75,14.62,14.62,91.65,156.53,156.42067593810643
2025-08-27,14.66,15.23,14.66,14.85,94.93,150.88,150.8338789320075
2025-08-28,14.42,14.69,14.12,14.43,92.03,152.5,152.48246330267943
2025-08-29,14.31,15.97,14.31,15.36,97.17,152.1,152.0906960133284
2025-09-01,16.17,16.79,15.08,16.12,,,
2025-09-02,16.65,19.38,16.55,17.17,103.88,151.48,151.44947099823227
2025-09-03,17.4,17.57,16.34,16.35,99.62,150.22,150.1808556724815
2025-09-04,16.22,16.35,15.28,15.3,95.28,153.96,153.85325284865158
2025-09-05,15.23,16.92,14.74,15.18,93.06,148.16,148.09441009648728
2025-09-08,15.58,15.65,14.99,15.11,92.29,148.82,148.72174951365724
2025-09-09,15.02,15.82,14.97,15.04,93.16,150.93,150.90659274378012
2025-09-10,14.98,15.63,14.63,15.35,100.53,151.92,151.91994542829
2025-09-11,15.19,15.24,14.65,14.71,96.32,147.63,147.61762326263712
2025-09-12,14.62,14.97,14.41,14.76,96.78,149.49,149.49581404096122
2025-09-15,15.14,15.84,14.92,15.69,99.55,152.11,152.10528249971964
2025-09-16,15.6,16.38,15.44,16.36,104.1,148.21,148.0771351139116
2025-09-17,16.42,16.75,15.26,15.72,96.17,146.37,146.369089729073
2025-09-18,14.93,15.8,14.33,15.7,97.28,148.19,148.2044267660448
2025-09-19,15.76,16.13,15.29,15.45,96.9,146.97,146.98946152970876
2025-09-22,16.14,16.35,15.78,16.1,99.75,145.46,145.47757771582272
2025-09-23,16.1,17.07,15.95,16.64,101.23,146.53,146.55550270755631
2025-09-24,16.57,17.21,16.18,16.18,99.99,145.87,145.9067181278824
2025-09-25,16.55,17.74,16.32,16.74,100.34,145.89,145.88232040857568
2025-09-26,16.89,17.05,15.29,15.29,93.4,141.51,141.502591621026
2025-09-29,15.84,16.29,15.74,16.12,96.74,143.03,143.02875537214814
2025-09-30,16.49,16.7,16.02,16.28,95.89,143.44,143.44564856228646
2025-10-01,17.28,17.28,15.98,16.29,93.22,143.68,143.702890649849
2025-10-02,16.12,16.92,15.93,16.63,94.1,145.93,145.9944484681064
2025-10-03,16.35,17.06,16.2,16.65,94.79,144.65,144.68142519899556
2025-10-06,16.74,17.09,16.29,16.37,95.38,142.5,142.51623626245495
2025-10-07,16.58,17.55,16.19,17.24,98.7,145.22,145.25892321935643
2025-10-08,17.17,17.2,16.23,16.3,96.22,145.76,145.802582694655
2025-10-09,16.31,17.27,16.26,16.43,97.25,145.34,145.38082592049827
2025-10-10,16.36,22.44,16.23,21.66,116.25,138.86,138.81470774897412
2025-10-13,19.45,20.77,18.61,19.03,106.45,142.81,143.3583312560021
2025-10-14,21.46,22.94,19.18,20.81,113.19,146.48,144.76120839687124
2025-10-15,20.02,22.44,19.11,20.64,117.3,144.98,144.6000126442454
2025-10-16,20.49,25.43,19.85,25.31,134.25,147.14,144.49472128639545
2025-10-17,28.41,28.99,20.73,20.78,115.63,147.63,
2025-10-20,20.53,21.02,18.23,18.23,103.18,151.31,
2025-10-21,18.65,18.89,17.4,17.87,103.36,149.95,
2025-10-22,17.84,21.01,17.73,18.6,104.87,152.85,152.846617631291
2025-10-23,18.36,19.35,17.08,17.3,98.6,154.34,154.33562776222618
2025-10-24,17.02,17.22,16.02,16.37,98.03,153.49,153.46563616315106
2025-10-27,15.73,16.07,15.62,15.79,97.4,148.5,148.5616947180276
2025-10-28,15.95,16.55,15.66,16.42,101.51,140.37,140.35485391155606
2025-10-29,16.34,17.58,16.26,16.92,103.57,139.45,139.43568549630675
2025-10-30,16.26,17.41,15.73,16.91,102.84,141.15,141.19912608689273
2025-10-31,16.43,18.54,15.96,17.44,104.46,142.78,142.842930560279
2025-11-03,18.06,18.83,17.0,17.17,101.43,141.99,142.02984765653486
2025-11-04,19.73,20.48,17.9,19.0,104.44,144.01,144.01787725312184
2025-11-05,19.37,20.02,17.31,18.01,100.77,143.64,143.62758517657
2025-11-06,18.36,20.31,17.64,19.5,105.71,143.54,143.5448143934558
2025-11-07,19.52,22.72,19.08,19.08,103.6,141.27,141.20994014873114
2025-11-10,18.58,18.82,17.6,17.6,98.91,142.94,142.84286371998465
2025-11-11,17.9,18.01,17.25,17.28,99.6,143.45,143.35864160713388
2025-11-12,17.21,18.06,17.1,17.51,103.47,138.57,138.47405665499525
2025-11-13,17.61,21.31,17.51,20.0,111.25,142.49,142.45107665816664
2025-11-14,21.33,23.03,19.56,19.83,107.95,137.93,137.86780442421463
2025-11-17,19.58,23.44,19.54,22.38,117.86,140.9,140.75007033065913
2025-11-18,23.54,25.84,22.91,24.69,124.32,142.98,142.68403623963928
2025-11-19,24.52,24.79,21.93,23.66,119.57,143.05,142.954833665121
2025-11-20,20.78,28.27,19.28,26.42,128.65,144.96,144.8946940921419
2025-11-21,25.97,27.84,22.54,23.43,118.34,148.34,148.282045685043
2025-11-24,22.69,23.68,20.41,20.52,103.96,148.6,148.5176024874927
2025-11-25,20.55,21.77,18.39,18.56,96.85,151.68,151.58641085654028
2025-11-26,18.25,18.7,16.93,17.19,92.17,145.04,144.98392164879874
2025-11-27,17.22,17.36,17.05,17.21,,,
2025-11-28,17.41,18.52,15.78,16.35,90.34,143.0,142.87895043980515
2025-12-01,18.05,18.33,16.58,17.24,93.76,144.86,144.736253443854
2025-12-02,17.28,17.31,16.39,16.59,91.71,144.94,144.81037673775296
2025-12-03,16.43,17.28,15.93,16.08,92.39,149.23,149.109822781254
2025-12-04,16.23,16.63,15.68,15.78,91.28,148.91,148.74677010197473
2025-12-05,15.58,16.18,15.28,15.41,90.65,148.83,148.625525428382
2025-12-08,16.15,17.09,16.1,16.66,97.35,150.63,150.4672948476496
2025-12-09,16.66,17.2,16.45,16.93,98.14,150.32,150.14009007577545
2025-12-10,16.94,17.66,15.56,15.77,99.11,147.55,147.29644306447025
2025-12-11,16.84,16.88,14.85,14.85,95.41,148.32,147.90090029602862
2025-12-12,14.99,17.85,14.85,15.74,97.33,153.59,153.2762230101326
2025-12-15,16.51,17.35,15.99,16.5,100.37,161.86,159.45356063632278
2025-12-16,17.28,17.61,16.19,16.48,98.36,156.99,156.2021560630585
2025-12-17,16.45,18.0,15.82,17.62,99.89,153.49,153.436325845721
2025-12-18,17.61,17.68,15.93,16.87,92.61,155.38,155.32789253426054
2025-12-19,16.31,16.53,14.91,14.91,83.87,155.87,155.82990395977743
2025-12-22,15.16,15.26,14.03,14.08,81.97,159.93,159.95293997821057
2025-12-23,14.09,14.45,13.64,14.0,85.14,160.53,160.56878824660467
2025-12-24,14.09,14.16,13.38,13.47,85.24,161.3,161.366662905571
2025-12-26,14.12,14.29,13.52,13.6,84.24,151.45,151.44265129422837
2025-12-29,14.69,15.08,13.99,14.2,85.88,150.47,
2025-12-30,14.43,14.62,14.04,14.33,87.13,148.33,148.33884354929575
2025-12-31,14.77,15.17,14.38,14.95,92.67,148.7,148.7139229950482
2026-01-02,14.85,15.42,14.46,14.51,90.1,141.86,141.77806329297334
2026-01-05,15.14,15.27,14.65,14.9,90.51,142.45,142.37529710058257
2026-01-06,15.0,15.21,14.63,14.75,89.01,146.23,146.22400258084272
2026-01-07,14.95,15.48,14.83,15.38,91.86,143.57,143.4695023496768
2026-01-08,15.69,15.85,15.15,15.45,89.85,147.08,146.95680227535433
2026-01-09,15.68,15.81,14.43,14.49,88.19,146.04,145.92138712749076
2026-01-12,16.06,16.66,15.03,15.12,93.13,149.75,146.0921982385665
2026-01-13,15.36,16.5,14.75,15.98,101.07,151.6,145.954219711551
2026-01-14,16.33,18.1,16.22,16.75,104.85,152.52,147.7546843669726
2026-01-15,16.52,16.54,15.3,15.84,100.9,151.57,146.59503873380973
2026-01-16,15.44,16.29,15.3,15.86,102.05,153.59,
2026-01-19,18.63,19.59,18.28,18.84,,,
2026-01-20,19.94,20.99,18.64,20.09,117.05,154.96,
2026-01-21,19.31,20.81,16.67,16.9,102.57,144.41,144.295719536973
2026-01-22,16.65,16.67,15.27,15.64,96.12,141.31,141.2421462438836
2026-01-23,15.68,16.21,15.3,16.09,101.83,144.02,143.96994911872528
2026-01-26,16.9,17.39,15.8,16.15,99.75,148.1,148.02685428915768
2026-01-27,16.02,16.37,15.74,16.35,101.26,147.25,147.17450342083214
2026-01-28,16.09,17.18,16.05,16.35,100.46,144.98,144.88471695336
2026-01-29,16.04,19.74,16.02,16.88,101.76,143.74,143.65759762372772
2026-01-30,18.72,19.27,16.67,17.44,108.18,143.65,143.56578254616554
2026-02-02,19.95,19.96,16.08,16.34,98.77,146.56,146.4884818850177
2026-02-03,16.16,20.37,16.05,18.0,103.82,143.85,143.75327176060918
2026-02-04,17.63,21.24,17.47,18.64,106.16,143.16,143.0149053564635
2026-02-05,19.24,23.1,19.06,21.77,117.07,137.16,137.04172814961674
2026-02-06,21.24,21.49,17.27,17.76,100.99,140.31,140.11964377882256
2026-02-09,17.95,19.2,16.9,17.36,98.6,145.23,145.03921461574055
2026-02-10,17.47,17.97,17.14,17.79,100.81,145.71,145.507554824441
2026-02-11,17.87,18.96,16.75,17.65,102.15,143.78,143.59751140013776
2026-02-12,17.44,21.21,17.08,20.82,112.3,142.5,142.39951847591178
2026-02-13,21.48,22.4,18.92,20.6,115.52,139.35,139.2351592184785
2026-02-16,20.73,21.62,20.37,21.2,,,
2026-02-17,21.74,22.96,19.76,20.29,107.09,140.28,140.1437709646575
2026-02-18,19.78,20.34,18.48,19.62,108.69,139.17,139.008125316269
2026-02-19,19.34,21.11,19.23,20.23,111.67,141.19,141.02938524382776
2026-02-20,20.04,21.21,18.76,19.09,108.71,145.52,145.35665547911057
2026-02-23,20.49,22.04,19.5,21.01,115.66,141.43,141.26818306629627
2026-02-24,21.24,22.08,19.23,19.55,108.61,141.94,141.78164818983808
2026-02-25,19.59,19.62,17.86,17.93,103.98,146.05,145.87218909304576
2026-02-26,18.07,20.54,17.5,18.63,104.15,146.57,146.36571025163428
2026-02-27,19.28,21.74,18.77,19.86,110.89,146.67,146.48540998916891
2026-03-02,24.66,25.24,20.37,21.44,113.44,151.78,151.61244908051614
2026-03-03,24.57,28.15,22.18,23.57,116.02,152.83,152.73752491466163
2026-03-04,24.39,24.87,20.4,21.15,106.94,152.87,152.6936047096045
2026-03-05,22.11,25.84,20.55,23.75,115.93,153.95,153.8606061604004
2026-03-06,23.2,29.93,22.92,29.49,140.44,151.8,151.72132825271885
2026-03-09,35.12,35.3,24.76,25.5,122.6,157.98,157.91131146929138
2026-03-10,24.39,26.01,22.19,24.93,125.36,154.46,154.312992122716
2026-03-11,24.9,26.23,23.75,24.23,122.49,152.44,152.26643039342724
2026-03-12,25.48,27.33,24.6,27.29,130.18,139.94,139.8875369922935
2026-03-13,27.85,28.47,24.67,27.19,131.05,137.76,137.65438485722018
2026-03-16,25.88,26.42,23.23,23.51,116.78,141.49,141.1528852453525
2026-03-17,24.56,24.58,21.87,22.37,110.55,145.04,144.4042195479735
2026-03-18,21.51,25.13,21.47,25.09,126.5,136.54,136.393996340803
2026-03-19,25.6,27.52,23.54,24.06,118.09,138.26,138.09170282860305
2026-03-20,24.46,29.28,23.68,26.78,126.28,139.12,138.94086111339442
2026-03-23,30.04,31.04,20.28,26.15,122.82,142.02,141.89084593893284
2026-03-24,25.91,27.94,25.64,26.95,124.14,142.63,142.51273907091328
2026-03-25,25.79,26.67,24.82,25.33,119.37,140.88,140.80917983714525
2026-03-26,26.49,28.49,26.12,27.44,124.43,143.99,143.87623998803215
2026-03-27,27.54,31.65,27.54,31.05,133.18,139.0,138.85548586759683
2026-03-30,30.79,31.52,29.33,30.61,127.84,142.23,142.12324881180928
2026-03-31,29.53,29.64,25.08,25.25,116.05,145.45,145.29184952342104
2026-04-01,24.3,25.35,23.5,24.54,114.83,143.77,143.63512280499998
2026-04-02,26.78,27.89,23.87,23.87,115.33,146.95,146.7697946668621
2026-04-06,24.93,25.3,23.78,24.17,113.53,147.6,147.41578534217592
2026-04-07,25.09,28.0,24.34,25.78,117.3,148.45,148.23873527829784
2026-04-08,20.97,22.17,19.91,21.04,111.07,150.36,150.06928336312052
2026-04-09,21.25,21.63,19.45,19.49,105.37,143.27,143.0648769849936
2026-04-10,19.71,20.28,18.83,19.23,107.3,144.18,143.965406747716
2026-04-13,21.17,21.58,18.96,19.12,102.63,156.93,155.23488466124064
2026-04-14,18.73,18.76,17.89,18.36,95.4,149.94,149.32974450456314
2026-04-15,18.18,18.5,17.4,18.17,97.65,139.23,139.083056003083
2026-04-16,18.04,19.09,17.76,17.94,96.8,140.74,140.60721277858988
2026-04-17,18.18,18.24,16.87,17.48,95.13,141.82,141.6787944703101
2026-04-20,19.58,19.99,18.77,18.87,98.15,141.9,141.7558554452746
2026-04-21,19.18,20.85,18.75,19.5,101.89,140.91,140.71181197697152
2026-04-22,19.03,19.54,18.68,18.92,98.73,140.84,140.67959156281535
2026-04-23,19.42,21.56,18.7,19.31,98.57,139.59,139.40280773214113
2026-04-24,18.89,19.35,18.46,18.71,97.18,139.08,138.88771931212793
2026-04-27,19.21,19.27,18.02,18.02,93.86,139.64,139.43557119287928
2026-04-28,18.3,19.43,17.78,17.83,91.03,138.16,137.96446942171343
2026-04-29,17.83,19.0,17.81,18.81,96.02,141.88,141.6780247564806
2026-04-30,18.68,18.73,16.87,16.89,93.7,143.33,143.138478546405
2026-05-01,17.01,17.39,16.44,16.99,95.17,141.38,141.19679090227507
2026-05-04,17.38,19.08,17.15,18.29,98.29,141.74,141.55911898030394
2026-05-05,17.95,18.02,17.2,17.38,95.26,138.74,138.60875257598389
2026-05-06,17.15,17.46,16.18,17.39,93.7,135.42,135.2962079298448
2026-05-07,17.53,17.6,16.85,17.08,93.61,136.11,135.994392806751
2026-05-08,17.37,17.53,16.82,17.19,96.78,138.21,138.09571115509527
2026-05-11,18.21,18.47,17.9,18.38,98.06,140.21,139.33225328816172
2026-05-12,18.77,19.1,17.92,17.99,98.55,139.41,138.44187992713745
2026-05-13,17.98,18.4,17.76,17.87,98.36,141.51,140.71462931590295
2026-05-14,17.86,18.08,17.2,17.26,94.26,139.32,139.41198628249614
2026-05-15,18.07,19.27,17.8,18.43,92.94,145.77,
2026-05-18,19.25,19.44,17.7,17.82,91.18,138.4,
2026-05-19,18.01,18.36,17.66,18.06,94.61,135.5,135.317295053824
2026-05-20,18.17,18.18,17.13,17.44,96.45,132.31,132.15656643322666
2026-05-21,17.58,17.87,16.6,16.76,91.88,136.96,136.76985364755456
2026-05-22,16.83,17.39,16.46,16.7,91.16,137.39,137.2160475897514
2026-05-25,16.81,16.87,16.53,16.59,,,
2026-05-26,16.92,17.23,16.56,17.01,89.55,139.04,138.89413887881207
2026-05-27,17.01,17.18,16.29,16.29,87.53,138.57,138.48447768343974
2026-05-28,16.76,16.85,15.61,15.74,86.03,139.52,139.43643752652173
2026-05-29,15.81,15.88,15.22,15.32,86.06,144.18,144.13420096305958
2026-06-01,15.88,16.34,15.71,16.05,91.6,142.46,142.41662387909417
2026-06-02,16.28,16.29,15.71,15.77,90.53,143.24,143.19192071130215
2026-06-03,15.97,16.63,15.94,16.06,89.8,136.86,136.71546490432212
2026-06-04,16.33,16.8,15.18,15.4,85.75,142.15,142.11394517888618
2026-06-05,15.87,21.57,15.56,21.51,102.04,152.25,152.29545327486193
2026-06-08,20.29,20.35,17.94,18.92,92.4,145.0,144.97423138772663
2026-06-09,18.19,23.34,17.52,19.87,95.81,141.97,141.96603837330053
2026-06-10,20.1,22.66,20.06,22.22,108.16,143.08,143.03269089266746
2026-06-11,21.25,22.59,19.36,19.44,100.63,142.98,142.955956303173
2026-06-12,19.51,19.85,17.59,17.68,93.82,142.6,145.23803677813117
2026-06-15,16.78,16.85,15.98,16.2,87.58,144.32,144.32994724395894
2026-06-16,16.2,16.44,15.77,16.41,87.69,142.66,142.49128229173044
2026-06-17,16.08,18.84,16.02,18.44,94.53,142.62,142.568214627379
2026-06-18,17.23,17.6,16.35,16.4,88.43,146.72,146.6866394659595
2026-06-19,17.04,17.27,16.72,16.78,,,
2026-06-22,17.48,17.92,16.49,17.28,91.72,141.85,141.77769103534442
2026-06-23,19.67,20.54,18.61,19.49,99.5,143.14,143.0787419557689
2026-06-24,19.13,20.34,18.04,18.63,95.58,145.3,145.227912884357
2026-06-25,18.11,19.95,17.72,18.89,91.19,139.89,139.85067801337024
2026-06-26,19.7,20.72,18.2,18.41,89.02,139.4,139.34201894282577
2026-06-29,18.6,19.45,17.49,17.65,88.71,144.46,144.4249122663061
2026-06-30,17.54,17.75,16.27,16.45,86.87,149.6,149.50414711966428
2026-07-01,17.11,17.3,15.97,16.59,89.04,154.82,154.788404259934
2026-07-02,17.05,17.21,15.79,16.15,88.8,150.02,149.94709977038386
2026-07-03,15.78,16.01,15.75,15.81,,,
2026-07-06,16.4,16.5,15.56,15.57,87.09,145.38,145.31309847432888
2026-07-07,15.87,16.64,15.53,16.13,87.9,145.74,145.6606919048717
2026-07-08,16.55,18.91,16.35,16.9,91.38,149.79,149.6707161450826
2026-07-09,16.58,17.27,15.76,15.84,88.78,144.67,144.56402808604258
2026-07-10,16.06,16.16,14.96,15.03,87.28,144.27,144.15554688326392
2026-07-13,16.32,17.41,16.03,17.16,95.28,145.69,140.8149155363345
2026-07-14,17.21,17.56,16.15,16.5,93.53,145.13,142.77273374838524
2026-07-15,16.2,16.57,15.64,15.67,91.85,148.51,144.46105240828422
2026-07-16,15.82,17.23,15.77,16.73,97.31,145.72,143.9589795932842
2026-07-17,18.01,19.5,17.68,18.77,104.87,147.28,
2026-07-20,18.9,18.94,17.41,18.65,102.82,146.05,
2026-07-21,17.48,17.99,16.86,17.05,96.34,151.66,
2026-07-22,17.42,19.49,16.64,16.64,95.55,150.19,150.196187479554
2026-07-23,17.67,20.31,17.32,18.7,102.17,145.95,145.9136937126209
2026-07-24,18.96,19.05,17.41,18.58,100.73,147.28,147.2478353945073
2026-07-27,17.62,19.93,17.53,18.67,100.91,146.6,146.52522578045767
2026-07-28,19.05,19.52,17.88,18.21,98.51,142.98,142.84618440050895
2026-07-29,18.27,20.88,17.45,20.66,109.47,139.55,139.44151273726925
2026-07-30,19.56,20.08,17.0,17.09,94.66,139.9,139.8161591163453
2026-07-31,16.82,18.7,15.82,15.99,91.64,141.23,141.17671500044247
2026-08-03,16.03,16.3,15.54,15.86,90.81,139.96,139.8566752403573
2026-08-04,15.76,16.65,15.51,16.5,92.57,126.41,126.20927193597015
2026-08-05,16.15,18.43,15.48,15.81,90.43,133.32,133.15185030405098
2026-08-06,15.83,16.03,15.11,15.15,88.72,134.73,134.5937257528198
2026-08-07,15.3,15.36,14.77,14.9,90.42,132.57,132.412167568546
2026-08-10,15.4,15.72,15.1,15.46,92.51,137.13,136.93117980416667
2026-08-11,15.42,15.61,15.23,15.28,90.9,135.59,135.39529991152472
2026-08-12,15.28,15.42,14.39,14.55,88.5,136.54,136.35660687883575
2026-08-13,14.68,14.8,14.39,14.63,89.42,134.37,134.1686322935233
2026-08-14,14.64,14.72,14.18,14.25,87.48,138.36,138.22469286274165
2026-08-17,14.98,15.47,14.89,15.19,93.92,142.91,142.2152817648171
2026-08-18,15.81,16.09,15.6,15.84,92.87,143.6,143.39245635296191
2026-08-19,15.92,15.95,14.77,14.89,86.53,142.93,142.823553900583
